wavelength_um,snr
1.204999999999999849e+00,1.111395347300389780e+01
1.205016434648105150e+00,1.111649276748497783e+01
1.205032869296210229e+00,1.112069310408032230e+01
1.205049303944315309e+00,1.112550949682320045e+01
1.205065738592420610e+00,1.112986708942834468e+01
1.205082173240525911e+00,1.113307561137901835e+01
1.205098607888630990e+00,1.113628469508977226e+01
1.205115042536736292e+00,1.113773747741577402e+01
1.205131477184841371e+00,1.113885934280078871e+01
1.205147911832946450e+00,1.113997822958686079e+01
1.205164346481051751e+00,1.114109260451891181e+01
1.205180781129156831e+00,1.114220696001003574e+01
1.205197215777262132e+00,1.114284854754309428e+01
1.205213650425367211e+00,1.114346664449073643e+01
1.205230085073472290e+00,1.114339205004918476e+01
1.205246519721577592e+00,1.114264777522759609e+01
1.205262954369682893e+00,1.114197391804928117e+01
1.205279389017787972e+00,1.114233637177132330e+01
1.205295823665893273e+00,1.114269858444984429e+01
1.205312258313998353e+00,1.114431716450675935e+01
1.205328692962103432e+00,1.114670758083947710e+01
1.205345127610208733e+00,1.114805555065325571e+01
1.205361562258313812e+00,1.114448376111713657e+01
1.205377996906419114e+00,1.114091045637707289e+01
1.205394431554524415e+00,1.114166980462897527e+01
1.205410866202629494e+00,1.114403067140119141e+01
1.205427300850734573e+00,1.114698127687304918e+01
1.205443735498839875e+00,1.115140817192905409e+01
1.205460170146944954e+00,1.115583594044775495e+01
1.205476604795050255e+00,1.115571127218281156e+01
1.205493039443155334e+00,1.115472218230545920e+01
1.205509474091260413e+00,1.115444988629777079e+01
1.205525908739365715e+00,1.115527357155635535e+01
1.205542343387470794e+00,1.115609715272294977e+01
1.205558778035576095e+00,1.116198623275562696e+01
1.205575212683681174e+00,1.116814040129503027e+01
1.205591647331786476e+00,1.117228258325293488e+01
1.205608081979891555e+00,1.117445517001730870e+01
1.205624516627996856e+00,1.117657651311476741e+01
1.205640951276101935e+00,1.117789301710779704e+01
1.205657385924207015e+00,1.117920955965879060e+01
1.205673820572312316e+00,1.118018662147550835e+01
1.205690255220417395e+00,1.118095095279387863e+01
1.205706689868522696e+00,1.118154814591445501e+01
1.205723124516627998e+00,1.118132678308686501e+01
1.205739559164733077e+00,1.118110500242629080e+01
1.205755993812838156e+00,1.118093893215082346e+01
1.205772428460943457e+00,1.118079385396235992e+01
1.205788863109048537e+00,1.118174348646140182e+01
1.205805297757153838e+00,1.118552956987012514e+01
1.205821732405258917e+00,1.118931636311739908e+01
1.205838167053363996e+00,1.119122369842481923e+01
1.205854601701469297e+00,1.119275408155068163e+01
1.205871036349574599e+00,1.119324925272757376e+01
1.205887470997679678e+00,1.119210579389215710e+01
1.205903905645784979e+00,1.119096162986140897e+01
1.205920340293890058e+00,1.119378354088125072e+01
1.205936774941995138e+00,1.119685266623314313e+01
1.205953209590100439e+00,1.119876035315805218e+01
1.205969644238205518e+00,1.119948535782094901e+01
1.205986078886310819e+00,1.120016443110716153e+01
1.206002513534415899e+00,1.119996650347456502e+01
1.206018948182521200e+00,1.119976816549777077e+01
1.206035382830626279e+00,1.120205317889844920e+01
1.206051817478731580e+00,1.120596949393663522e+01
1.206068252126836660e+00,1.120955962081431068e+01
1.206084686774941961e+00,1.121140188801574133e+01
1.206101121423047040e+00,1.121324434247430801e+01
1.206117556071152119e+00,1.121468101896211955e+01
1.206133990719257421e+00,1.121595302637175529e+01
1.206150425367362500e+00,1.121720554931120795e+01
1.206166860015467801e+00,1.121840399212605455e+01
1.206183294663573102e+00,1.121960243907850696e+01
1.206199729311678182e+00,1.122044710855291427e+01
1.206216163959783261e+00,1.122121333193764059e+01
1.206232598607888562e+00,1.122221452024219879e+01
1.206249033255993641e+00,1.122352454296042268e+01
1.206265467904098942e+00,1.122483453575796375e+01
1.206281902552204022e+00,1.122603380006614593e+01
1.206298337200309101e+00,1.122722411531981557e+01
1.206314771848414402e+00,1.122921261180557551e+01
1.206331206496519703e+00,1.123206894584353854e+01
1.206347641144624783e+00,1.123486757214199372e+01
1.206364075792730084e+00,1.123593317293448912e+01
1.206380510440835163e+00,1.123699865448775270e+01
1.206396945088940242e+00,1.123648292746648814e+01
1.206413379737045544e+00,1.123484823431306268e+01
1.206429814385150623e+00,1.123400219952381818e+01
1.206446249033255924e+00,1.123816150456649510e+01
1.206462683681361003e+00,1.124232936798222937e+01
1.206479118329466083e+00,1.124569226510872433e+01
1.206495552977571384e+00,1.124869713974523222e+01
1.206511987625676685e+00,1.124988325513497855e+01
1.206528422273781764e+00,1.124546177792309898e+01
1.206544856921887066e+00,1.124103784048402765e+01
1.206561291569992145e+00,1.123976852891339107e+01
1.206577726218097224e+00,1.123929783614216582e+01
1.206594160866202525e+00,1.124222992432704515e+01
1.206610595514307605e+00,1.125146289013324363e+01
1.206627030162412906e+00,1.126069845561360516e+01
1.206643464810518207e+00,1.126396976142524053e+01
1.206659899458623286e+00,1.126660435982607211e+01
1.206676334106728365e+00,1.126760162583002689e+01
1.206692768754833667e+00,1.126664587136009388e+01
1.206709203402938746e+00,1.126573317209060043e+01
1.206725638051044047e+00,1.126978550110088051e+01
1.206742072699149126e+00,1.127383878153547769e+01
1.206758507347254206e+00,1.127718964086697540e+01
1.206774941995359507e+00,1.127999130396791827e+01
1.206791376643464586e+00,1.128256536226195728e+01
1.206807811291569887e+00,1.128336140584410430e+01
1.206824245939675189e+00,1.128415719523371585e+01
1.206840680587780268e+00,1.128591320579289636e+01
1.206857115235885347e+00,1.128815095322423012e+01
1.206873549883990648e+00,1.128995674861729270e+01
1.206889984532095728e+00,1.129021467245033072e+01
1.206906419180201029e+00,1.129047213031907049e+01
1.206922853828306108e+00,1.129115092197289449e+01
1.206939288476411187e+00,1.129195507762693396e+01
1.206955723124516489e+00,1.129357143808198138e+01
1.206972157772621790e+00,1.129689403092171673e+01
1.206988592420726869e+00,1.130021731509893534e+01
1.207005027068832170e+00,1.130211754610098573e+01
1.207021461716937250e+00,1.130381380681313708e+01
1.207037896365042329e+00,1.130324813924102756e+01
1.207054331013147630e+00,1.129964009287821902e+01
1.207070765661252709e+00,1.129602995511880970e+01
1.207087200309358010e+00,1.130158287582339582e+01
1.207103634957463090e+00,1.130733924299078375e+01
1.207120069605568391e+00,1.131005559654020587e+01
1.207136504253673470e+00,1.131007680075204469e+01
1.207152938901778771e+00,1.131011134830506926e+01
1.207169373549883851e+00,1.131030124211043564e+01
1.207185808197989152e+00,1.131049064311916830e+01
1.207202242846094231e+00,1.131276668291482146e+01
1.207218677494199310e+00,1.131625055847722550e+01
1.207235112142304612e+00,1.131915562620436155e+01
1.207251546790409691e+00,1.131950832139758134e+01
1.207267981438514992e+00,1.131986058816815799e+01
1.207284416086620293e+00,1.132359139028270256e+01
1.207300850734725373e+00,1.132853213857783992e+01
1.207317285382830452e+00,1.133143418324856988e+01
1.207333720030935753e+00,1.132928982397987383e+01
1.207350154679040832e+00,1.132714401130125204e+01
1.207366589327146134e+00,1.133157067957153785e+01
1.207383023975251213e+00,1.133725860751839498e+01
1.207399458623356292e+00,1.134020322092282917e+01
1.207415893271461593e+00,1.133886104641339010e+01
1.207432327919566895e+00,1.133751775622364200e+01
1.207448762567671974e+00,1.134295664131729353e+01
1.207465197215777275e+00,1.134881878884040773e+01
1.207481631863882354e+00,1.135173211171430907e+01
1.207498066511987433e+00,1.135160571789397466e+01
1.207514501160092735e+00,1.135168265281489930e+01
1.207530935808197814e+00,1.135624929993157295e+01
1.207547370456303115e+00,1.136081707076297320e+01
1.207563805104408194e+00,1.136124650910185530e+01
1.207580239752513496e+00,1.135884983203114729e+01
1.207596674400618575e+00,1.135757689549082095e+01
1.207613109048723876e+00,1.136293175193678806e+01
1.207629543696828955e+00,1.136828799748704633e+01
1.207645978344934257e+00,1.137128707636700220e+01
1.207662412993039336e+00,1.137325571223940024e+01
1.207678847641144415e+00,1.137524080226896217e+01
1.207695282289249716e+00,1.137727580205629785e+01
1.207711716937354796e+00,1.137931101829810032e+01
1.207728151585459875e+00,1.138119255623277404e+01
1.207744586233565398e+00,1.138303506511452667e+01
1.207761020881670477e+00,1.138526473548531115e+01
1.207777455529775557e+00,1.138822136431769749e+01
1.207793890177880858e+00,1.139117854806462837e+01
1.207810324825985937e+00,1.139284403374374399e+01
1.207826759474091016e+00,1.139436264143714261e+01
1.207843194122196318e+00,1.139568487737938796e+01
1.207859628770301397e+00,1.139676523128904151e+01
1.207876063418406698e+00,1.139784543894512581e+01
1.207892498066511999e+00,1.139563638243855337e+01
1.207908932714617078e+00,1.139342071718324156e+01
1.207925367362722158e+00,1.139517666920758998e+01
1.207941802010827459e+00,1.140020297806435146e+01
1.207958236658932538e+00,1.140496012448390140e+01
1.207974671307037839e+00,1.140724770116524844e+01
1.207991105955142919e+00,1.140953558710300975e+01
1.208007540603247998e+00,1.140804329674666562e+01
1.208023975251353299e+00,1.140450121421514851e+01
1.208040409899458378e+00,1.140124843151861533e+01
1.208056844547563680e+00,1.139917013059779549e+01
1.208073279195668981e+00,1.139709040641866800e+01
1.208089713843774060e+00,1.140118502498836150e+01
1.208106148491879139e+00,1.140735766996890277e+01
1.208122583139984441e+00,1.141272083852257602e+01
1.208139017788089520e+00,1.141617517921499925e+01
1.208155452436194821e+00,1.141963025186536029e+01
1.208171887084299900e+00,1.141862036142556924e+01
1.208188321732404980e+00,1.141680716094878001e+01
1.208204756380510281e+00,1.141689199586052439e+01
1.208221191028615582e+00,1.141985819080612963e+01
1.208237625676720661e+00,1.142282494263953829e+01
1.208254060324825963e+00,1.143086590232647204e+01
1.208270494972931042e+00,1.143919421392246072e+01
1.208286929621036121e+00,1.144446834640532806e+01
1.208303364269141422e+00,1.144663976232768476e+01
1.208319798917246501e+00,1.144875627889421921e+01
1.208336233565351803e+00,1.144971581558820262e+01
1.208352668213456882e+00,1.145067515829979854e+01
1.208369102861562183e+00,1.145078402237667525e+01
1.208385537509667262e+00,1.145031292842772253e+01
1.208401972157772564e+00,1.144955302910520700e+01
1.208418406805877643e+00,1.144707840588596248e+01
1.208434841453982944e+00,1.144460219099301668e+01
1.208451276102088023e+00,1.144852648823132313e+01
1.208467710750193103e+00,1.145528832452635370e+01
1.208484145398298404e+00,1.146143316635478904e+01
1.208500580046403483e+00,1.146564113919326289e+01
1.208517014694508784e+00,1.146985010521138904e+01
1.208533449342614086e+00,1.147150734364785940e+01
1.208549883990719165e+00,1.147248966996499675e+01
1.208566318638824244e+00,1.147376188695522892e+01
1.208582753286929545e+00,1.147559785768739005e+01
1.208599187935034625e+00,1.147743396709870289e+01
1.208615622583139926e+00,1.147984215871934310e+01
1.208632057231245005e+00,1.148232247127619488e+01
1.208648491879350084e+00,1.148452876455625749e+01
1.208664926527455385e+00,1.148638201166446926e+01
1.208681361175560687e+00,1.148823540354774408e+01
1.208697795823665766e+00,1.149014975368133484e+01
1.208714230471771067e+00,1.149206514919153399e+01
1.208730665119876146e+00,1.149261431712444548e+01
1.208747099767981226e+00,1.149197195380357428e+01
1.208763534416086527e+00,1.149149720944931374e+01
1.208779969064191606e+00,1.149289006002987890e+01
1.208796403712296907e+00,1.149681126063790693e+01
1.208812838360401987e+00,1.150561607490138982e+01
1.208829273008507288e+00,1.151542458042190376e+01
1.208845707656612367e+00,1.152437226795058045e+01
1.208862142304717668e+00,1.152936446755709099e+01
1.208878576952822748e+00,1.153435389909742348e+01
1.208895011600928049e+00,1.154101199663840482e+01
1.208911446249033128e+00,1.154829598649303435e+01
1.208927880897138207e+00,1.155618401506213822e+01
1.208944315545243509e+00,1.156566079980764172e+01
1.208960750193348588e+00,1.157514078327357865e+01
1.208977184841453889e+00,1.158403310322588986e+01
1.208993619489559190e+00,1.159280123183434164e+01
1.209010054137664270e+00,1.159974508866818965e+01
1.209026488785769349e+00,1.160359712328946280e+01
1.209042923433874650e+00,1.160744484852359371e+01
1.209059358081979729e+00,1.161122504503494923e+01
1.209075792730085031e+00,1.161499529784505569e+01
1.209092227378190110e+00,1.162010239294419911e+01
1.209108662026295189e+00,1.162673745100369871e+01
1.209125096674400490e+00,1.163342369422455391e+01
1.209141531322505791e+00,1.164353440580386057e+01
1.209157965970610871e+00,1.165364911482787136e+01
1.209174400618716172e+00,1.166536112865606967e+01
1.209190835266821251e+00,1.167831913891938633e+01
1.209207269914926330e+00,1.169061563057959141e+01
1.209223704563031632e+00,1.169750209382002026e+01
1.209240139211136711e+00,1.170438833202237205e+01
1.209256573859242012e+00,1.171023147041066714e+01
1.209273008507347091e+00,1.171552940145929789e+01
1.209289443155452171e+00,1.172144860164863012e+01
1.209305877803557472e+00,1.172978891229538689e+01
1.209322312451662773e+00,1.173813090248687452e+01
1.209338747099767852e+00,1.174651930018063517e+01
1.209355181747873154e+00,1.175492418498769354e+01
1.209371616395978233e+00,1.176247918248400026e+01
1.209388051044083312e+00,1.176803999365087527e+01
1.209404485692188613e+00,1.177359882593477991e+01
1.209420920340293693e+00,1.178209493185108947e+01
1.209437354988398994e+00,1.179112638374575539e+01
1.209453789636504295e+00,1.179983233530104414e+01
1.209470224284609374e+00,1.180803440980259289e+01
1.209486658932714453e+00,1.181623796793318171e+01
1.209503093580819755e+00,1.182477315335240320e+01
1.209519528228924834e+00,1.183333117545996771e+01
1.209535962877030135e+00,1.184141945900758053e+01
1.209552397525135214e+00,1.184901252132311633e+01
1.209568832173240294e+00,1.185656364949787367e+01
1.209585266821345595e+00,1.186290683429994175e+01
1.209601701469450674e+00,1.186924907319215983e+01
1.209618136117555975e+00,1.187711052916432486e+01
1.209634570765661277e+00,1.188607094804887332e+01
1.209651005413766356e+00,1.189487570948298867e+01
1.209667440061871435e+00,1.190259953280166272e+01
1.209683874709976736e+00,1.191032420378556012e+01
1.209700309358081816e+00,1.191758160740387495e+01
1.209716744006187117e+00,1.192461271411982615e+01
1.209733178654292196e+00,1.193175920065257500e+01
1.209749613302397275e+00,1.193931414196004503e+01
1.209766047950502577e+00,1.194686970883897459e+01
1.209782482598607878e+00,1.195433039319104296e+01
1.209798917246712957e+00,1.196176252012724639e+01
1.209815351894818258e+00,1.196880238541935704e+01
1.209831786542923338e+00,1.197498035232474223e+01
1.209848221191028417e+00,1.198115715785298363e+01
1.209864655839133718e+00,1.198345401866218651e+01
1.209881090487238797e+00,1.198510952640941873e+01
1.209897525135344099e+00,1.199144153162206372e+01
1.209913959783449178e+00,1.200464367812918454e+01
1.209930394431554479e+00,1.201785350012333353e+01
1.209946829079659558e+00,1.202607839283786539e+01
1.209963263727764859e+00,1.203405061722620317e+01
1.209979698375869939e+00,1.204266739741110825e+01
1.209996133023975240e+00,1.205193640470722549e+01
1.210012567672080319e+00,1.206113939948951419e+01
1.210029002320185398e+00,1.206882855901032059e+01
1.210045436968290700e+00,1.207651849960699941e+01
1.210061871616395779e+00,1.208392358873379635e+01
1.210078306264501080e+00,1.209112983486839887e+01
1.210094740912606159e+00,1.209839707682622567e+01
1.210111175560711461e+00,1.210605475425990640e+01
1.210127610208816540e+00,1.211371316822080324e+01
1.210144044856921841e+00,1.211906548851775511e+01
1.210160479505026920e+00,1.212333241762719993e+01
1.210176914153132000e+00,1.212790034303209730e+01
1.210193348801237301e+00,1.213350797491377975e+01
1.210209783449342380e+00,1.213911371478788404e+01
1.210226218097447681e+00,1.214936560866265225e+01
1.210242652745552983e+00,1.216099764305308639e+01
1.210259087393658062e+00,1.217047211026395281e+01
1.210275522041763141e+00,1.217528782935051979e+01
1.210291956689868442e+00,1.218010062775401536e+01
1.210308391337973521e+00,1.219027222489921236e+01
1.210324825986078823e+00,1.220130365269393025e+01
1.210341260634183902e+00,1.221077426000316812e+01
1.210357695282288981e+00,1.221797129141450888e+01
1.210374129930394282e+00,1.222516846268008273e+01
1.210390564578499584e+00,1.223020251524311064e+01
1.210406999226604663e+00,1.223512664998173882e+01
1.210423433874709964e+00,1.224143519001781932e+01
1.210439868522815043e+00,1.224914282089892481e+01
1.210456303170920123e+00,1.225688875733192518e+01
1.210472737819025424e+00,1.226547418570211967e+01
1.210489172467130503e+00,1.227406149841404215e+01
1.210505607115235804e+00,1.228218854289954187e+01
1.210522041763340884e+00,1.228999258845244746e+01
1.210538476411445963e+00,1.229721013748975977e+01
1.210554911059551264e+00,1.230058328439058890e+01
1.210571345707656565e+00,1.230395165281350955e+01
1.210587780355761645e+00,1.231419357819431148e+01
1.210604215003866946e+00,1.232771744417448012e+01
1.210620649651972025e+00,1.233975000902625929e+01
1.210637084300077104e+00,1.234653187681714037e+01
1.210653518948182406e+00,1.235331335028611655e+01
1.210669953596287485e+00,1.236117435738575843e+01
1.210686388244392786e+00,1.236936534831953871e+01
1.210702822892498087e+00,1.237759379747608968e+01
1.210719257540603166e+00,1.238590362245022369e+01
1.210735692188708246e+00,1.239421496222671948e+01
1.210752126836813547e+00,1.239989395514243675e+01
1.210768561484918626e+00,1.240512598833009150e+01
1.210784996133023927e+00,1.240942131184822728e+01
1.210801430781129007e+00,1.241230966993988893e+01
1.210817865429234086e+00,1.241519264711199710e+01
1.210834300077339387e+00,1.242598059604724980e+01
1.210850734725444466e+00,1.243724166078798632e+01
1.210867169373549768e+00,1.244650939955385738e+01
1.210883604021655069e+00,1.245368397772080193e+01
1.210900038669760148e+00,1.246091581531402426e+01
1.210916473317865227e+00,1.246985869154030624e+01
1.210932907965970529e+00,1.247880385047821505e+01
1.210949342614075608e+00,1.248591929700079994e+01
1.210965777262180909e+00,1.249168745882117015e+01
1.210982211910285988e+00,1.249804710754502501e+01
1.210998646558391068e+00,1.250874643110023321e+01
1.211015081206496369e+00,1.251945015734310473e+01
1.211031515854601670e+00,1.252644455917186228e+01
1.211047950502706749e+00,1.253155953958144231e+01
1.211064385150812051e+00,1.253774108258716247e+01
1.211080819798917130e+00,1.254799650439620073e+01
1.211097254447022209e+00,1.255825578081695326e+01
1.211113689095127510e+00,1.256669992238290945e+01
1.211130123743232589e+00,1.257454413684001615e+01
1.211146558391337891e+00,1.258108698782137758e+01
1.211162993039442970e+00,1.258451782657216889e+01
1.211179427687548271e+00,1.258794402634544163e+01
1.211195862335653350e+00,1.259428206555137741e+01
1.211212296983758652e+00,1.260118024807553638e+01
1.211228731631863731e+00,1.260740571346611283e+01
1.211245166279969032e+00,1.261254222106144063e+01
1.211261600928074111e+00,1.261767627403714087e+01
1.211278035576179191e+00,1.262713491379731146e+01
1.211294470224284492e+00,1.263694485308216819e+01
1.211310904872389571e+00,1.264719138600886339e+01
1.211327339520494872e+00,1.265749646617199886e+01
1.211343774168600174e+00,1.266771157085319466e+01
1.211360208816705253e+00,1.267482539027646915e+01
1.211376643464810332e+00,1.268193929734225911e+01
1.211393078112915633e+00,1.268988752472104942e+01
1.211409512761020713e+00,1.269850575060915965e+01
1.211425947409126014e+00,1.270700545257353120e+01
1.211442382057231093e+00,1.271440009451925413e+01
1.211458816705336172e+00,1.272179514265800471e+01
1.211475251353441474e+00,1.272711326861154468e+01
1.211491686001546775e+00,1.273126581220620679e+01
1.211508120649651854e+00,1.273571167682929861e+01
1.211524555297757155e+00,1.274147172880326373e+01
1.211540989945862234e+00,1.274723030832253734e+01
1.211557424593967314e+00,1.275491597015739309e+01
1.211573859242072615e+00,1.276332795811179466e+01
1.211590293890177694e+00,1.277106637720839188e+01
1.211606728538282995e+00,1.277697384533614233e+01
1.211623163186388075e+00,1.278288001501551818e+01
1.211639597834493376e+00,1.278850962113513390e+01
1.211656032482598455e+00,1.279407386464060181e+01
1.211672467130703756e+00,1.280113497542110856e+01
1.211688901778808836e+00,1.281092556167369167e+01
1.211705336426914137e+00,1.282071924048842781e+01
1.211721771075019216e+00,1.283110530963824125e+01
1.211738205723124295e+00,1.284156281532638566e+01
1.211754640371229597e+00,1.285047740290248264e+01
1.211771075019334676e+00,1.285741960158030217e+01
1.211787509667439977e+00,1.286436168588280182e+01
1.211803944315545278e+00,1.286898643786880925e+01
1.211820378963650358e+00,1.287356524981093209e+01
1.211836813611755437e+00,1.287963769438972150e+01
1.211853248259860738e+00,1.288706956550444538e+01
1.211869682907965817e+00,1.289463029603251698e+01
1.211886117556071119e+00,1.290400951170814459e+01
1.211902552204176198e+00,1.291339134118217480e+01
1.211918986852281277e+00,1.292084233097137336e+01
1.211935421500386578e+00,1.292704700340875412e+01
1.211951856148491879e+00,1.293355967202897006e+01
1.211968290796596959e+00,1.294182263631389418e+01
1.211984725444702260e+00,1.295008696914014656e+01
1.212001160092807339e+00,1.295721082995107132e+01
1.212017594740912418e+00,1.296382602916003002e+01
1.212034029389017720e+00,1.297043969425463672e+01
1.212050464037122799e+00,1.297704943138788991e+01
1.212066898685228100e+00,1.298365867841548926e+01
1.212083333333333179e+00,1.298904372371409011e+01
1.212099767981438259e+00,1.299407233730600630e+01
1.212116202629543560e+00,1.299982831286640739e+01
1.212132637277648861e+00,1.300715543279500430e+01
1.212149071925753940e+00,1.301448287354896749e+01
1.212165506573859242e+00,1.302354149308770026e+01
1.212181941221964321e+00,1.303288744253737264e+01
1.212198375870069400e+00,1.304089115566161183e+01
1.212214810518174701e+00,1.304687864804705200e+01
1.212231245166279781e+00,1.305286494934052399e+01
1.212247679814384860e+00,1.305835986358704304e+01
1.212264114462490383e+00,1.306382254054047820e+01
1.212280549110595462e+00,1.306876915149356400e+01
1.212296983758700542e+00,1.307316221149444146e+01
1.212313418406805843e+00,1.307769838439156196e+01
1.212329853054910922e+00,1.308817741849299132e+01
1.212346287703016001e+00,1.309866022052113266e+01
1.212362722351121302e+00,1.310896517643945813e+01
1.212379156999226382e+00,1.311913389930058571e+01
1.212395591647331683e+00,1.312886186986483672e+01
1.212412026295436762e+00,1.313485314321361308e+01
1.212428460943542063e+00,1.314084323420010136e+01
1.212444895591647143e+00,1.314777921695099394e+01
1.212461330239752444e+00,1.315523161704537358e+01
1.212477764887857523e+00,1.316166645722586992e+01
1.212494199535962824e+00,1.316370495264178153e+01
1.212510634184067904e+00,1.316573773172022577e+01
1.212527068832172983e+00,1.317056444570034124e+01
1.212543503480278284e+00,1.317643032991144025e+01
1.212559938128383363e+00,1.318410991730211457e+01
1.212576372776488665e+00,1.319670799977059694e+01
1.212592807424593966e+00,1.320931204879364174e+01
1.212609242072699045e+00,1.321779081307166237e+01
1.212625676720804124e+00,1.322530346789132771e+01
1.212642111368909426e+00,1.323317174970371468e+01
1.212658546017014505e+00,1.324169828224346546e+01
1.212674980665119806e+00,1.325022643578462578e+01
1.212691415313224885e+00,1.325748507149120492e+01
1.212707849961329964e+00,1.326458893681516393e+01
1.212724284609435266e+00,1.327093750675855865e+01
1.212740719257540567e+00,1.327629081227809493e+01
1.212757153905645646e+00,1.328164223147412137e+01
1.212773588553750947e+00,1.329017554822450187e+01
1.212790023201856027e+00,1.329880182443044134e+01
1.212806457849961106e+00,1.330642843354717009e+01
1.212822892498066407e+00,1.331310193460666014e+01
1.212839327146171486e+00,1.331966688154171230e+01
1.212855761794276788e+00,1.332427931190433590e+01
1.212872196442381867e+00,1.332888902991450486e+01
1.212888631090487168e+00,1.333460407894832223e+01
1.212905065738592247e+00,1.334107984855461204e+01
1.212921500386697549e+00,1.334773238046811272e+01
1.212937935034802628e+00,1.335554540963717685e+01
1.212954369682907929e+00,1.336335927605927765e+01
1.212970804331013008e+00,1.337148666484964998e+01
1.212987238979118088e+00,1.337976758443757497e+01
1.213003673627223389e+00,1.338776662197046363e+01
1.213020108275328468e+00,1.339471548817829927e+01
1.213036542923433769e+00,1.340166424577730986e+01
1.213052977571539071e+00,1.340963715403204226e+01
1.213069412219644150e+00,1.341794884578548697e+01
1.213085846867749229e+00,1.342602843812722035e+01
1.213102281515854530e+00,1.343354208664762517e+01
1.213118716163959609e+00,1.344105623907071489e+01
1.213135150812064911e+00,1.344873012979902249e+01
1.213151585460169990e+00,1.345643701870901765e+01
1.213168020108275069e+00,1.346385619306446557e+01
1.213184454756380370e+00,1.347078609708807129e+01
1.213200889404485672e+00,1.347771586858078940e+01
1.213217324052590751e+00,1.348212601061142557e+01
1.213233758700696052e+00,1.348628475556458461e+01
1.213250193348801131e+00,1.349222212758947137e+01
1.213266627996906211e+00,1.350034057997850745e+01
1.213283062645011512e+00,1.350846018569155049e+01
1.213299497293116591e+00,1.351752140784938483e+01
1.213315931941221892e+00,1.352659540060025911e+01
1.213332366589326972e+00,1.353470978716358530e+01
1.213348801237432051e+00,1.354196510662568897e+01
1.213365235885537352e+00,1.354919690442462432e+01
1.213381670533642653e+00,1.355609868443353250e+01
1.213398105181747733e+00,1.356300030108980437e+01
1.213414539829853034e+00,1.356833033892979579e+01
1.213430974477958113e+00,1.357263688241319777e+01
1.213447409126063192e+00,1.357748534301824428e+01
1.213463843774168494e+00,1.358554458493687278e+01
1.213480278422273573e+00,1.359360490906389884e+01
1.213496713070378874e+00,1.360244421622553368e+01
1.213513147718484175e+00,1.361164512362065260e+01
1.213529582366589255e+00,1.362037227853896049e+01
1.213546017014694334e+00,1.362743842704199437e+01
1.213562451662799635e+00,1.363450458888671690e+01
1.213578886310904714e+00,1.364100798072207077e+01
1.213595320959010015e+00,1.364733426326283094e+01
1.213611755607115095e+00,1.365392155680254760e+01
1.213628190255220174e+00,1.366111967177158881e+01
1.213644624903325475e+00,1.366831794210387230e+01
1.213661059551430554e+00,1.367220749741495744e+01
1.213677494199535856e+00,1.367545595934254088e+01
1.213693928847641157e+00,1.368075086475038127e+01
1.213710363495746236e+00,1.368943522568462789e+01
1.213726798143851315e+00,1.369812131989770698e+01
1.213743232791956617e+00,1.370646822237146445e+01
1.213759667440061696e+00,1.371478493863063797e+01
1.213776102088166997e+00,1.371978690099363263e+01
1.213792536736272076e+00,1.372078919727760393e+01
1.213808971384377156e+00,1.372178481044198683e+01
1.213825406032482457e+00,1.373496463592233852e+01
1.213841840680587758e+00,1.374825225124819106e+01
1.213858275328692837e+00,1.375864484847443947e+01
1.213874709976798139e+00,1.376646533095999558e+01
1.213891144624903218e+00,1.377397775744745978e+01
1.213907579273008297e+00,1.377724718096891365e+01
1.213924013921113598e+00,1.378051248989375033e+01
1.213940448569218677e+00,1.378872848516456706e+01
1.213956883217323979e+00,1.380017107956657973e+01
1.213973317865429058e+00,1.381086921804460488e+01
1.213989752513534359e+00,1.381710600356510632e+01
1.214006187161639438e+00,1.382334191631815301e+01
1.214022621809744740e+00,1.382808552698121218e+01
1.214039056457849819e+00,1.383212917021090504e+01
1.214055491105955120e+00,1.383743545323582147e+01
1.214071925754060199e+00,1.384725195436969258e+01
1.214088360402165279e+00,1.385707133551698078e+01
1.214104795050270580e+00,1.386608007579120994e+01
1.214121229698375659e+00,1.387482932277755410e+01
1.214137664346480960e+00,1.388287595133824048e+01
1.214154098994586262e+00,1.388923398241891682e+01
1.214170533642691341e+00,1.389559127269788164e+01
1.214186968290796420e+00,1.389957906871705262e+01
1.214203402938901721e+00,1.390308430282360419e+01
1.214219837587006801e+00,1.390840146900185736e+01
1.214236272235112102e+00,1.391682160887645736e+01
1.214252706883217181e+00,1.392524317838457115e+01
1.214269141531322260e+00,1.393070316136290998e+01
1.214285576179427562e+00,1.393585534304078166e+01
1.214302010827532863e+00,1.394088320940215731e+01
1.214318445475637942e+00,1.394575546453731896e+01
1.214334880123743243e+00,1.395062540061229583e+01
1.214351314771848322e+00,1.396492471909857436e+01
1.214367749419953402e+00,1.397941623968866232e+01
1.214384184068058703e+00,1.399026933288813090e+01
1.214400618716163782e+00,1.399772948807663120e+01
1.214417053364269083e+00,1.400502063048640444e+01
1.214433488012374163e+00,1.400938717786028320e+01
1.214449922660479464e+00,1.401375086076955689e+01
1.214466357308584543e+00,1.401898080817145598e+01
1.214482791956689844e+00,1.402480904287971697e+01
1.214499226604794924e+00,1.403094070196248744e+01
1.214515661252900225e+00,1.403914049213336313e+01
1.214532095901005304e+00,1.404734147091806840e+01
1.214548530549110383e+00,1.405297840006970134e+01
1.214564965197215685e+00,1.405732175729259836e+01
1.214581399845320764e+00,1.406297384249769244e+01
1.214597834493425843e+00,1.407381436131967867e+01
1.214614269141531366e+00,1.408465873938793145e+01
1.214630703789636446e+00,1.409368465967982864e+01
1.214647138437741525e+00,1.410206655065528381e+01
1.214663573085846826e+00,1.410807400363350439e+01
1.214680007733951905e+00,1.410780681525395153e+01
1.214696442382056984e+00,1.410753167800679364e+01
1.214712877030162286e+00,1.411177533271160733e+01
1.214729311678267365e+00,1.411707002867614058e+01
1.214745746326372666e+00,1.412524432829588505e+01
1.214762180974477968e+00,1.413883248788866531e+01
1.214778615622583047e+00,1.415242716681821733e+01
1.214795050270688126e+00,1.415679464016534617e+01
1.214811484918793427e+00,1.415994336184144764e+01
1.214827919566898506e+00,1.416592789145461673e+01
1.214844354215003808e+00,1.417583706238040797e+01
1.214860788863108887e+00,1.418574913930561721e+01
1.214877223511213966e+00,1.419542674724707076e+01
1.214893658159319267e+00,1.420509607704851973e+01
1.214910092807424347e+00,1.421116518822951491e+01
1.214926527455529648e+00,1.421350935207515143e+01
1.214942962103634949e+00,1.421597029171907778e+01
1.214959396751740028e+00,1.422268529342486687e+01
1.214975831399845108e+00,1.422939994535251351e+01
1.214992266047950409e+00,1.423743219971064988e+01
1.215008700696055488e+00,1.424648660175444981e+01
1.215025135344160789e+00,1.425570817498857501e+01
1.215041569992265869e+00,1.426643015921793101e+01
1.215058004640370948e+00,1.427715583307315228e+01
1.215074439288476249e+00,1.428650856451949380e+01
1.215090873936581550e+00,1.429507177946175922e+01
1.215107308584686630e+00,1.430340955743076492e+01
1.215123743232791931e+00,1.431064408310065694e+01
1.215140177880897010e+00,1.431787878535323877e+01
1.215156612529002089e+00,1.432395770091635079e+01
1.215173047177107390e+00,1.432955406517241315e+01
1.215189481825212470e+00,1.433595055209782920e+01
1.215205916473317771e+00,1.434486636136340465e+01
1.215222351121422850e+00,1.435378404875178937e+01
1.215238785769528151e+00,1.436134364772206595e+01
1.215255220417633231e+00,1.436851269818075139e+01
1.215271655065738532e+00,1.437553592624523802e+01
1.215288089713843611e+00,1.438223710338151662e+01
1.215304524361948912e+00,1.438893790930763394e+01
1.215320959010053992e+00,1.439605672631494215e+01
1.215337393658159071e+00,1.440325114767373194e+01
1.215353828306264372e+00,1.440984211203979370e+01
1.215370262954369451e+00,1.441545642135631056e+01
1.215386697602474753e+00,1.442106924043497962e+01
1.215403132250580054e+00,1.442747082261530345e+01
1.215419566898685133e+00,1.443394314046578941e+01
1.215436001546790212e+00,1.444174152392694133e+01
1.215452436194895514e+00,1.445114945898096970e+01
1.215468870843000593e+00,1.446055974575492975e+01
1.215485305491105894e+00,1.446834413067438874e+01
1.215501740139210973e+00,1.447610763344677132e+01
1.215518174787316052e+00,1.448351983478741190e+01
1.215534609435421354e+00,1.449060948595173315e+01
1.215551044083526655e+00,1.449754285558097777e+01
1.215567478731631734e+00,1.450185717761410764e+01
1.215583913379737035e+00,1.450616866394254956e+01
1.215600348027842115e+00,1.451165550342016530e+01
1.215616782675947194e+00,1.451795688953429853e+01
1.215633217324052495e+00,1.452453767542785812e+01
1.215649651972157574e+00,1.453307365071345636e+01
1.215666086620262876e+00,1.454161110336434248e+01
1.215682521268367955e+00,1.454746835207096645e+01
1.215698955916473256e+00,1.455194082579365578e+01
1.215715390564578335e+00,1.455779640862195734e+01
1.215731825212683637e+00,1.456940592429750581e+01
1.215748259860788716e+00,1.458101990164628248e+01
1.215764694508894017e+00,1.458699803825902741e+01
1.215781129156999096e+00,1.459087051935884816e+01
1.215797563805104176e+00,1.459502156969468167e+01
1.215813998453209477e+00,1.459996172989696284e+01
1.215830433101314556e+00,1.460489972570837836e+01
1.215846867749419857e+00,1.461420356351480265e+01
1.215863302397525159e+00,1.462462507808987411e+01
1.215879737045630238e+00,1.463409097017449945e+01
1.215896171693735317e+00,1.464161703199290265e+01
1.215912606341840618e+00,1.464914355593861472e+01
1.215929040989945698e+00,1.465772704586291120e+01
1.215945475638050999e+00,1.466647761386248483e+01
1.215961910286156078e+00,1.467471164339819722e+01
1.215978344934261157e+00,1.468216387097626985e+01
1.215994779582366458e+00,1.468961648315842083e+01
1.216011214230471760e+00,1.469536052332851206e+01
1.216027648878576839e+00,1.470097885113470859e+01
1.216044083526682140e+00,1.470810621978524857e+01
1.216060518174787219e+00,1.471696669645458400e+01
1.216076952822892299e+00,1.472582894642277651e+01
1.216093387470997600e+00,1.473222872468015510e+01
1.216109822119102679e+00,1.473543720674035207e+01
1.216126256767207980e+00,1.473659238110896652e+01
1.216142691415313060e+00,1.473594629857279514e+01
1.216159126063418139e+00,1.473590376677656266e+01
1.216175560711523440e+00,1.474438550260475722e+01
1.216191995359628741e+00,1.475286984313368066e+01
1.216208430007733821e+00,1.475819234700353633e+01
1.216224864655839122e+00,1.476140297177749794e+01
1.216241299303944201e+00,1.476448926144988505e+01
1.216257733952049280e+00,1.476676599218242281e+01
1.216274168600154582e+00,1.476904191111658626e+01
1.216290603248259661e+00,1.477111153982621872e+01
1.216307037896364962e+00,1.477307723533912132e+01
1.216323472544470263e+00,1.477601286740346609e+01
1.216339907192575343e+00,1.478285123025826664e+01
1.216356341840680422e+00,1.478969133476908304e+01
1.216372776488785723e+00,1.479489045490211474e+01
1.216389211136890802e+00,1.479948962970783377e+01
1.216405645784996103e+00,1.480409949245195378e+01
1.216422080433101183e+00,1.480873805949437738e+01
1.216438515081206262e+00,1.481337716749415101e+01
1.216454949729311563e+00,1.481709421314794639e+01
1.216471384377416642e+00,1.482057774926185090e+01
1.216487819025521944e+00,1.482292520073181308e+01
1.216504253673627245e+00,1.482297342223234971e+01
1.216520688321732324e+00,1.482301949603914970e+01
1.216537122969837403e+00,1.482365959398892663e+01
1.216553557617942705e+00,1.482439214521710014e+01
1.216569992266047784e+00,1.482882525279226194e+01
1.216586426914153085e+00,1.483890404061969015e+01
1.216602861562258164e+00,1.484898621531938367e+01
1.216619296210363244e+00,1.485428540714200984e+01
1.216635730858468545e+00,1.485921770895371274e+01
1.216652165506573846e+00,1.486357585514278767e+01
1.216668600154678925e+00,1.486726225771954191e+01
1.216685034802784227e+00,1.487094866330934551e+01
1.216701469450889306e+00,1.487430850963225026e+01
1.216717904098994385e+00,1.487766600810268613e+01
1.216734338747099686e+00,1.488002738367737621e+01
1.216750773395204765e+00,1.488148918252224640e+01
1.216767208043310067e+00,1.488309433201350984e+01
1.216783642691415146e+00,1.488705116313834687e+01
1.216800077339520447e+00,1.489100815073469875e+01
1.216816511987625526e+00,1.489369380363923412e+01
1.216832946635730828e+00,1.489549516757339198e+01
1.216849381283835907e+00,1.489799140277369993e+01
1.216865815931940986e+00,1.490549336567153205e+01
1.216882250580046287e+00,1.491299740376312144e+01
1.216898685228151367e+00,1.491423890912166428e+01
1.216915119876256668e+00,1.491216357862929165e+01
1.216931554524361747e+00,1.491177559819881537e+01
1.216947989172467048e+00,1.491879377217992619e+01
1.216964423820572128e+00,1.492581376714810126e+01
1.216980858468677429e+00,1.493336899981640720e+01
1.216997293116782508e+00,1.494113624220781134e+01
1.217013727764887809e+00,1.494795359738330731e+01
1.217030162412992889e+00,1.495190546370107576e+01
1.217046597061097968e+00,1.495585748128025472e+01
1.217063031709203269e+00,1.495972734362671730e+01
1.217079466357308348e+00,1.496357421870946602e+01
1.217095901005413650e+00,1.496680276504666018e+01
1.217112335653518951e+00,1.496867019967213253e+01
1.217128770301624030e+00,1.497053658824167499e+01
1.217145204949729109e+00,1.496971211851180961e+01
1.217161639597834411e+00,1.496838744583654446e+01
1.217178074245939490e+00,1.497064099311780083e+01
1.217194508894044791e+00,1.497885581522514720e+01
1.217210943542149870e+00,1.498707306837791720e+01
1.217227378190254949e+00,1.499373754319147523e+01
1.217243812838360251e+00,1.500024344198875781e+01
1.217260247486465552e+00,1.500559220643712166e+01
1.217276682134570631e+00,1.500945371017070507e+01
1.217293116782675932e+00,1.501331531309963552e+01
1.217309551430781012e+00,1.501727702247932683e+01
1.217325986078886091e+00,1.502124209216705886e+01
1.217342420726991392e+00,1.502516056813870193e+01
1.217358855375096471e+00,1.502903240429431619e+01
1.217375290023201773e+00,1.503281329209111838e+01
1.217391724671306852e+00,1.503374466874233661e+01
1.217408159319411931e+00,1.503467444869999703e+01
1.217424593967517232e+00,1.503769422651482834e+01
1.217441028615622534e+00,1.504234551061701985e+01
1.217457463263727613e+00,1.504693307837314364e+01
1.217473897911832914e+00,1.505089152797374652e+01
1.217490332559937993e+00,1.505485013066430433e+01
1.217506767208043073e+00,1.505781667091133968e+01
1.217523201856148374e+00,1.506018304717159850e+01
1.217539636504253453e+00,1.506326475258558339e+01
1.217556071152358754e+00,1.506999117983720815e+01
1.217572505800464056e+00,1.507671936452358530e+01
1.217588940448569135e+00,1.507941518094871114e+01
1.217605375096674214e+00,1.508025023747296167e+01
1.217621809744779515e+00,1.508181406431688742e+01
1.217638244392884594e+00,1.508604574471402060e+01
1.217654679040989896e+00,1.509027768998937802e+01
1.217671113689094975e+00,1.509385777724668820e+01
1.217687548337200054e+00,1.509721486753233322e+01
1.217703982985305355e+00,1.510226059178270752e+01
1.217720417633410435e+00,1.511174673137251290e+01
1.217736852281515736e+00,1.512123618176580919e+01
1.217753286929621037e+00,1.512670344578872061e+01
1.217769721577726116e+00,1.513120159416413379e+01
1.217786156225831196e+00,1.513508093855106651e+01
1.217802590873936497e+00,1.513773629266917276e+01
1.217819025522041576e+00,1.514039092848232393e+01
1.217835460170146877e+00,1.513742271887738333e+01
1.217851894818251957e+00,1.513358013942817770e+01
1.217868329466357036e+00,1.513638823754365426e+01
1.217884764114462337e+00,1.514934919331507501e+01
1.217901198762567638e+00,1.516231527692717940e+01
1.217917633410672718e+00,1.516764366105656059e+01
1.217934068058778019e+00,1.517236142157276291e+01
1.217950502706883098e+00,1.517643643588701252e+01
1.217966937354988177e+00,1.517974308175256759e+01
1.217983372003093478e+00,1.518304941694654886e+01
1.217999806651198558e+00,1.518280641815377585e+01
1.218016241299303859e+00,1.518250843402948291e+01
1.218032675947408938e+00,1.518307324984699669e+01
1.218049110595514239e+00,1.518445086821300904e+01
1.218065545243619319e+00,1.518623090520510388e+01
1.218081979891724620e+00,1.519664987618327068e+01
1.218098414539829699e+00,1.520707264447334595e+01
1.218114849187935000e+00,1.521558543125213170e+01
1.218131283836040080e+00,1.522268118645053825e+01
1.218147718484145159e+00,1.522945395731158946e+01
1.218164153132250460e+00,1.523341402336134820e+01
1.218180587780355539e+00,1.523737418012033906e+01
1.218197022428460841e+00,1.524166505188397380e+01
1.218213457076566142e+00,1.524614809877068566e+01
1.218229891724671221e+00,1.525056671772196637e+01
1.218246326372776300e+00,1.525465041153672807e+01
1.218262761020881602e+00,1.525873427078751732e+01
1.218279195668986681e+00,1.526174142471421646e+01
1.218295630317091982e+00,1.526426696828032092e+01
1.218312064965197061e+00,1.526735203554791021e+01
1.218328499613302141e+00,1.527242009955724278e+01
1.218344934261407442e+00,1.527748892303781325e+01
1.218361368909512743e+00,1.528225351398478438e+01
1.218377803557617822e+00,1.528691658806144638e+01
1.218394238205723124e+00,1.529136188933806295e+01
1.218410672853828203e+00,1.529524105991423966e+01
1.218427107501933282e+00,1.529912026950848158e+01
1.218443542150038583e+00,1.530058885682118408e+01
1.218459976798143662e+00,1.530147934320407010e+01
1.218476411446248964e+00,1.530492539818163600e+01
1.218492846094354043e+00,1.531343294034983415e+01
1.218509280742459344e+00,1.532194321853160091e+01
1.218525715390564423e+00,1.532654470391095280e+01
1.218542150038669725e+00,1.533053295267093041e+01
1.218558584686774804e+00,1.533275148264574739e+01
1.218575019334880105e+00,1.533223448450778648e+01
1.218591453982985184e+00,1.533171472072364594e+01
1.218607888631090264e+00,1.533867516703146983e+01
1.218624323279195565e+00,1.534627557568284928e+01
1.218640757927300644e+00,1.535260473637860024e+01
1.218657192575405945e+00,1.535737744198656252e+01
1.218673627223511247e+00,1.536215072476538879e+01
1.218690061871616326e+00,1.536541150215382601e+01
1.218706496519721405e+00,1.536863815755754814e+01
1.218722931167826706e+00,1.537282654696464235e+01
1.218739365815931786e+00,1.537795306764930103e+01
1.218755800464037087e+00,1.538294190928753835e+01
1.218772235112142166e+00,1.538406558387597656e+01
1.218788669760247245e+00,1.538518756887347827e+01
1.218805104408352546e+00,1.538859189362588786e+01
1.218821539056457848e+00,1.539377167381981870e+01
1.218837973704562927e+00,1.539917351932856882e+01
1.218854408352668228e+00,1.540679653939813143e+01
1.218870843000773307e+00,1.541442178759204751e+01
1.218887277648878387e+00,1.541915448539625366e+01
1.218903712296983688e+00,1.542210200764680472e+01
1.218920146945088767e+00,1.542538129708019312e+01
1.218936581593194068e+00,1.543059845682942388e+01
1.218953016241299148e+00,1.543581645344260700e+01
1.218969450889404227e+00,1.543690432696497972e+01
1.218985885537509528e+00,1.543599337441599140e+01
1.219002320185614829e+00,1.543543388039037367e+01
1.219018754833719909e+00,1.543627380117204595e+01
1.219035189481825210e+00,1.543711185388668916e+01
1.219051624129930289e+00,1.544346231257219415e+01
1.219068058778035368e+00,1.545186074339676452e+01
1.219084493426140670e+00,1.546009132451554891e+01
1.219100928074245749e+00,1.546783119326091160e+01
1.219117362722350828e+00,1.547557334733102152e+01
1.219133797370456351e+00,1.548200690920166700e+01
1.219150232018561431e+00,1.548808147474493246e+01
1.219166666666666510e+00,1.549370312609773492e+01
1.219183101314771811e+00,1.549832218385671823e+01
1.219199535962876890e+00,1.550294171819920841e+01
1.219215970610981969e+00,1.550453495068241239e+01
1.219232405259087271e+00,1.550554550445501434e+01
1.219248839907192350e+00,1.550626622996159476e+01
1.219265274555297651e+00,1.550648608166293130e+01
1.219281709203402952e+00,1.550670366583241311e+01
1.219298143851508032e+00,1.551713379276834104e+01
1.219314578499613111e+00,1.552878976771316921e+01
1.219331013147718412e+00,1.553748680628549472e+01
1.219347447795823491e+00,1.554209591354448072e+01
1.219363882443928793e+00,1.554670548890515214e+01
1.219380317092033872e+00,1.555100128787107927e+01
1.219396751740138951e+00,1.555527980621593720e+01
1.219413186388244252e+00,1.555835287152685176e+01
1.219429621036349332e+00,1.556008684898703187e+01
1.219446055684454633e+00,1.556182306871169629e+01
1.219462490332559934e+00,1.556853358467851400e+01
1.219478924980665013e+00,1.557524579207510662e+01
1.219495359628770093e+00,1.558093470960340277e+01
1.219511794276875394e+00,1.558570597524082757e+01
1.219528228924980473e+00,1.559040504416468131e+01
1.219544663573085774e+00,1.559382879390960319e+01
1.219561098221190854e+00,1.559725229481756692e+01
1.219577532869295933e+00,1.559996930578625651e+01
1.219593967517401234e+00,1.560217505093993573e+01
1.219610402165506535e+00,1.560472711596391626e+01
1.219626836813611614e+00,1.561018040436573173e+01
1.219643271461716916e+00,1.561563465501424375e+01
1.219659706109821995e+00,1.562056316594533811e+01
1.219676140757927074e+00,1.562518718660919959e+01
1.219692575406032375e+00,1.562996798751437311e+01
1.219709010054137455e+00,1.563557324276044014e+01
1.219725444702242756e+00,1.564117954656129861e+01
1.219741879350347835e+00,1.564573018668802362e+01
1.219758313998453136e+00,1.564979676489659788e+01
1.219774748646558216e+00,1.565293922866420040e+01
1.219791183294663517e+00,1.565264036078829690e+01
1.219807617942768596e+00,1.565233889458179029e+01
1.219824052590873897e+00,1.565610970057746165e+01
1.219840487238978977e+00,1.566132896223754223e+01
1.219856921887084056e+00,1.566587253942517322e+01
1.219873356535189357e+00,1.566852766478141312e+01
1.219889791183294436e+00,1.567118207026532950e+01
1.219906225831399738e+00,1.567350473733795369e+01
1.219922660479505039e+00,1.567573824842944674e+01
1.219939095127610118e+00,1.568069233330767887e+01
1.219955529775715197e+00,1.569155660634586802e+01
1.219971964423820499e+00,1.570242480415058317e+01
1.219988399071925578e+00,1.570641455770759087e+01
1.220004833720030879e+00,1.570910370128870959e+01
1.220021268368135958e+00,1.571326164132435110e+01
1.220037703016241037e+00,1.571995850014032392e+01
1.220054137664346339e+00,1.572665702604753335e+01
1.220070572312451640e+00,1.572997496334697409e+01
1.220087006960556719e+00,1.573288387733927074e+01
1.220103441608662020e+00,1.573490056153125849e+01
1.220119876256767100e+00,1.573567234209723686e+01
1.220136310904872179e+00,1.573644222147953720e+01
1.220152745552977480e+00,1.574275844004850278e+01
1.220169180201082559e+00,1.574941168409023717e+01
1.220185614849187861e+00,1.575513498580976091e+01
1.220202049497292940e+00,1.575980125266934806e+01
1.220218484145398019e+00,1.576446800985251784e+01
1.220234918793503320e+00,1.576905667366221486e+01
1.220251353441608622e+00,1.577364526213982465e+01
1.220267788089713701e+00,1.577844584392017424e+01
1.220284222737819002e+00,1.578344347025962691e+01
1.220300657385924081e+00,1.578825036627490697e+01
1.220317092034029161e+00,1.578885672346126334e+01
1.220333526682134462e+00,1.578946107589240810e+01
1.220349961330239541e+00,1.579181725742090414e+01
1.220366395978344842e+00,1.579550404249755147e+01
1.220382830626450144e+00,1.579910512622517871e+01
1.220399265274555223e+00,1.580187462917170294e+01
1.220415699922660302e+00,1.580464348225431337e+01
1.220432134570765603e+00,1.581145013779049613e+01
1.220448569218870682e+00,1.582075352105019839e+01
1.220465003866975984e+00,1.582899908963346824e+01
1.220481438515081063e+00,1.583088009837516097e+01
1.220497873163186142e+00,1.583275990787070064e+01
1.220514307811291443e+00,1.583654673716699435e+01
1.220530742459396745e+00,1.584128442599699049e+01
1.220547177107501824e+00,1.584584738208151045e+01
1.220563611755607125e+00,1.584967317742365367e+01
1.220580046403712204e+00,1.585349896031768679e+01
1.220596481051817284e+00,1.585919836407502537e+01
1.220612915699922585e+00,1.586564049008304345e+01
1.220629350348027664e+00,1.587185036901074575e+01
1.220645784996132965e+00,1.587732464049679315e+01
1.220662219644238045e+00,1.588279986594531401e+01
1.220678654292343124e+00,1.588864296810407417e+01
1.220695088940448425e+00,1.589459991384379833e+01
1.220711523588553726e+00,1.589994111571843760e+01
1.220727958236658806e+00,1.590376709638600339e+01
1.220744392884764107e+00,1.590759306166281206e+01
1.220760827532868964e+00,1.591080435547794458e+01
1.220777262180974265e+00,1.591387424858335642e+01
1.220793696829079567e+00,1.591801263694839186e+01
1.220810131477184646e+00,1.592425005840109797e+01
1.220826566125289947e+00,1.593048886601213532e+01
1.220843000773395026e+00,1.593389497424548118e+01
1.220859435421500327e+00,1.593684489113419467e+01
1.220875870069605407e+00,1.594072277387862258e+01
1.220892304717710708e+00,1.594608250208475653e+01
1.220908739365815787e+00,1.595144311280186855e+01
1.220925174013921088e+00,1.595656848471156231e+01
1.220941608662026390e+00,1.596167099115319132e+01
1.220958043310131247e+00,1.596614470200118951e+01
1.220974477958236548e+00,1.596979359365580464e+01
1.220990912606341627e+00,1.597344236192795641e+01
1.221007347254446929e+00,1.597830383914174668e+01
1.221023781902552008e+00,1.598322120117161660e+01
1.221040216550657309e+00,1.598661226434559168e+01
1.221056651198762388e+00,1.598834833845685743e+01
1.221073085846867690e+00,1.599008967822735983e+01
1.221089520494972991e+00,1.599371838174526417e+01
1.221105955143078070e+00,1.599734694983292016e+01
1.221122389791183371e+00,1.600282154114986355e+01
1.221138824439288229e+00,1.600995584633399460e+01
1.221155259087393530e+00,1.601668725519742154e+01
1.221171693735498609e+00,1.601574057254097738e+01
1.221188128383603910e+00,1.601479089637640385e+01
1.221204563031708989e+00,1.601629020039199247e+01
1.221220997679814291e+00,1.601961356772606493e+01
1.221237432327919592e+00,1.602352276873709158e+01
1.221253866976024671e+00,1.603292384020248562e+01
1.221270301624129972e+00,1.604232800987006868e+01
1.221286736272235052e+00,1.604688609983106318e+01
1.221303170920340353e+00,1.604846527598465400e+01
1.221319605568445210e+00,1.605025956940285781e+01
1.221336040216550511e+00,1.605335605020572842e+01
1.221352474864655591e+00,1.605645207585666867e+01
1.221368909512760892e+00,1.606139841923264555e+01
1.221385344160865971e+00,1.606727661231711579e+01
1.221401778808971272e+00,1.607189127325530364e+01
1.221418213457076574e+00,1.607104679565889782e+01
1.221434648105181653e+00,1.607019939781120144e+01
1.221451082753286954e+00,1.607863391525092922e+01
1.221467517401391811e+00,1.609084842572680074e+01
1.221483952049497113e+00,1.610125712864140723e+01
1.221500386697602192e+00,1.610569309939792504e+01
1.221516821345707493e+00,1.611008988915449081e+01
1.221533255993812572e+00,1.611429913343143383e+01
1.221549690641917874e+00,1.611844794784314416e+01
1.221566125290023175e+00,1.612283524241189525e+01
1.221582559938128254e+00,1.612784034205844108e+01
1.221598994586233555e+00,1.613284611106519861e+01
1.221615429234338635e+00,1.613746389901690748e+01
1.221631863882443936e+00,1.614198548039352943e+01
1.221648298530548793e+00,1.614527116687360220e+01
1.221664733178654094e+00,1.614596677046509043e+01
1.221681167826759173e+00,1.614666048472204807e+01
1.221697602474864475e+00,1.615223227683203433e+01
1.221714037122969776e+00,1.615869744088517379e+01
1.221730471771074855e+00,1.616493184298888153e+01
1.221746906419180156e+00,1.617076788468281023e+01
1.221763341067285236e+00,1.617660505963549866e+01
1.221779775715390537e+00,1.618149072274913181e+01
1.221796210363495616e+00,1.618625875935484260e+01
1.221812645011600917e+00,1.619029242874190544e+01
1.221829079659705775e+00,1.619327520034176970e+01
1.221845514307811076e+00,1.619625746751462714e+01
1.221861948955916377e+00,1.619993526469923495e+01
1.221878383604021456e+00,1.620352964029852672e+01
1.221894818252126758e+00,1.620776104635780257e+01
1.221911252900231837e+00,1.621279082579157560e+01
1.221927687548337138e+00,1.621782128618777818e+01
1.221944122196442217e+00,1.622184121273162560e+01
1.221960556844547519e+00,1.622583742272265539e+01
1.221976991492652598e+00,1.622814092398215990e+01
1.221993426140757899e+00,1.622874122971886379e+01
1.222009860788862756e+00,1.622948036174325992e+01
1.222026295436968057e+00,1.623704701761601044e+01
1.222042730085073359e+00,1.624461569223287327e+01
1.222059164733178438e+00,1.624936290799022132e+01
1.222075599381283739e+00,1.625172123141412328e+01
1.222092034029388818e+00,1.625408258684883123e+01
1.222108468677494120e+00,1.625650027312402557e+01
1.222124903325599199e+00,1.625891717853827956e+01
1.222141337973704500e+00,1.626495599509355472e+01
1.222157772621809579e+00,1.627357324772827951e+01
1.222174207269914881e+00,1.628172256304607046e+01
1.222190641918020182e+00,1.628588770008282083e+01
1.222207076566125039e+00,1.629005304034992818e+01
1.222223511214230340e+00,1.629378077096294319e+01
1.222239945862335420e+00,1.629724764287352912e+01
1.222256380510440721e+00,1.630078421127085520e+01
1.222272815158545800e+00,1.630472358873928584e+01
1.222289249806651101e+00,1.630866304395315325e+01
1.222305684454756181e+00,1.630875134440870511e+01
1.222322119102861482e+00,1.630692967717404329e+01
1.222338553750966783e+00,1.630702468956104667e+01
1.222354988399071862e+00,1.631532070351217811e+01
1.222371423047177164e+00,1.632361909582899884e+01
1.222387857695282021e+00,1.633080980597509679e+01
1.222404292343387322e+00,1.633754989162648386e+01
1.222420726991492401e+00,1.634355704592912417e+01
1.222437161639597702e+00,1.634712336938787303e+01
1.222453596287702782e+00,1.635068956171059895e+01
1.222470030935808083e+00,1.635342502338878390e+01
1.222486465583913384e+00,1.635588571415258841e+01
1.222502900232018463e+00,1.635661692352709196e+01
1.222519334880123765e+00,1.635272939291495575e+01
1.222535769528228844e+00,1.634883722979035525e+01
1.222552204176334145e+00,1.635505694292901779e+01
1.222568638824439002e+00,1.636391979740574598e+01
1.222585073472544304e+00,1.637230120248059606e+01
1.222601508120649383e+00,1.637962413073969614e+01
1.222617942768754684e+00,1.638694893676419539e+01
1.222634377416859763e+00,1.639315620606115687e+01
1.222650812064965065e+00,1.639914140708726009e+01
1.222667246713070366e+00,1.640389467152256131e+01
1.222683681361175445e+00,1.640639686724096791e+01
1.222700116009280746e+00,1.640889833107140205e+01
1.222716550657385826e+00,1.641180781966985691e+01
1.222732985305491127e+00,1.641477572765874982e+01
1.222749419953595984e+00,1.641948249698182138e+01
1.222765854601701285e+00,1.642686382006036538e+01
1.222782289249806364e+00,1.643424704540924708e+01
1.222798723897911666e+00,1.643864188451718178e+01
1.222815158546016967e+00,1.644275617880133922e+01
1.222831593194122046e+00,1.644562660184502079e+01
1.222848027842227348e+00,1.644687383986833851e+01
1.222864462490332427e+00,1.644811962224911639e+01
1.222880897138437728e+00,1.644764918163344447e+01
1.222897331786542807e+00,1.644754856385176467e+01
1.222913766434648108e+00,1.645320271759202413e+01
1.222930201082752966e+00,1.646525936436465543e+01
1.222946635730858267e+00,1.647732050295842399e+01
1.222963070378963568e+00,1.648283336260779564e+01
1.222979505027068647e+00,1.648830245889075030e+01
1.222995939675173949e+00,1.649328758107169079e+01
1.223012374323279028e+00,1.649781255833833171e+01
1.223028808971384329e+00,1.650238605293104399e+01
1.223045243619489408e+00,1.650841419983206038e+01
1.223061678267594710e+00,1.651444319193311117e+01
1.223078112915699789e+00,1.651995806645659215e+01
1.223094547563805090e+00,1.652505496545726160e+01
1.223110982211910391e+00,1.652995661494822244e+01
1.223127416860015249e+00,1.653230278937097353e+01
1.223143851508120550e+00,1.653464736980523142e+01
1.223160286156225629e+00,1.653813610596595751e+01
1.223176720804330930e+00,1.654241934056675589e+01
1.223193155452436010e+00,1.654649417568234426e+01
1.223209590100541311e+00,1.654887542888578267e+01
1.223226024748646390e+00,1.655125511490603785e+01
1.223242459396751691e+00,1.655813396768594004e+01
1.223258894044856770e+00,1.656767447102365409e+01
1.223275328692962072e+00,1.657641609365895974e+01
1.223291763341067373e+00,1.658052542776047034e+01
1.223308197989172230e+00,1.658463435611334091e+01
1.223324632637277531e+00,1.659092663124875955e+01
1.223341067285382611e+00,1.659831296206826323e+01
1.223357501933487912e+00,1.660532446406433493e+01
1.223373936581592991e+00,1.661068185404887387e+01
1.223390371229698292e+00,1.661603965222519719e+01
1.223406805877803372e+00,1.662055338996780662e+01
1.223423240525908673e+00,1.662471190046118252e+01
1.223439675174013974e+00,1.662894697323894277e+01
1.223456109822119053e+00,1.663345032877534635e+01
1.223472544470224355e+00,1.663795353685268452e+01
1.223488979118329212e+00,1.664038836589227799e+01
1.223505413766434513e+00,1.664209966704924071e+01
1.223521848414539592e+00,1.664451081085632822e+01
1.223538283062644894e+00,1.664892033049618547e+01
1.223554717710749973e+00,1.665332964255076220e+01
1.223571152358855274e+00,1.665998198775609751e+01
1.223587587006960575e+00,1.666727491308110132e+01
1.223604021655065655e+00,1.667404925437020324e+01
1.223620456303170956e+00,1.667959048993755999e+01
1.223636890951275813e+00,1.668513224957336405e+01
1.223653325599381336e+00,1.668777469547183046e+01
1.223669760247486193e+00,1.668975658065625822e+01
1.223686194895591495e+00,1.669297552102072757e+01
1.223702629543696574e+00,1.669867565593740366e+01
1.223719064191801875e+00,1.670437641632244663e+01
1.223735498839907176e+00,1.671069981646864733e+01
1.223751933488012256e+00,1.671713312775986893e+01
1.223768368136117557e+00,1.672390356383150234e+01
1.223784802784222636e+00,1.673124984498678458e+01
1.223801237432327937e+00,1.673859778130098164e+01
1.223817672080432795e+00,1.674510141864507062e+01
1.223834106728538096e+00,1.675149841614666357e+01
1.223850541376643175e+00,1.675737606662307755e+01
1.223866976024748476e+00,1.676248914068855100e+01
1.223883410672853556e+00,1.676760245924713644e+01
1.223899845320958857e+00,1.677143183791378789e+01
1.223916279969064158e+00,1.677515282813447683e+01
1.223932714617169237e+00,1.677965424552975193e+01
1.223949149265274539e+00,1.678514887126025101e+01
1.223965583913379618e+00,1.679064398546190873e+01
1.223982018561484919e+00,1.679657427983010010e+01
1.223998453209589776e+00,1.680252445499321112e+01
1.224014887857695077e+00,1.680749577521415006e+01
1.224031322505800157e+00,1.681138583097165906e+01
1.224047757153905458e+00,1.681527533504601379e+01
1.224064191802010759e+00,1.681548851056217586e+01
1.224080626450115838e+00,1.681567185247842389e+01
1.224097061098221140e+00,1.682119389170486201e+01
1.224113495746326219e+00,1.683184715565709766e+01
1.224129930394431520e+00,1.684228656723108841e+01
1.224146365042536599e+00,1.684500950004723308e+01
1.224162799690641901e+00,1.684773110730169421e+01
1.224179234338746758e+00,1.685162090765547305e+01
1.224195668986852059e+00,1.685648842775507106e+01
1.224212103634957360e+00,1.686139741019644944e+01
1.224228538283062440e+00,1.686693621133666099e+01
1.224244972931167741e+00,1.687247552564684483e+01
1.224261407579272820e+00,1.687722843210603685e+01
1.224277842227378121e+00,1.688140825264522249e+01
1.224294276875483201e+00,1.688596401155741233e+01
1.224310711523588502e+00,1.689407883923615472e+01
1.224327146171693581e+00,1.690219577198857692e+01
1.224343580819798882e+00,1.690687475087736757e+01
1.224360015467904184e+00,1.690937636343680239e+01
1.224376450116009041e+00,1.691220499938805943e+01
1.224392884764114342e+00,1.691724622881232065e+01
1.224409319412219421e+00,1.692228765217126707e+01
1.224425754060324723e+00,1.692660873787473719e+01
1.224442188708429802e+00,1.693053440090486461e+01
1.224458623356535103e+00,1.693518663872643515e+01
1.224475058004640182e+00,1.694358780548566301e+01
1.224491492652745483e+00,1.695199124283668013e+01
1.224507927300850563e+00,1.695320793526687098e+01
1.224524361948955864e+00,1.695102254194824098e+01
1.224540796597061165e+00,1.695070904947782253e+01
1.224557231245166022e+00,1.695811832566482025e+01
1.224573665893271324e+00,1.696552927279448397e+01
1.224590100541376403e+00,1.697388365076646366e+01
1.224606535189481704e+00,1.698262164749118597e+01
1.224622969837586783e+00,1.699094137842054053e+01
1.224639404485692085e+00,1.699783867280343230e+01
1.224655839133797164e+00,1.700473731983770165e+01
1.224672273781902465e+00,1.701013072077215682e+01
1.224688708430007766e+00,1.701500669763085227e+01
1.224705143078112846e+00,1.701956640588324277e+01
1.224721577726218147e+00,1.702322704053333169e+01
1.224738012374323004e+00,1.702688697401418239e+01
1.224754447022428305e+00,1.702346488671372882e+01
1.224770881670533385e+00,1.701799636151184814e+01
1.224787316318638686e+00,1.701682435533624727e+01
1.224803750966743765e+00,1.702607000261912873e+01
1.224820185614849066e+00,1.703531840825493759e+01
1.224836620262954368e+00,1.704691136140131391e+01
1.224853054911059447e+00,1.705906435138821919e+01
1.224869489559164748e+00,1.706906218700376954e+01
1.224885924207269827e+00,1.707455450252453488e+01
1.224902358855375128e+00,1.708004729121871534e+01
1.224918793503479986e+00,1.707964583482022292e+01
1.224935228151585287e+00,1.707811434891620905e+01
1.224951662799690366e+00,1.707826371463201909e+01
1.224968097447795667e+00,1.708146985182047572e+01
1.224984532095900969e+00,1.708467499410389934e+01
1.225000966744006048e+00,1.709034553363114739e+01
1.225017401392111349e+00,1.709638281676508598e+01
1.225033836040216428e+00,1.710332305283203880e+01
1.225050270688321730e+00,1.711169889115871001e+01
1.225066705336426809e+00,1.712007696326126194e+01
1.225083139984532110e+00,1.712920916533294502e+01
1.225099574632636967e+00,1.713842621252660692e+01
1.225116009280742269e+00,1.714433388076181330e+01
1.225132443928847348e+00,1.714560669313298646e+01
1.225148878576952649e+00,1.714687721876851612e+01
1.225165313225057950e+00,1.715000482008005278e+01
1.225181747873163030e+00,1.715326706285088676e+01
1.225198182521268331e+00,1.715786288186047770e+01
1.225214617169373410e+00,1.716410920933430617e+01
1.225231051817478711e+00,1.717035647647328389e+01
1.225247486465583791e+00,1.717978043348700012e+01
1.225263921113689092e+00,1.718933222092384483e+01
1.225280355761793949e+00,1.719651663616915016e+01
1.225296790409899250e+00,1.720110378185974298e+01
1.225313225058004551e+00,1.720569082315090625e+01
1.225329659706109631e+00,1.720378326058329321e+01
1.225346094354214932e+00,1.720181821589839544e+01
1.225362529002320011e+00,1.720610272987183009e+01
1.225378963650425312e+00,1.721647653054989746e+01
1.225395398298530392e+00,1.722679275285771539e+01
1.225411832946635693e+00,1.723432093372250051e+01
1.225428267594740772e+00,1.724185082778669198e+01
1.225444702242846073e+00,1.724582996716497263e+01
1.225461136890951375e+00,1.724673249453256219e+01
1.225477571539056232e+00,1.724769317177535655e+01
1.225494006187161533e+00,1.724979179825362152e+01
1.225510440835266612e+00,1.725188870188675594e+01
1.225526875483371914e+00,1.725824309202259244e+01
1.225543310131476993e+00,1.726787870168613281e+01
1.225559744779582294e+00,1.727696801207836330e+01
1.225576179427687373e+00,1.727968377516869580e+01
1.225592614075792675e+00,1.728239822416208327e+01
1.225609048723897976e+00,1.728783269274471124e+01
1.225625483372003055e+00,1.729513121343789805e+01
1.225641918020108356e+00,1.730249171098394001e+01
1.225658352668213213e+00,1.731035380541513646e+01
1.225674787316318515e+00,1.731821780412795064e+01
1.225691221964423594e+00,1.732445196562249023e+01
1.225707656612528895e+00,1.732969474184748648e+01
1.225724091260633974e+00,1.733484956499733443e+01
1.225740525908739276e+00,1.733944351252936045e+01
1.225756960556844355e+00,1.734403735703185490e+01
1.225773395204949656e+00,1.734672657889952774e+01
1.225789829853054957e+00,1.734838825287073405e+01
1.225806264501160037e+00,1.735108758587972844e+01
1.225822699149265338e+00,1.735909591805324226e+01
1.225839133797370195e+00,1.736710623564020395e+01
1.225855568445475496e+00,1.737344003021233974e+01
1.225872003093580576e+00,1.737897577398611304e+01
1.225888437741685877e+00,1.738451645440989424e+01
1.225904872389790956e+00,1.739007644503428907e+01
1.225921307037896257e+00,1.739563693623169272e+01
1.225937741686001559e+00,1.739906489407390566e+01
1.225954176334106638e+00,1.740159870593150870e+01
1.225970610982211939e+00,1.740462462012313694e+01
1.225987045630316796e+00,1.740941580798025967e+01
1.226003480278422098e+00,1.741420701659098569e+01
1.226019914926527177e+00,1.742097326295370152e+01
1.226036349574632478e+00,1.742828406446876244e+01
1.226052784222737557e+00,1.743497043917534128e+01
1.226069218870842858e+00,1.743973082971606203e+01
1.226085653518948160e+00,1.744449125612936413e+01
1.226102088167053239e+00,1.744900313935599101e+01
1.226118522815158540e+00,1.745343575281460247e+01
1.226134957463263619e+00,1.745818439864676463e+01
1.226151392111368921e+00,1.746378084489688831e+01
1.226167826759473778e+00,1.746937782213092305e+01
1.226184261407579079e+00,1.747285098419349225e+01
1.226200696055684158e+00,1.747574080624099935e+01
1.226217130703789460e+00,1.747938344909156427e+01
1.226233565351894761e+00,1.748480294467061569e+01
1.226249999999999840e+00,1.749022286676876092e+01
1.226266434648105141e+00,1.749623094350789287e+01
1.226282869296210221e+00,1.750237695260001303e+01
1.226299303944315522e+00,1.750724492271250554e+01
1.226315738592420601e+00,1.750944024359095508e+01
1.226332173240525902e+00,1.751163402970619032e+01
1.226348607888630760e+00,1.751645198742465226e+01
1.226365042536736061e+00,1.752178353480597650e+01
1.226381477184841140e+00,1.752606792479593878e+01
1.226397911832946441e+00,1.752839929606067670e+01
1.226414346481051743e+00,1.753072922003308065e+01
1.226430781129156822e+00,1.753708644787531057e+01
1.226447215777262123e+00,1.754409096465687412e+01
1.226463650425367202e+00,1.755099938329263054e+01
1.226480085073472504e+00,1.755774619688259008e+01
1.226496519721577583e+00,1.756449420259960448e+01
1.226512954369682884e+00,1.757002504445235402e+01
1.226529389017787741e+00,1.757540081720512859e+01
1.226545823665893042e+00,1.758058671762111658e+01
1.226562258313998344e+00,1.758548645767236351e+01
1.226578692962103423e+00,1.759038631403468145e+01
1.226595127610208724e+00,1.759418256420152460e+01
1.226611562258313803e+00,1.759787102717136875e+01
1.226627996906419105e+00,1.760252920588271053e+01
1.226644431554524184e+00,1.760850768866303184e+01
1.226660866202629485e+00,1.761448691879119366e+01
1.226677300850734564e+00,1.761863416763135248e+01
1.226693735498839866e+00,1.762265535098624625e+01
1.226710170146945167e+00,1.762669976095991586e+01
1.226726604795050024e+00,1.763077292563533760e+01
1.226743039443155325e+00,1.763484571338810269e+01
1.226759474091260405e+00,1.763956485524452233e+01
1.226775908739365706e+00,1.764431109657242658e+01
1.226792343387470785e+00,1.764965114535300472e+01
1.226808778035576086e+00,1.765565692773665418e+01
1.226825212683681166e+00,1.766166347102697287e+01
1.226841647331786467e+00,1.766704921375537296e+01
1.226858081979891768e+00,1.767242492021139455e+01
1.226874516627996847e+00,1.767750143799586127e+01
1.226890951276102149e+00,1.768227263337210786e+01
1.226907385924207006e+00,1.768700939172106956e+01
1.226923820572312307e+00,1.768671677105971440e+01
1.226940255220417386e+00,1.768642103929238019e+01
1.226956689868522687e+00,1.769001283622595722e+01
1.226973124516627767e+00,1.769722018309396105e+01
1.226989559164733068e+00,1.770442598525913525e+01
1.227005993812838147e+00,1.771153603966022416e+01
1.227022428460943448e+00,1.771892116591222077e+01
1.227038863109048750e+00,1.772500871015768453e+01
1.227055297757153829e+00,1.772992891932839399e+01
1.227071732405259130e+00,1.773482107411316733e+01
1.227088167053363987e+00,1.773920521031080355e+01
1.227104601701469289e+00,1.774358908134783164e+01
1.227121036349574368e+00,1.774874252150329568e+01
1.227137470997679669e+00,1.775449219259083122e+01
1.227153905645784748e+00,1.775985598863984549e+01
1.227170340293890050e+00,1.776043977398602891e+01
1.227186774941995351e+00,1.776102079000522949e+01
1.227203209590100430e+00,1.776618957498091333e+01
1.227219644238205731e+00,1.777460439262108949e+01
1.227236078886310811e+00,1.778253448355158284e+01
1.227252513534416112e+00,1.778592183739734267e+01
1.227268948182520969e+00,1.778930828698959488e+01
1.227285382830626270e+00,1.779548873735992842e+01
1.227301817478731349e+00,1.780347458978282305e+01
1.227318252126836651e+00,1.781104911962867732e+01
1.227334686774941952e+00,1.781554953066533997e+01
1.227351121423047031e+00,1.782004974912415207e+01
1.227367556071152332e+00,1.782629544981558567e+01
1.227383990719257412e+00,1.783357100458176348e+01
1.227400425367362713e+00,1.784021004288631929e+01
1.227416860015467792e+00,1.784292470949696963e+01
1.227433294663573093e+00,1.784563803424374484e+01
1.227449729311677951e+00,1.784856463083929867e+01
1.227466163959783252e+00,1.785160541403324785e+01
1.227482598607888553e+00,1.785503423449474170e+01
1.227499033255993632e+00,1.786049299447809346e+01
1.227515467904098934e+00,1.786595216158581678e+01
1.227531902552204013e+00,1.787325506611018255e+01
1.227548337200309314e+00,1.788146259696575413e+01
1.227564771848414393e+00,1.788890896756992532e+01
1.227581206496519695e+00,1.789291537744914251e+01
1.227597641144624774e+00,1.789692128013414063e+01
1.227614075792730075e+00,1.790107096383093221e+01
1.227630510440834932e+00,1.790528454597791352e+01
1.227646945088940234e+00,1.790911383891123521e+01
1.227663379737045535e+00,1.791142438914757307e+01
1.227679814385150614e+00,1.791373333669273649e+01
1.227696249033255915e+00,1.791763893571974720e+01
1.227712683681360994e+00,1.792219092713716933e+01
1.227729118329466296e+00,1.792745542898662592e+01
1.227745552977571375e+00,1.793521954662976015e+01
1.227761987625676676e+00,1.794298545985364157e+01
1.227778422273781755e+00,1.794997167635490598e+01
1.227794856921887057e+00,1.795667267254929556e+01
1.227811291569992358e+00,1.796344143869927379e+01
1.227827726218097215e+00,1.797042056434540669e+01
1.227844160866202516e+00,1.797740101535074331e+01
1.227860595514307596e+00,1.798270224075860568e+01
1.227877030162412897e+00,1.798744731674552000e+01
1.227893464810517976e+00,1.799275795196938432e+01
1.227909899458623277e+00,1.799967115541916485e+01
1.227926334106728357e+00,1.800658564205989620e+01
1.227942768754833658e+00,1.801224309095683651e+01
1.227959203402938959e+00,1.801752612415301513e+01
1.227975638051044038e+00,1.802252541054928514e+01
1.227992072699149340e+00,1.802679405766213350e+01
1.228008507347254197e+00,1.803106236171570842e+01
1.228024941995359498e+00,1.803492084297434062e+01
1.228041376643464577e+00,1.803866942351042013e+01
1.228057811291569879e+00,1.804336196324583241e+01
1.228074245939674958e+00,1.805027341584738565e+01
1.228090680587780259e+00,1.805718614652968412e+01
1.228107115235885560e+00,1.805809628214994689e+01
1.228123549883990639e+00,1.805757562153876705e+01
1.228139984532095941e+00,1.806069825760886260e+01
1.228156419180200798e+00,1.807167991215488811e+01
1.228172853828306321e+00,1.808266516980886962e+01
1.228189288476411178e+00,1.808860475694455516e+01
1.228205723124516480e+00,1.809348124775436872e+01
1.228222157772621559e+00,1.809786320645569546e+01
1.228238592420726860e+00,1.810126287028153769e+01
1.228255027068831939e+00,1.810466163999376832e+01
1.228271461716937241e+00,1.811078483315146315e+01
1.228287896365042542e+00,1.811741296767776177e+01
1.228304331013147621e+00,1.812341179775957301e+01
1.228320765661252922e+00,1.812825418342855244e+01
1.228337200309357780e+00,1.813309658308144634e+01
1.228353634957463081e+00,1.813880699223916082e+01
1.228370069605568160e+00,1.814465757023782544e+01
1.228386504253673461e+00,1.815062566293071100e+01
1.228402938901778541e+00,1.815679346035453179e+01
1.228419373549883842e+00,1.816296208143546664e+01
1.228435808197989143e+00,1.816407086848871799e+01
1.228452242846094222e+00,1.816447805746293298e+01
1.228468677494199524e+00,1.816672518195446173e+01
1.228485112142304603e+00,1.817188955800946104e+01
1.228501546790409904e+00,1.817705414668306219e+01
1.228517981438514761e+00,1.818677104852148929e+01
1.228534416086620062e+00,1.819702210738151393e+01
1.228550850734725142e+00,1.820521163912777851e+01
1.228567285382830443e+00,1.821035409826362539e+01
1.228583720030935744e+00,1.821549675357601927e+01
1.228600154679040823e+00,1.821788243300813193e+01
1.228616589327146125e+00,1.822000049271341737e+01
1.228633023975251204e+00,1.822439979949509237e+01
1.228649458623356505e+00,1.823195053076791083e+01
1.228665893271461584e+00,1.823950290162129662e+01
1.228682327919566886e+00,1.823937466211554081e+01
1.228698762567671743e+00,1.823864889458321770e+01
1.228715197215777044e+00,1.823972549431504575e+01
1.228731631863882345e+00,1.824313447676659550e+01
1.228748066511987425e+00,1.824654257468744234e+01
1.228764501160092726e+00,1.825656378389014023e+01
1.228780935808197805e+00,1.826697965502371446e+01
1.228797370456303106e+00,1.827454405832816775e+01
1.228813805104408186e+00,1.827864628397598068e+01
1.228830239752513487e+00,1.828274806043368272e+01
1.228846674400618566e+00,1.829142564456908815e+01
1.228863109048723867e+00,1.830029801300990400e+01
1.228879543696828724e+00,1.830760333123397032e+01
1.228895978344934026e+00,1.831312041106906463e+01
1.228912412993039327e+00,1.831863791208550296e+01
1.228928847641144406e+00,1.832157672802991755e+01
1.228945282289249707e+00,1.832444768699201276e+01
1.228961716937354787e+00,1.832544793868846256e+01
1.228978151585460088e+00,1.832443811982352244e+01
1.228994586233565167e+00,1.832342450070164119e+01
1.229011020881670468e+00,1.833542782574001606e+01
1.229027455529775548e+00,1.834757118583347690e+01
1.229043890177880849e+00,1.835717332441259231e+01
1.229060324825986150e+00,1.836420147834519767e+01
1.229076759474091007e+00,1.837121266137770803e+01
1.229093194122196309e+00,1.837376224884844333e+01
1.229109628770301388e+00,1.837617684352340675e+01
1.229126063418406689e+00,1.838094639981312284e+01
1.229142498066511768e+00,1.838796803930832624e+01
1.229158932714617070e+00,1.839489002153325359e+01
1.229175367362722149e+00,1.839642572034689039e+01
1.229191802010827450e+00,1.839795960637450989e+01
1.229208236658932751e+00,1.840132696017967362e+01
1.229224671307037831e+00,1.840635197107950560e+01
1.229241105955143132e+00,1.841139860529327876e+01
1.229257540603247989e+00,1.841708499643553765e+01
1.229273975251353290e+00,1.842277204713944982e+01
1.229290409899458369e+00,1.842919574476637123e+01
1.229306844547563671e+00,1.843624992196758683e+01
1.229323279195668750e+00,1.844321678081344018e+01
1.229339713843774051e+00,1.844833685382692323e+01
1.229356148491879352e+00,1.845345725980574514e+01
1.229372583139984432e+00,1.845714584054286433e+01
1.229389017788089733e+00,1.845967357940437026e+01
1.229405452436194812e+00,1.846197163242734263e+01
1.229421887084300113e+00,1.846062621350964150e+01
1.229438321732404971e+00,1.845927715057262830e+01
1.229454756380510272e+00,1.846280928660638665e+01
1.229471191028615351e+00,1.847009455224235097e+01
1.229487625676720652e+00,1.847747385008250731e+01
1.229504060324825732e+00,1.848604881295610625e+01
1.229520494972931033e+00,1.849462602211721318e+01
1.229536929621036334e+00,1.850316494969207426e+01
1.229553364269141413e+00,1.851167652969961352e+01
1.229569798917246715e+00,1.851976376671660418e+01
1.229586233565351794e+00,1.852322731795283417e+01
1.229602668213457095e+00,1.852669023061253739e+01
1.229619102861561952e+00,1.853072143256381565e+01
1.229635537509667254e+00,1.853514676817700391e+01
1.229651972157772333e+00,1.853976505305831068e+01
1.229668406805877634e+00,1.854618704459127443e+01
1.229684841453982935e+00,1.855261010209466832e+01
1.229701276102088014e+00,1.855866726687723656e+01
1.229717710750193316e+00,1.856448325934838550e+01
1.229734145398298395e+00,1.857015206874606505e+01
1.229750580046403696e+00,1.857460682217843129e+01
1.229767014694508775e+00,1.857906151907586079e+01
1.229783449342614077e+00,1.858424945046272114e+01
1.229799883990718934e+00,1.858989822521606783e+01
1.229816318638824235e+00,1.859546931488188193e+01
1.229832753286929536e+00,1.860046701652343160e+01
1.229849187935034616e+00,1.860546497448348902e+01
1.229865622583139917e+00,1.860966615407667035e+01
1.229882057231244996e+00,1.861339024598504110e+01
1.229898491879350297e+00,1.861715587319232768e+01
1.229914926527455377e+00,1.862119913190896270e+01
1.229931361175560678e+00,1.862524209342066328e+01
1.229947795823665757e+00,1.863027902270338743e+01
1.229964230471771058e+00,1.863588358422892099e+01
1.229980665119876360e+00,1.864129297470746849e+01
1.229997099767981217e+00,1.864552161521330120e+01
1.230013534416086518e+00,1.864975006641132538e+01
1.230029969064191597e+00,1.865529248614882007e+01
1.230046403712296899e+00,1.866155116930760727e+01
1.230062838360401978e+00,1.866750906669586030e+01
1.230079273008507279e+00,1.867179354223227250e+01
1.230095707656612358e+00,1.867607786024994354e+01
1.230112142304717660e+00,1.867977577533672573e+01
1.230128576952822739e+00,1.868316825494128963e+01
1.230145011600928040e+00,1.868706741219111578e+01
1.230161446249033341e+00,1.869357364327724014e+01
1.230177880897138198e+00,1.870008097689972715e+01
1.230194315545243500e+00,1.870318233875343950e+01
1.230210750193348579e+00,1.870458860924326672e+01
1.230227184841453880e+00,1.870694254427851178e+01
1.230243619489558959e+00,1.871384210117457059e+01
1.230260054137664261e+00,1.872074297605862370e+01
1.230276488785769340e+00,1.872778609196835475e+01
1.230292923433874641e+00,1.873489765956896846e+01
1.230309358081979942e+00,1.874143176538962763e+01
1.230325792730085022e+00,1.874537074553438032e+01
1.230342227378190323e+00,1.874930936573505136e+01
1.230358662026295180e+00,1.875513721036170622e+01
1.230375096674400481e+00,1.876182680890275023e+01
1.230391531322505561e+00,1.876822223918115284e+01
1.230407965970610862e+00,1.877337186869637975e+01
1.230424400618715941e+00,1.877852183476874970e+01
1.230440835266821242e+00,1.877933862912106378e+01
1.230457269914926544e+00,1.877826017150939819e+01
1.230473704563031623e+00,1.877765906047478595e+01
1.230490139211136924e+00,1.877897298794716363e+01
1.230506573859241781e+00,1.878028498500373900e+01
1.230523008507347082e+00,1.878929355249147903e+01
1.230539443155452162e+00,1.880153034289404346e+01
1.230555877803557463e+00,1.881276957491104440e+01
1.230572312451662542e+00,1.882022054468987804e+01
1.230588747099767843e+00,1.882767312285535510e+01
1.230605181747873145e+00,1.883338988989544660e+01
1.230621616395978224e+00,1.883840834707771350e+01
1.230638051044083525e+00,1.884331548396554723e+01
1.230654485692188604e+00,1.884782062555573035e+01
1.230670920340293906e+00,1.885232573286894819e+01
1.230687354988398763e+00,1.885627311540583051e+01
1.230703789636504064e+00,1.886000450818491103e+01
1.230720224284609143e+00,1.886302169260724071e+01
1.230736658932714445e+00,1.886358011039848748e+01
1.230753093580819524e+00,1.886413613294213576e+01
1.230769528228924825e+00,1.886939809541269497e+01
1.230785962877030126e+00,1.887641154111864594e+01
1.230802397525135206e+00,1.888292506628316048e+01
1.230818832173240507e+00,1.888778582414272122e+01
1.230835266821345586e+00,1.889264675103325786e+01
1.230851701469450887e+00,1.890045308075081110e+01
1.230868136117555744e+00,1.890931607131400582e+01
1.230884570765661046e+00,1.891669692374987832e+01
1.230901005413766125e+00,1.891937468373408038e+01
1.230917440061871426e+00,1.892205134023669899e+01
1.230933874709976728e+00,1.892415777843349289e+01
1.230950309358081807e+00,1.892606621995921046e+01
1.230966744006187108e+00,1.892934227731759833e+01
1.230983178654292187e+00,1.893679738155003633e+01
1.230999613302397488e+00,1.894425408622839768e+01
1.231016047950502568e+00,1.895093796942310149e+01
1.231032482598607869e+00,1.895736498708098239e+01
1.231048917246712726e+00,1.896371155199518554e+01
1.231065351894818027e+00,1.896981884027032450e+01
1.231081786542923329e+00,1.897592699221547008e+01
1.231098221191028408e+00,1.897943133797472370e+01
1.231114655839133709e+00,1.898209625912065235e+01
1.231131090487238788e+00,1.898536122777330704e+01
1.231147525135344090e+00,1.899034099541443155e+01
1.231163959783449169e+00,1.899532099579624500e+01
1.231180394431554470e+00,1.900237001960356764e+01
1.231196829079659549e+00,1.901006496278461810e+01
1.231213263727764851e+00,1.901681151911686030e+01
1.231229698375870152e+00,1.902092953823533605e+01
1.231246133023975009e+00,1.902504729689938046e+01
1.231262567672080310e+00,1.902451738808292703e+01
1.231279002320185390e+00,1.902258189050519022e+01
1.231295436968290691e+00,1.902389173427995317e+01
1.231311871616395770e+00,1.903394227471237699e+01
1.231328306264501071e+00,1.904399575253965082e+01
1.231344740912606150e+00,1.905123521278451193e+01
1.231361175560711452e+00,1.905765181979744938e+01
1.231377610208816531e+00,1.906398913032753129e+01
1.231394044856921832e+00,1.907011686864610311e+01
1.231410479505027133e+00,1.907624547583299446e+01
1.231426914153131991e+00,1.908128253633521609e+01
1.231443348801237292e+00,1.908600925833906103e+01
1.231459783449342371e+00,1.909075915193086814e+01
1.231476218097447672e+00,1.909556820783763698e+01
1.231492652745552752e+00,1.910037739584148397e+01
1.231509087393658053e+00,1.910398363383499287e+01
1.231525522041763132e+00,1.910725663872334579e+01
1.231541956689868433e+00,1.911093147503084921e+01
1.231558391337973735e+00,1.911561281407879065e+01
1.231574825986078814e+00,1.912029421283065389e+01
1.231591260634184115e+00,1.912228410750221386e+01
1.231607695282288972e+00,1.912354738549975508e+01
1.231624129930394274e+00,1.912624986285554840e+01
1.231640564578499353e+00,1.913248277705613631e+01
1.231656999226604654e+00,1.913871661492677845e+01
1.231673433874709733e+00,1.914480542832522403e+01
1.231689868522815035e+00,1.915092859915745294e+01
1.231706303170920336e+00,1.915688601119172318e+01
1.231722737819025415e+00,1.916244353729210559e+01
1.231739172467130716e+00,1.916800160901024341e+01
1.231755607115235795e+00,1.917551715452163208e+01
1.231772041763341097e+00,1.918353727061321834e+01
1.231788476411445954e+00,1.919055036370759026e+01
1.231804911059551255e+00,1.919517972295853170e+01
1.231821345707656334e+00,1.919980909795322077e+01
1.231837780355761636e+00,1.920525311822677850e+01
1.231854215003866937e+00,1.921090267851023725e+01
1.231870649651972016e+00,1.921645072024636391e+01
1.231887084300077317e+00,1.922176160652230337e+01
1.231903518948182397e+00,1.922707289570035272e+01
1.231919953596287698e+00,1.923148093191879227e+01
1.231936388244392777e+00,1.923566569415337213e+01
1.231952822892498078e+00,1.923991582495836283e+01
1.231969257540602936e+00,1.924431640795373966e+01
1.231985692188708237e+00,1.924871687398038489e+01
1.232002126836813316e+00,1.925193079637353222e+01
1.232018561484918617e+00,1.925485597685425532e+01
1.232034996133023919e+00,1.925721326098978636e+01
1.232051430781128998e+00,1.925828312899351857e+01
1.232067865429234299e+00,1.925935089685393820e+01
1.232084300077339378e+00,1.926807030933921183e+01
1.232100734725444680e+00,1.927862119326280066e+01
1.232117169373549759e+00,1.928665949326114770e+01
1.232133604021655060e+00,1.928905137622530219e+01
1.232150038669759917e+00,1.929144196251372279e+01
1.232166473317865218e+00,1.929863818204242421e+01
1.232182907965970520e+00,1.930691634985048566e+01
1.232199342614075599e+00,1.931410164096986293e+01
1.232215777262180900e+00,1.931885230615924698e+01
1.232232211910285979e+00,1.932360312687521642e+01
1.232248646558391281e+00,1.932773013591999600e+01
1.232265081206496360e+00,1.933171147930650235e+01
1.232281515854601661e+00,1.933613409856426912e+01
1.232297950502706740e+00,1.934153212987112980e+01
1.232314385150812042e+00,1.934693063954632919e+01
1.232330819798917343e+00,1.935193572257844252e+01
1.232347254447022200e+00,1.935685004227185146e+01
1.232363689095127501e+00,1.936160795422564718e+01
1.232380123743232581e+00,1.936602193028636876e+01
1.232396558391337882e+00,1.937043589100926155e+01
1.232412993039442961e+00,1.937275039304790170e+01
1.232429427687548262e+00,1.937458185507253816e+01
1.232445862335653342e+00,1.937720831563806456e+01
1.232462296983758643e+00,1.938157614468223500e+01
1.232478731631863944e+00,1.938594393564888207e+01
1.232495166279969023e+00,1.939190778815684624e+01
1.232511600928074325e+00,1.939823697638246003e+01
1.232528035576179182e+00,1.940347456501502066e+01
1.232544470224284483e+00,1.940632850050542757e+01
1.232560904872389562e+00,1.940918161693853250e+01
1.232577339520494863e+00,1.940726787730177350e+01
1.232593774168599943e+00,1.940426467383160869e+01
1.232610208816705244e+00,1.940506779901783574e+01
1.232626643464810545e+00,1.941417375530902589e+01
1.232643078112915624e+00,1.942328193419178106e+01
1.232659512761020926e+00,1.943284914361572291e+01
1.232675947409125783e+00,1.944252280720911230e+01
1.232692382057231306e+00,1.944993818046639689e+01
1.232708816705336163e+00,1.945242517673869997e+01
1.232725251353441465e+00,1.945491116204770776e+01
1.232741686001546544e+00,1.945961362010794815e+01
1.232758120649651845e+00,1.946482217348178878e+01
1.232774555297756924e+00,1.947005812308628592e+01
1.232790989945862226e+00,1.947535350464870518e+01
1.232807424593967527e+00,1.948064931015351675e+01
1.232823859242072606e+00,1.948392374845104058e+01
1.232840293890177907e+00,1.948673445044798669e+01
1.232856728538282765e+00,1.948856811836443725e+01
1.232873163186388066e+00,1.948825931513314913e+01
1.232889597834493145e+00,1.948794798154049346e+01
1.232906032482598446e+00,1.948801387068892410e+01
1.232922467130703525e+00,1.948816498397537700e+01
1.232938901778808827e+00,1.949117267183857649e+01
1.232955336426914128e+00,1.950048133629069014e+01
1.232971771075019207e+00,1.950979230376912099e+01
1.232988205723124508e+00,1.951947698149026422e+01
1.233004640371229588e+00,1.952925045143578586e+01
1.233021075019334889e+00,1.953676188579776962e+01
1.233037509667439746e+00,1.953924923122853841e+01
1.233053944315545047e+00,1.954173556949543666e+01
1.233070378963650127e+00,1.954586136563097298e+01
1.233086813611755428e+00,1.955037236828665925e+01
1.233103248259860729e+00,1.955524908660355976e+01
1.233119682907965808e+00,1.956094445393389591e+01
1.233136117556071110e+00,1.956664043890509319e+01
1.233152552204176189e+00,1.957220714540728679e+01
1.233168986852281490e+00,1.957774350822678500e+01
1.233185421500386569e+00,1.958179515232663448e+01
1.233201856148491871e+00,1.958248920462336429e+01
1.233218290796596728e+00,1.958318128988679874e+01
1.233234725444702029e+00,1.958891429421221275e+01
1.233251160092807108e+00,1.959586525440776583e+01
1.233267594740912410e+00,1.960021441967453981e+01
1.233284029389017711e+00,1.959861196070094991e+01
1.233300464037122790e+00,1.959700624932110813e+01
1.233316898685228091e+00,1.960054498147338009e+01
1.233333333333333171e+00,1.960534660236946181e+01
1.233349767981438472e+00,1.961144136543720506e+01
1.233366202629543551e+00,1.962053228180336717e+01
1.233382637277648852e+00,1.962962539102009885e+01
1.233399071925753709e+00,1.963264646189626461e+01
1.233415506573859011e+00,1.963414851919636561e+01
1.233431941221964312e+00,1.963717786565963408e+01
1.233448375870069391e+00,1.964380074922931030e+01
1.233464810518174692e+00,1.965042469227069688e+01
1.233481245166279772e+00,1.965747087290291972e+01
1.233497679814385073e+00,1.966462574339862002e+01
1.233514114462490152e+00,1.967126681789133968e+01
1.233530549110595453e+00,1.967667773715654178e+01
1.233546983758700533e+00,1.968208913152431094e+01
1.233563418406805834e+00,1.968694341143659798e+01
1.233579853054911135e+00,1.969165245407264209e+01
1.233596287703015992e+00,1.969576181347946786e+01
1.233612722351121294e+00,1.969841104454981462e+01
1.233629156999226373e+00,1.970105935837257150e+01
1.233645591647331674e+00,1.970463094432629703e+01
1.233662026295436753e+00,1.970844896891259523e+01
1.233678460943542055e+00,1.971194746922394359e+01
1.233694895591647134e+00,1.971465278985432690e+01
1.233711330239752435e+00,1.971735722381928468e+01
1.233727764887857736e+00,1.972436483264864648e+01
1.233744199535962816e+00,1.973255330889259795e+01
1.233760634184068117e+00,1.973953123265931708e+01
1.233777068832172974e+00,1.974343365180279974e+01
1.233793503480278275e+00,1.974733579700172825e+01
1.233809938128383354e+00,1.975077070683123281e+01
1.233826372776488656e+00,1.975407360322422079e+01
1.233842807424593735e+00,1.975713252599370051e+01
1.233859242072699036e+00,1.975955818361828165e+01
1.233875676720804337e+00,1.976198281042948324e+01
1.233892111368909417e+00,1.976851505502445150e+01
1.233908546017014718e+00,1.977623869313936211e+01
1.233924980665119797e+00,1.978215373215114781e+01
1.233941415313225098e+00,1.978324333951137959e+01
1.233957849961329956e+00,1.978433120896552566e+01
1.233974284609435257e+00,1.979010233994345569e+01
1.233990719257540336e+00,1.979727291475592921e+01
1.234007153905645637e+00,1.980150446559935418e+01
1.234023588553750717e+00,1.979767615799837799e+01
1.234040023201856018e+00,1.979384332406800695e+01
1.234056457849961319e+00,1.980034754115517970e+01
1.234072892498066398e+00,1.981003951067991764e+01
1.234089327146171700e+00,1.981922366694126936e+01
1.234105761794276779e+00,1.982696940034327682e+01
1.234122196442382080e+00,1.983471670221364747e+01
1.234138631090486937e+00,1.983560567280252229e+01
1.234155065738592238e+00,1.983430831551311257e+01
1.234171500386697318e+00,1.983603774471328407e+01
1.234187935034802619e+00,1.984659829756521177e+01
1.234204369682907920e+00,1.985716165014270018e+01
1.234220804331012999e+00,1.986257695150841229e+01
1.234237238979118301e+00,1.986629607443724055e+01
1.234253673627223380e+00,1.987011226937985597e+01
1.234270108275328681e+00,1.987422206033547667e+01
1.234286542923433760e+00,1.987833168214545054e+01
1.234302977571539062e+00,1.988287165913362742e+01
1.234319412219643919e+00,1.988755856981089565e+01
1.234335846867749220e+00,1.989248051912213811e+01
1.234352281515854521e+00,1.989813780942301236e+01
1.234368716163959601e+00,1.990379568734103088e+01
1.234385150812064902e+00,1.990419259526511198e+01
1.234401585460169981e+00,1.990272600036075445e+01
1.234418020108275282e+00,1.990357528544861765e+01
1.234434454756380362e+00,1.991196863460891464e+01
1.234450889404485663e+00,1.992036383695086244e+01
1.234467324052590742e+00,1.992713715356437731e+01
1.234483758700696043e+00,1.993331527659703184e+01
1.234500193348800900e+00,1.993903949606720616e+01
1.234516627996906202e+00,1.994322116361556851e+01
1.234533062645011503e+00,1.994740269757465256e+01
1.234549497293116582e+00,1.995229273343059617e+01
1.234565931941221884e+00,1.995745347142400661e+01
1.234582366589326963e+00,1.996230238838082371e+01
1.234598801237432264e+00,1.996604365074309584e+01
1.234615235885537343e+00,1.996978455970628730e+01
1.234631670533642644e+00,1.997503667676969030e+01
1.234648105181747724e+00,1.998088936301735785e+01
1.234664539829853025e+00,1.998647443023920900e+01
1.234680974477958326e+00,1.999106098047845848e+01
1.234697409126063183e+00,1.999564759646858292e+01
1.234713843774168485e+00,1.999946120751119594e+01
1.234730278422273564e+00,2.000295493019752513e+01
1.234746713070378865e+00,2.000600202219400359e+01
1.234763147718483944e+00,2.000729949003920183e+01
1.234779582366589246e+00,2.000859534524223093e+01
1.234796017014694325e+00,2.001386716349162498e+01
1.234812451662799626e+00,2.002085296693089944e+01
1.234828886310904927e+00,2.002763753017259418e+01
1.234845320959010007e+00,2.003358485012582335e+01
1.234861755607115308e+00,2.003953289091849754e+01
1.234878190255220165e+00,2.004370460418641642e+01
1.234894624903325466e+00,2.004707766989007922e+01
1.234911059551430546e+00,2.005064342186419779e+01
1.234927494199535847e+00,2.005505772581335577e+01
1.234943928847640926e+00,2.005947201071964514e+01
1.234960363495746227e+00,2.006468703040282975e+01
1.234976798143851529e+00,2.007027807852138324e+01
1.234993232791956608e+00,2.007539716588089718e+01
1.235009667440061909e+00,2.007830315887860095e+01
1.235026102088166766e+00,2.008120837811441461e+01
1.235042536736272289e+00,2.008488161517007953e+01
1.235058971384377147e+00,2.008893129059166682e+01
1.235075406032482448e+00,2.009338286714761068e+01
1.235091840680587527e+00,2.009985255599453424e+01
1.235108275328692828e+00,2.010632320796883477e+01
1.235124709976798130e+00,2.011097271222584837e+01
1.235141144624903209e+00,2.011468826842664015e+01
1.235157579273008510e+00,2.011859837508598048e+01
1.235174013921113589e+00,2.012356278622782924e+01
1.235190448569218891e+00,2.012852744551022965e+01
1.235206883217323748e+00,2.013321482553622843e+01
1.235223317865429049e+00,2.013775343150637553e+01
1.235239752513534128e+00,2.014204300729794994e+01
1.235256187161639430e+00,2.014487028746526320e+01
1.235272621809744509e+00,2.014769675565326779e+01
1.235289056457849810e+00,2.015257991863373022e+01
1.235305491105955111e+00,2.015861959741404519e+01
1.235321925754060191e+00,2.016447025218960221e+01
1.235338360402165492e+00,2.016910341011847407e+01
1.235354795050270571e+00,2.017373665484804235e+01
1.235371229698375872e+00,2.017550700093305949e+01
1.235387664346480729e+00,2.017558920293555502e+01
1.235404098994586031e+00,2.017624289959078610e+01
1.235420533642691110e+00,2.018096007708270889e+01
1.235436968290796411e+00,2.018567738304839665e+01
1.235453402938901712e+00,2.019294428155040677e+01
1.235469837587006792e+00,2.020178859164876428e+01
1.235486272235112093e+00,2.021014539487206463e+01
1.235502706883217172e+00,2.021463024952032583e+01
1.235519141531322473e+00,2.021911511827798336e+01
1.235535576179427553e+00,2.022293092861669450e+01
1.235552010827532854e+00,2.022631205931989129e+01
1.235568445475637711e+00,2.022908200058378725e+01
1.235584880123743012e+00,2.022637962440176196e+01
1.235601314771848314e+00,2.022367344895692298e+01
1.235617749419953393e+00,2.022726062318435325e+01
1.235634184068058694e+00,2.023514455841999293e+01
1.235650618716163773e+00,2.024292800978845719e+01
1.235667053364269075e+00,2.024965919691119254e+01
1.235683488012374154e+00,2.025639146058854934e+01
1.235699922660479455e+00,2.026014096491508454e+01
1.235716357308584534e+00,2.026174797378022419e+01
1.235732791956689836e+00,2.026386983402700182e+01
1.235749226604794693e+00,2.027228027796143550e+01
1.235765661252899994e+00,2.028069254990273151e+01
1.235782095901005295e+00,2.028770964069193639e+01
1.235798530549110374e+00,2.029367174898116843e+01
1.235814965197215676e+00,2.029948938797426550e+01
1.235831399845320755e+00,2.030314959761074434e+01
1.235847834493426056e+00,2.030680941633744752e+01
1.235864269141531135e+00,2.030983958307683324e+01
1.235880703789636437e+00,2.031236758615480298e+01
1.235897138437741516e+00,2.031511626630425837e+01
1.235913573085846817e+00,2.032208318767197142e+01
1.235930007733952118e+00,2.032905128891359681e+01
1.235946442382056976e+00,2.033425576571718807e+01
1.235962877030162277e+00,2.033797652818514834e+01
1.235979311678267356e+00,2.034172548398442260e+01
1.235995746326372657e+00,2.034622826410882013e+01
1.236012180974477737e+00,2.035073106631437767e+01
1.236028615622583038e+00,2.035414612937510626e+01
1.236045050270688117e+00,2.035659446253337990e+01
1.236061484918793418e+00,2.035913586449844104e+01
1.236077919566898720e+00,2.036572877275186144e+01
1.236094354215003799e+00,2.037232268780127953e+01
1.236110788863109100e+00,2.037811294360837522e+01
1.236127223511213957e+00,2.038314789264080673e+01
1.236143658159319259e+00,2.038813168586652935e+01
1.236160092807424338e+00,2.038717747784748724e+01
1.236176527455529639e+00,2.038622047257741343e+01
1.236192962103634718e+00,2.038913578622626943e+01
1.236209396751740019e+00,2.039590490908789278e+01
1.236225831399845321e+00,2.040267511802023037e+01
1.236242266047950400e+00,2.041058437599500053e+01
1.236258700696055701e+00,2.041850195975500526e+01
1.236275135344160780e+00,2.042441491125698505e+01
1.236291569992266082e+00,2.042821246399909541e+01
1.236308004640370939e+00,2.043200969466403194e+01
1.236324439288476240e+00,2.043282241111757003e+01
1.236340873936581319e+00,2.043357015949807121e+01
1.236357308584686621e+00,2.043438335982520115e+01
1.236373743232791922e+00,2.043527012079495364e+01
1.236390177880897001e+00,2.043615508123836122e+01
1.236406612529002302e+00,2.044716979771472509e+01
1.236423047177107382e+00,2.045856416010811785e+01
1.236439481825212683e+00,2.046662421726736270e+01
1.236455916473317762e+00,2.047075251335575530e+01
1.236472351121423063e+00,2.047488077146483221e+01
1.236488785769527921e+00,2.047242245076014200e+01
1.236505220417633222e+00,2.046960462376630119e+01
1.236521655065738301e+00,2.047179959295687013e+01
1.236538089713843602e+00,2.048035760370385816e+01
1.236554524361948904e+00,2.048891749924018058e+01
1.236570959010053983e+00,2.048736074895724357e+01
1.236587393658159284e+00,2.048507323030249339e+01
1.236603828306264363e+00,2.048574229768592048e+01
1.236620262954369664e+00,2.049041747200775276e+01
1.236636697602474744e+00,2.049509286023168286e+01
1.236653132250580045e+00,2.050612340630642194e+01
1.236669566898684902e+00,2.051773408837674850e+01
1.236686001546790203e+00,2.052682390095472087e+01
1.236702436194895505e+00,2.053226131648012753e+01
1.236718870843000584e+00,2.053769928568614489e+01
1.236735305491105885e+00,2.054087372718916171e+01
1.236751740139210964e+00,2.054379696308818737e+01
1.236768174787316266e+00,2.054754848953439605e+01
1.236784609435421345e+00,2.055258591701303317e+01
1.236801044083526646e+00,2.055762371916586773e+01
1.236817478731631725e+00,2.055905991093132812e+01
1.236833913379737027e+00,2.056001961739712414e+01
1.236850348027842328e+00,2.056306729724206761e+01
1.236866782675947185e+00,2.056959861909826159e+01
1.236883217324052486e+00,2.057613097141740610e+01
1.236899651972157566e+00,2.058250864523973789e+01
1.236916086620262867e+00,2.058886325407181772e+01
1.236932521268367946e+00,2.059448162970993934e+01
1.236948955916473247e+00,2.059877647454575822e+01
1.236965390564578327e+00,2.060307135688308122e+01
1.236981825212683628e+00,2.060069499241112823e+01
1.236998259860788707e+00,2.059712745446343263e+01
1.237014694508894008e+00,2.059685753529911523e+01
1.237031129156999310e+00,2.060299451447762920e+01
1.237047563805104167e+00,2.060913235261233467e+01
1.237063998453209468e+00,2.061056839782035865e+01
1.237080433101314547e+00,2.061104702325667404e+01
1.237096867749419848e+00,2.061461255336779530e+01
1.237113302397524928e+00,2.062468119716308834e+01
1.237129737045630229e+00,2.063475230918617243e+01
1.237146171693735308e+00,2.064260188908071214e+01
1.237162606341840609e+00,2.064994125460537333e+01
1.237179040989945911e+00,2.065655756170626844e+01
1.237195475638050990e+00,2.066151403009103760e+01
1.237211910286156291e+00,2.066647083428371090e+01
1.237228344934261148e+00,2.066875887163673298e+01
1.237244779582366450e+00,2.067035536145587216e+01
1.237261214230471529e+00,2.067240592563570090e+01
1.237277648878576830e+00,2.067559755190153581e+01
1.237294083526681909e+00,2.067878870606672237e+01
1.237310518174787211e+00,2.068402821766628463e+01
1.237326952822892512e+00,2.068986099847145610e+01
1.237343387470997591e+00,2.069577778188150319e+01
1.237359822119102892e+00,2.070192504395945221e+01
1.237376256767207749e+00,2.070807316446245139e+01
1.237392691415313051e+00,2.070864391176480979e+01
1.237409126063418130e+00,2.070741668933375479e+01
1.237425560711523431e+00,2.070837104349454094e+01
1.237441995359628510e+00,2.071599209316384105e+01
1.237458430007733812e+00,2.072361462415152999e+01
1.237474864655839113e+00,2.072762453749992417e+01
1.237491299303944192e+00,2.073034447436206307e+01
1.237507733952049493e+00,2.073359277749441176e+01
1.237524168600154573e+00,2.073864121476264089e+01
1.237540603248259874e+00,2.074369002772657211e+01
1.237557037896364731e+00,2.074958528853425221e+01
1.237573472544470032e+00,2.075581498709509631e+01
1.237589907192575112e+00,2.076175970944767357e+01
1.237606341840680413e+00,2.076661112812010401e+01
1.237622776488785714e+00,2.077146283359524404e+01
1.237639211136890793e+00,2.077556891858593247e+01
1.237655645784996095e+00,2.077935072887865786e+01
1.237672080433101174e+00,2.078314431365339132e+01
1.237688515081206475e+00,2.078698982896770886e+01
1.237704949729311554e+00,2.079083517552691163e+01
1.237721384377416856e+00,2.079459204737452893e+01
1.237737819025521713e+00,2.079830648825560502e+01
1.237754253673627014e+00,2.080242005988126408e+01
1.237770688321732093e+00,2.080853734553821610e+01
1.237787122969837394e+00,2.081465547209342049e+01
1.237803557617942696e+00,2.081961088149025585e+01
1.237819992266047775e+00,2.082395558276349945e+01
1.237836426914153076e+00,2.082800410874206776e+01
1.237852861562258155e+00,2.083030872467667294e+01
1.237869296210363457e+00,2.083261245171130582e+01
1.237885730858468536e+00,2.083648783812779470e+01
1.237902165506573837e+00,2.084126863413704456e+01
1.237918600154678694e+00,2.084513501437119487e+01
1.237935034802783996e+00,2.084253160202405297e+01
1.237951469450889297e+00,2.083992481764772009e+01
1.237967904098994376e+00,2.084388100345034189e+01
1.237984338747099677e+00,2.085198158993740947e+01
1.238000773395204757e+00,2.085989053943523786e+01
1.238017208043310058e+00,2.086610346381044323e+01
1.238033642691415137e+00,2.087231726795767628e+01
1.238050077339520438e+00,2.087769104115070462e+01
1.238066511987625518e+00,2.088248390339085603e+01
1.238082946635730819e+00,2.088703398257693422e+01
1.238099381283836120e+00,2.088879748296907124e+01
1.238115815931940977e+00,2.089055983765302216e+01
1.238132250580046279e+00,2.089613595932918244e+01
1.238148685228151358e+00,2.090460130975516861e+01
1.238165119876256659e+00,2.091260762717818622e+01
1.238181554524361738e+00,2.091311800915335795e+01
1.238197989172467040e+00,2.091362663273605449e+01
1.238214423820572119e+00,2.090344969835853561e+01
1.238230858468677420e+00,2.088440097264600226e+01
1.238247293116782499e+00,2.086662336765084902e+01
1.238263727764887800e+00,2.088402131245882032e+01
1.238280162412993102e+00,2.090142415261207987e+01
1.238296597061097959e+00,2.091918978012575892e+01
1.238313031709203260e+00,2.093728577291476611e+01
1.238329466357308339e+00,2.095519556927930793e+01
1.238345901005413641e+00,2.095768621327737335e+01
1.238362335653518720e+00,2.096017606001929678e+01
1.238378770301624021e+00,2.096399356419883375e+01
1.238395204949729100e+00,2.096913608825331465e+01
1.238411639597834402e+00,2.097427902386273146e+01
1.238428074245939703e+00,2.097948652675625780e+01
1.238444508894044782e+00,2.098469518555560498e+01
1.238460943542150083e+00,2.098927034288325899e+01
1.238477378190254941e+00,2.099315080128872779e+01
1.238493812838360242e+00,2.099703110659029548e+01
1.238510247486465321e+00,2.100088725473454687e+01
1.238526682134570622e+00,2.100474237433122937e+01
1.238543116782675702e+00,2.100917031227421816e+01
1.238559551430781003e+00,2.101428954618188882e+01
1.238575986078886304e+00,2.101940918016938653e+01
1.238592420726991383e+00,2.102124387355896218e+01
1.238608855375096685e+00,2.102317157285616389e+01
1.238625290023201764e+00,2.102711648094849650e+01
1.238641724671307065e+00,2.103374671277671837e+01
1.238658159319411922e+00,2.104037804828939784e+01
1.238674593967517223e+00,2.104480099803010873e+01
1.238691028615622303e+00,2.104902383325636350e+01
1.238707463263727604e+00,2.105287414959933656e+01
1.238723897911832905e+00,2.105617609440145444e+01
1.238740332559937984e+00,2.105947748754219617e+01
1.238756767208043286e+00,2.106693063435302093e+01
1.238773201856148365e+00,2.107488669706728857e+01
1.238789636504253666e+00,2.108155049009125648e+01
1.238806071152358745e+00,2.108610162734490245e+01
1.238822505800464047e+00,2.109065284833771159e+01
1.238838940448568904e+00,2.109526206862810938e+01
1.238855375096674205e+00,2.109988026658030691e+01
1.238871809744779506e+00,2.110436338481699892e+01
1.238888244392884586e+00,2.110860048810911138e+01
1.238904679040989887e+00,2.111283751666803354e+01
1.238921113689094966e+00,2.111647211755209241e+01
1.238937548337200267e+00,2.111999321105880156e+01
1.238953982985305347e+00,2.112334844874176198e+01
1.238970417633410648e+00,2.112636588984848629e+01
1.238986852281515727e+00,2.112938263178689979e+01
1.239003286929621028e+00,2.113560213100265628e+01
1.239019721577725885e+00,2.114254379851943710e+01
1.239036156225831187e+00,2.114895603845712202e+01
1.239052590873936488e+00,2.115414984327483694e+01
1.239069025522041567e+00,2.115934404947203262e+01
1.239085460170146868e+00,2.116488209052473479e+01
1.239101894818251948e+00,2.117051188872862966e+01
1.239118329466357249e+00,2.117591414962973673e+01
1.239134764114462328e+00,2.118072164020733084e+01
1.239151198762567629e+00,2.118552933997144905e+01
1.239167633410672709e+00,2.119093750853762259e+01
1.239184068058778010e+00,2.119653175152088664e+01
1.239200502706883311e+00,2.120180214624874893e+01
1.239216937354988168e+00,2.120610256951902528e+01
1.239233372003093470e+00,2.121040294777944979e+01
1.239249806651198549e+00,2.121300790337772924e+01
1.239266241299303850e+00,2.121500741262936884e+01
1.239282675947408929e+00,2.121663881688666109e+01
1.239299110595514231e+00,2.121699553065399968e+01
1.239315545243619310e+00,2.121735012452093372e+01
1.239331979891724611e+00,2.122282663812011094e+01
1.239348414539829912e+00,2.123039503636202951e+01
1.239364849187934992e+00,2.123794999237520287e+01
1.239381283836040293e+00,2.124544524944233714e+01
1.239397718484145150e+00,2.125294200270179701e+01
1.239414153132250451e+00,2.125940068223041379e+01
1.239430587780355530e+00,2.126537738847614634e+01
1.239447022428460832e+00,2.127114277214882421e+01
1.239463457076565911e+00,2.127586608327544937e+01
1.239479891724671212e+00,2.128058955907493299e+01
1.239496326372776291e+00,2.128575085850681603e+01
1.239512761020881593e+00,2.129114295101588183e+01
1.239529195668986894e+00,2.129633994274061592e+01
1.239545630317091751e+00,2.130034746031888560e+01
1.239562064965197274e+00,2.130435478370426594e+01
1.239578499613302132e+00,2.130871054979396462e+01
1.239594934261407433e+00,2.131327363828844668e+01
1.239611368909512512e+00,2.131773978978225159e+01
1.239627803557617813e+00,2.132144411721873922e+01
1.239644238205722893e+00,2.132514809689999780e+01
1.239660672853828194e+00,2.133039010032454996e+01
1.239677107501933495e+00,2.133666354140238042e+01
1.239693542150038574e+00,2.134286823495973096e+01
1.239709976798143876e+00,2.134831852638518868e+01
1.239726411446248733e+00,2.135376933718905690e+01
1.239742846094354034e+00,2.135804241413839577e+01
1.239759280742459113e+00,2.136142664040111683e+01
1.239775715390564415e+00,2.136477953316126488e+01
1.239792150038669494e+00,2.136760860996121991e+01
1.239808584686774795e+00,2.137043689002827307e+01
1.239825019334880096e+00,2.137165485884308325e+01
1.239841453982985175e+00,2.137150564236898020e+01
1.239857888631090477e+00,2.137159278204548229e+01
1.239874323279195556e+00,2.138046882177725649e+01
1.239890757927300857e+00,2.138934697251254846e+01
1.239907192575405714e+00,2.139800011763824017e+01
1.239923627223511016e+00,2.140643849175518199e+01
1.239940061871616095e+00,2.141487877903216486e+01
1.239956496519721396e+00,2.141977063849750351e+01
1.239972931167826697e+00,2.142465165923313108e+01
1.239989365815931777e+00,2.142695136319058236e+01
1.240005800464037078e+00,2.142647506902642007e+01
1.240022235112142157e+00,2.142599620366782176e+01
1.240038669760247458e+00,2.143272242473836897e+01
1.240055104408352538e+00,2.143969557933956693e+01
1.240071539056457839e+00,2.144751213478581775e+01
1.240087973704562696e+00,2.145635167351596095e+01
1.240104408352667997e+00,2.146519329981761359e+01
1.240120843000773299e+00,2.146779738590480946e+01
1.240137277648878378e+00,2.146997993485812373e+01
1.240153712296983679e+00,2.147408450776892863e+01
1.240170146945088758e+00,2.148082767110881974e+01
1.240186581593194060e+00,2.148757196448749696e+01
1.240203016241299139e+00,2.149177055254078894e+01
1.240219450889404440e+00,2.149570575835882380e+01
1.240235885537509519e+00,2.149864658627858205e+01
1.240252320185614821e+00,2.150003728262762692e+01
1.240268754833719678e+00,2.150142642842998342e+01
1.240285189481824979e+00,2.150344018423619374e+01
1.240301624129930280e+00,2.150554183854392321e+01
1.240318058778035359e+00,2.151052937457384573e+01
1.240334493426140661e+00,2.152065317064456806e+01
1.240350928074245740e+00,2.153077960607916097e+01
1.240367362722351041e+00,2.153408442873828577e+01
1.240383797370456120e+00,2.153612925346301665e+01
1.240400232018561422e+00,2.153972526138054278e+01
1.240416666666666501e+00,2.154649471019013518e+01
1.240433101314771802e+00,2.155326529763379639e+01
1.240449535962877103e+00,2.156136612333539304e+01
1.240465970610981961e+00,2.156977513571514748e+01
1.240482405259087262e+00,2.157707501654319415e+01
1.240498839907192341e+00,2.158174292357087865e+01
1.240515274555297642e+00,2.158641095926064679e+01
1.240531709203402722e+00,2.158744239283785760e+01
1.240548143851508023e+00,2.158745084084819510e+01
1.240564578499613102e+00,2.158795667027906617e+01
1.240581013147718403e+00,2.158984876977595846e+01
1.240597447795823705e+00,2.159173958688781170e+01
1.240613882443928784e+00,2.159644117707920330e+01
1.240630317092034085e+00,2.160208766146204695e+01
1.240646751740138942e+00,2.160807451830744341e+01
1.240663186388244243e+00,2.161518488906825652e+01
1.240679621036349323e+00,2.162229655256853533e+01
1.240696055684454624e+00,2.163054901536522223e+01
1.240712490332559703e+00,2.163925530637259342e+01
1.240728924980665004e+00,2.164598997992199614e+01
1.240745359628770084e+00,2.164481127928214832e+01
1.240761794276875385e+00,2.164362962741492069e+01
1.240778228924980686e+00,2.164758581595920006e+01
1.240794663573085765e+00,2.165392625935601956e+01
1.240811098221191067e+00,2.166086245011309330e+01
1.240827532869295924e+00,2.167077574106716042e+01
1.240843967517401225e+00,2.168069156493332272e+01
1.240860402165506304e+00,2.168575762502894122e+01
1.240876836813611606e+00,2.168820958887577532e+01
1.240893271461716685e+00,2.169114997408232881e+01
1.240909706109821986e+00,2.169727463457726913e+01
1.240926140757927287e+00,2.170340012228204074e+01
1.240942575406032367e+00,2.170948358487465057e+01
1.240959010054137668e+00,2.171554118077028406e+01
1.240975444702242747e+00,2.172114956061491142e+01
1.240991879350348048e+00,2.172268327385338083e+01
1.241008313998452905e+00,2.172421551711040166e+01
1.241024748646558207e+00,2.172511532756914221e+01
1.241041183294663286e+00,2.172556102694357349e+01
1.241057617942768587e+00,2.172644058305609960e+01
1.241074052590873888e+00,2.173354847436866066e+01
1.241090487238978968e+00,2.174065764965587277e+01
1.241106921887084269e+00,2.174781557500887530e+01
1.241123356535189348e+00,2.175501392084651542e+01
1.241139791183294649e+00,2.176221681986778478e+01
1.241156225831399729e+00,2.176952186451318383e+01
1.241172660479505030e+00,2.177682828075363020e+01
1.241189095127609887e+00,2.178308179914307630e+01
1.241205529775715188e+00,2.178833808183662057e+01
1.241221964423820490e+00,2.179359477331211536e+01
1.241238399071925569e+00,2.179841175580310875e+01
1.241254833720030870e+00,2.180322730533650244e+01
1.241271268368135949e+00,2.180727486014832550e+01
1.241287703016241251e+00,2.181048589796673909e+01
1.241304137664346330e+00,2.181369633395797081e+01
1.241320572312451631e+00,2.181896894418748190e+01
1.241337006960556710e+00,2.182432521143704918e+01
1.241353441608662012e+00,2.182978767899223627e+01
1.241369876256767313e+00,2.183538331170166913e+01
1.241386310904872170e+00,2.184097951412265814e+01
1.241402745552977471e+00,2.184319675889691936e+01
1.241419180201082550e+00,2.184514204684945682e+01
1.241435614849187852e+00,2.184663583580663371e+01
1.241452049497292931e+00,2.184747474712323623e+01
1.241468484145398232e+00,2.184831182420478157e+01
1.241484918793503311e+00,2.185759773342574164e+01
1.241501353441608613e+00,2.186792927628279770e+01
1.241517788089713692e+00,2.187652528734583157e+01
1.241534222737818993e+00,2.188218921074620127e+01
1.241550657385924294e+00,2.188785373452902050e+01
1.241567092034029152e+00,2.189028442224146431e+01
1.241583526682134453e+00,2.189216122980676005e+01
1.241599961330239532e+00,2.189499922866489712e+01
1.241616395978344833e+00,2.189973983164953353e+01
1.241632830626449913e+00,2.190448059098778089e+01
1.241649265274555214e+00,2.191213872612648217e+01
1.241665699922660293e+00,2.192044924958825192e+01
1.241682134570765594e+00,2.192726928175769174e+01
1.241698569218870896e+00,2.193059559568935057e+01
1.241715003866975975e+00,2.193392136549196891e+01
1.241731438515081276e+00,2.193677301380231626e+01
1.241747873163186133e+00,2.193949095663592530e+01
1.241764307811291435e+00,2.194239451674945940e+01
1.241780742459396514e+00,2.194582171721257069e+01
1.241797177107501815e+00,2.194924842493071893e+01
1.241813611755606894e+00,2.194394527554732477e+01
1.241830046403712196e+00,2.193562864502008480e+01
1.241846481051817497e+00,2.193289325462901118e+01
1.241862915699922576e+00,2.194939212181282429e+01
1.241879350348027877e+00,2.196589600739582693e+01
1.241895784996132734e+00,2.197898082031120026e+01
1.241912219644238036e+00,2.199064578293568317e+01
1.241928654292343115e+00,2.200113185217510292e+01
1.241945088940448416e+00,2.200649864007265322e+01
1.241961523588553495e+00,2.201186588181553105e+01
1.241977958236658797e+00,2.201541041593500125e+01
1.241994392884763876e+00,2.201805086446275794e+01
1.242010827532869177e+00,2.202082398193723378e+01
1.242027262180974478e+00,2.202435535979065762e+01
1.242043696829079558e+00,2.202788629586732583e+01
1.242060131477184859e+00,2.203259047511458135e+01
1.242076566125289716e+00,2.203798270421170713e+01
1.242093000773395017e+00,2.204172914309420861e+01
1.242109435421500097e+00,2.204573834168165547e+01
1.242125870069605398e+00,2.204974792567458053e+01
1.242142304717710477e+00,2.205075904022181277e+01
1.242158739365815778e+00,2.204970441248940105e+01
1.242175174013921080e+00,2.204884488281226140e+01
1.242191608662026159e+00,2.205047571972556142e+01
1.242208043310131460e+00,2.205210662580445202e+01
1.242224477958236539e+00,2.205292808777158342e+01
1.242240912606341841e+00,2.205309615892958774e+01
1.242257347254446698e+00,2.205332247667124790e+01
1.242273781902551999e+00,2.205521598449200482e+01
1.242290216550657078e+00,2.205710959974662799e+01
1.242306651198762379e+00,2.205830392827990849e+01
1.242323085846867681e+00,2.205883768350379270e+01
1.242339520494972760e+00,2.205937133886521906e+01
1.242355955143078061e+00,2.205519764882597755e+01
1.242372389791183140e+00,2.205099747759279794e+01
1.242388824439288442e+00,2.205217052248164933e+01
1.242405259087393521e+00,2.205928666352648548e+01
1.242421693735498822e+00,2.206640349899090126e+01
1.242438128383603679e+00,2.206555400396523225e+01
1.242454563031708981e+00,2.206432887944812649e+01
1.242470997679814282e+00,2.206438031827254420e+01
1.242487432327919361e+00,2.206608962771407789e+01
1.242503866976024662e+00,2.206779901777296971e+01
1.242520301624129742e+00,2.207031492985223053e+01
1.242536736272235043e+00,2.207290590286645582e+01
1.242553170920340122e+00,2.207505587451376172e+01
1.242569605568445423e+00,2.207653003673686953e+01
1.242586040216550503e+00,2.207800424475878742e+01
1.242602474864655804e+00,2.207716180603537026e+01
1.242618909512761105e+00,2.207598741090534844e+01
1.242635344160865962e+00,2.207456672099635853e+01
1.242651778808971264e+00,2.207269792208382597e+01
1.242668213457076343e+00,2.207082860236240052e+01
1.242684648105181644e+00,2.207583237624442063e+01
1.242701082753286723e+00,2.208220264528622678e+01
1.242717517401392024e+00,2.208691577792180638e+01
1.242733952049497104e+00,2.208800319760898390e+01
1.242750386697602405e+00,2.208909060444298689e+01
1.242766821345707484e+00,2.208889386300001689e+01
1.242783255993812785e+00,2.208836224805934378e+01
1.242799690641918087e+00,2.208800413505421645e+01
1.242816125290022944e+00,2.208810944404063648e+01
1.242832559938128245e+00,2.208821458324309006e+01
1.242848994586233324e+00,2.209007526898863105e+01
1.242865429234338626e+00,2.209251515861154402e+01
1.242881863882443705e+00,2.209403869368785323e+01
1.242898298530549006e+00,2.209251449011007651e+01
1.242914733178654085e+00,2.209098983050149911e+01
1.242931167826759387e+00,2.209069376371283511e+01
1.242947602474864688e+00,2.209089858244740157e+01
1.242964037122969767e+00,2.209121111984065777e+01
1.242980471771075068e+00,2.209198515892425263e+01
1.242996906419179926e+00,2.209255125872200409e+01
1.243013341067285227e+00,2.209522100157703761e+01
1.243029775715390306e+00,2.209895975863230788e+01
1.243046210363495607e+00,2.210185153697268845e+01
1.243062645011600686e+00,2.209983965103012693e+01
1.243079079659705988e+00,2.209782731527375788e+01
1.243095514307811289e+00,2.209927090399220262e+01
1.243111948955916368e+00,2.210277843942427012e+01
1.243128383604021669e+00,2.210576911253322407e+01
1.243144818252126749e+00,2.210434585196908586e+01
1.243161252900232050e+00,2.210292223748169604e+01
1.243177687548336907e+00,2.210102747416586055e+01
1.243194122196442208e+00,2.209879619467638889e+01
1.243210556844547288e+00,2.209663629921177730e+01
1.243226991492652589e+00,2.209556232940293441e+01
1.243243426140757668e+00,2.209448806066075122e+01
1.243259860788862969e+00,2.209738381482653224e+01
1.243276295436968271e+00,2.210365450635656615e+01
1.243292730085073350e+00,2.210983615334216168e+01
1.243309164733178651e+00,2.211137639303287372e+01
1.243325599381283730e+00,2.211291669733426701e+01
1.243342034029389032e+00,2.211243810438795876e+01
1.243358468677493889e+00,2.210991778398860674e+01
1.243374903325599190e+00,2.210739692781295673e+01
1.243391337973704269e+00,2.210666852643907632e+01
1.243407772621809571e+00,2.210598491660870835e+01
1.243424207269914872e+00,2.210869257404872457e+01
1.243440641918019951e+00,2.211548540613124914e+01
1.243457076566125252e+00,2.212227878202184428e+01
1.243473511214230331e+00,2.212356071351307207e+01
1.243489945862335633e+00,2.212443859834884918e+01
1.243506380510440712e+00,2.212532234802703712e+01
1.243522815158546013e+00,2.212621455946228721e+01
1.243539249806650870e+00,2.212710675309221386e+01
1.243555684454756172e+00,2.212781488756436588e+01
1.243572119102861473e+00,2.212849965917025585e+01
1.243588553750966552e+00,2.212882848478670894e+01
1.243604988399071853e+00,2.212853899388771239e+01
1.243621423047176933e+00,2.212824932189279536e+01
1.243637857695282234e+00,2.212977256310431784e+01
1.243654292343387313e+00,2.213163335559737988e+01
1.243670726991492614e+00,2.213316705036717380e+01
1.243687161639597694e+00,2.213400777093448468e+01
1.243703596287702995e+00,2.213484846693089736e+01
1.243720030935808296e+00,2.213565226201722780e+01
1.243736465583913153e+00,2.213644670683068583e+01
1.243752900232018455e+00,2.213711318678685558e+01
1.243769334880123534e+00,2.213744351670019839e+01
1.243785769528228835e+00,2.213777375329449626e+01
1.243802204176333914e+00,2.213845320266359096e+01
1.243818638824439216e+00,2.213924712269697892e+01
1.243835073472544295e+00,2.213931971838043467e+01
1.243851508120649596e+00,2.213698261294968361e+01
1.243867942768754897e+00,2.213464500344922214e+01
1.243884377416859977e+00,2.212921407779300864e+01
1.243900812064965278e+00,2.212250397531539292e+01
1.243917246713070135e+00,2.211837663916271168e+01
1.243933681361175436e+00,2.212565023321045743e+01
1.243950116009280515e+00,2.213292439758626173e+01
1.243966550657385817e+00,2.213637015312965417e+01
1.243982985305490896e+00,2.213785943854835736e+01
1.243999419953596197e+00,2.213907426641881315e+01
1.244015854601701276e+00,2.213858558379532582e+01
1.244032289249806578e+00,2.213809669103963529e+01
1.244048723897911879e+00,2.213958242777259144e+01
1.244065158546016736e+00,2.214230120753075326e+01
1.244081593194122259e+00,2.214461474766988758e+01
1.244098027842227117e+00,2.214294754629812090e+01
1.244114462490332418e+00,2.214127995231394408e+01
1.244130897138437497e+00,2.214318545323727605e+01
1.244147331786542798e+00,2.214779608269212474e+01
1.244163766434647878e+00,2.215200759784240603e+01
1.244180201082753179e+00,2.214789251835039607e+01
1.244196635730858480e+00,2.214377661329789149e+01
1.244213070378963559e+00,2.214248772299606571e+01
1.244229505027068861e+00,2.214378467371169279e+01
1.244245939675173718e+00,2.214508165866964262e+01
1.244262374323279019e+00,2.215111704705009998e+01
1.244278808971384098e+00,2.215715850828293298e+01
1.244295243619489399e+00,2.216078050464126292e+01
1.244311678267594479e+00,2.216172999336874838e+01
1.244328112915699780e+00,2.216267947175433761e+01
1.244344547563805081e+00,2.216350178951344674e+01
1.244360982211910160e+00,2.216431759869216478e+01
1.244377416860015462e+00,2.216469380709019177e+01
1.244393851508120541e+00,2.216434817288560311e+01
1.244410286156225842e+00,2.216400242607515736e+01
1.244426720804330699e+00,2.216160856079229902e+01
1.244443155452436001e+00,2.215899635078616114e+01
1.244459590100541080e+00,2.215742480584125573e+01
1.244476024748646381e+00,2.215755257496490671e+01
1.244492459396751460e+00,2.215768028272999146e+01
1.244508894044856762e+00,2.216027440361457579e+01
1.244525328692962063e+00,2.216328423625617816e+01
1.244541763341067142e+00,2.216546782228301637e+01
1.244558197989172443e+00,2.216598635883274682e+01
1.244574632637277523e+00,2.216650487422447569e+01
1.244591067285382824e+00,2.216482168490636795e+01
1.244607501933487681e+00,2.216261318391876500e+01
1.244623936581592982e+00,2.216199810078893861e+01
1.244640371229698061e+00,2.216541781537765843e+01
1.244656805877803363e+00,2.216883774933434736e+01
1.244673240525908664e+00,2.217001197568828985e+01
1.244689675174013743e+00,2.217047227100411888e+01
1.244706109822119044e+00,2.217044143489300367e+01
1.244722544470224124e+00,2.216880557942738861e+01
1.244738979118329425e+00,2.216716945801979222e+01
1.244755413766434504e+00,2.216515503956528477e+01
1.244771848414539805e+00,2.216298571389796379e+01
1.244788283062644663e+00,2.216201093156508506e+01
1.244804717710749964e+00,2.216629446748416399e+01
1.244821152358855265e+00,2.217057827457205121e+01
1.244837587006960344e+00,2.217305993082299054e+01
1.244854021655065646e+00,2.217461497246837610e+01
1.244870456303170725e+00,2.217601083085071068e+01
1.244886890951276026e+00,2.217639188309914999e+01
1.244903325599381105e+00,2.217677290025031311e+01
1.244919760247486407e+00,2.217684238696604382e+01
1.244936194895591486e+00,2.217671325878704991e+01
1.244952629543696787e+00,2.217655837015669817e+01
1.244969064191802088e+00,2.217612972656569426e+01
1.244985498839906946e+00,2.217570096116901368e+01
1.245001933488012247e+00,2.217602886950236041e+01
1.245018368136117326e+00,2.217694961818531141e+01
1.245034802784222627e+00,2.217787334249413789e+01
1.245051237432327707e+00,2.217887724428863550e+01
1.245067672080433008e+00,2.217988117227227818e+01
1.245084106728538087e+00,2.218034096333661154e+01
1.245100541376643388e+00,2.218027864645628711e+01
1.245116976024748690e+00,2.218021624799540703e+01
1.245133410672853769e+00,2.218094164763385834e+01
1.245149845320959070e+00,2.218167901846597090e+01
1.245166279969063927e+00,2.218224030100896371e+01
1.245182714617169228e+00,2.218259454062896552e+01
1.245199149265274308e+00,2.218294874241709635e+01
1.245215583913379609e+00,2.218345250056557916e+01
1.245232018561484688e+00,2.218396677669451122e+01
1.245248453209589989e+00,2.218432020672186411e+01
1.245264887857695069e+00,2.218444081295867676e+01
1.245281322505800370e+00,2.218456135709241650e+01
1.245297757153905671e+00,2.218438622657622616e+01
1.245314191802010750e+00,2.218417181583862074e+01
1.245330626450116052e+00,2.218424959703127541e+01
1.245347061098220909e+00,2.218485319067841743e+01
1.245363495746326210e+00,2.218545677167575647e+01
1.245379930394431289e+00,2.218177307738160664e+01
1.245396365042536591e+00,2.217721957392126342e+01
1.245412799690641670e+00,2.217323670853926032e+01
1.245429234338746971e+00,2.217055180899001954e+01
1.245445668986852272e+00,2.216786650414085003e+01
1.245462103634957352e+00,2.216867189356532464e+01
1.245478538283062653e+00,2.217046457567822060e+01
1.245494972931167732e+00,2.217344879512829436e+01
1.245511407579273033e+00,2.217994208364631348e+01
1.245527842227377890e+00,2.218643573428434479e+01
1.245544276875483192e+00,2.218889343306555517e+01
1.245560711523588271e+00,2.218983823314407644e+01
1.245577146171693572e+00,2.219016002867058646e+01
1.245593580819798873e+00,2.218800672518731076e+01
1.245610015467903953e+00,2.218585308879369578e+01
1.245626450116009254e+00,2.218498168048798647e+01
1.245642884764114333e+00,2.218472822228202901e+01
1.245659319412219634e+00,2.218466989535558298e+01
1.245675754060324714e+00,2.218573216372158896e+01
1.245692188708430015e+00,2.218679446377653264e+01
1.245708623356534872e+00,2.218745728420988783e+01
1.245725058004640173e+00,2.218787723309133142e+01
1.245741492652745253e+00,2.218844258302539529e+01
1.245757927300850554e+00,2.219038817284859277e+01
1.245774361948955855e+00,2.219233387248327816e+01
1.245790796597060934e+00,2.219377781251844439e+01
1.245807231245166236e+00,2.219484120530717419e+01
1.245823665893271315e+00,2.219587435421827948e+01
1.245840100541376616e+00,2.219621654670911326e+01
1.245856535189481695e+00,2.219655870015520804e+01
1.245872969837586997e+00,2.219665711685898657e+01
1.245889404485691854e+00,2.219652606645511739e+01
1.245905839133797155e+00,2.219639492711141315e+01
1.245922273781902456e+00,2.219366495550335472e+01
1.245938708430007535e+00,2.219090354880313853e+01
1.245955143078112837e+00,2.218860631455935106e+01
1.245971577726217916e+00,2.218685146597011837e+01
1.245988012374323217e+00,2.218509633658535307e+01
1.246004447022428296e+00,2.218728967025140975e+01
1.246020881670533598e+00,2.218976133184898458e+01
1.246037316318638677e+00,2.219220267341162867e+01
1.246053750966743978e+00,2.219459976983537430e+01
1.246070185614849279e+00,2.219699701230617706e+01
1.246086620262954137e+00,2.219906913800670267e+01
1.246103054911059438e+00,2.220109691993472012e+01
1.246119489559164517e+00,2.220248600316829268e+01
1.246135924207269818e+00,2.220270145760978053e+01
1.246152358855374898e+00,2.220291685992203412e+01
1.246168793503480199e+00,2.220369510918510514e+01
1.246185228151585278e+00,2.220459277545003829e+01
1.246201662799690579e+00,2.220410122042329704e+01
1.246218097447795881e+00,2.220032930708196517e+01
1.246234532095900960e+00,2.219655683001382940e+01
1.246250966744006261e+00,2.219509474100326685e+01
1.246267401392111118e+00,2.219432295097715624e+01
1.246283836040216420e+00,2.219337602680903387e+01
1.246300270688321499e+00,2.219188171230614870e+01
1.246316705336426800e+00,2.219038715002884388e+01
1.246333139984531879e+00,2.219320539275354776e+01
1.246349574632637180e+00,2.219774703381057890e+01
1.246366009280742482e+00,2.220148009528315569e+01
1.246382443928847561e+00,2.220168958290831185e+01
1.246398878576952862e+00,2.220189901781377628e+01
1.246415313225057719e+00,2.220203885959918821e+01
1.246431747873163021e+00,2.220214262449241716e+01
1.246448182521268100e+00,2.220254215899526429e+01
1.246464617169373401e+00,2.220490777430343243e+01
1.246481051817478480e+00,2.220727353314278929e+01
1.246497486465583782e+00,2.220764548455713694e+01
1.246513921113688861e+00,2.220670300792135166e+01
1.246530355761794162e+00,2.220598395256332935e+01
1.246546790409899463e+00,2.220804171221176659e+01
1.246563225058004543e+00,2.221009959081369090e+01
1.246579659706109844e+00,2.221187719378756853e+01
1.246596094354214701e+00,2.221342198448895999e+01
1.246612529002320002e+00,2.221493244566861591e+01
1.246628963650425082e+00,2.221456058104380205e+01
1.246645398298530383e+00,2.221418860110821214e+01
1.246661832946635462e+00,2.221390813641076534e+01
1.246678267594740763e+00,2.221372312898058610e+01
1.246694702242846065e+00,2.221353802681132095e+01
1.246711136890951144e+00,2.221279597236696901e+01
1.246727571539056445e+00,2.221203116762397656e+01
1.246744006187161524e+00,2.221148221206311746e+01
1.246760440835266825e+00,2.221121669724821146e+01
1.246776875483371683e+00,2.221095107890830533e+01
1.246793310131476984e+00,2.220785993542131465e+01
1.246809744779582063e+00,2.220446725202531368e+01
1.246826179427687364e+00,2.220464543438709271e+01
1.246842614075792666e+00,2.221077686029486742e+01
1.246859048723897745e+00,2.221690863679136640e+01
1.246875483372003046e+00,2.221896931645530415e+01
1.246891918020108125e+00,2.222028951045732370e+01
1.246908352668213427e+00,2.222085378681269319e+01
1.246924787316318506e+00,2.221979047345731217e+01
1.246941221964423807e+00,2.221872696506483535e+01
1.246957656612528664e+00,2.221906038696976893e+01
1.246974091260633966e+00,2.221976923691527972e+01
1.246990525908739045e+00,2.222053956082497805e+01
1.247006960556844346e+00,2.222148570618697505e+01
1.247023395204949647e+00,2.222243187220594862e+01
1.247039829853054727e+00,2.222315773230856095e+01
1.247056264501160028e+00,2.222380206087293431e+01
1.247072699149265107e+00,2.222444744478610446e+01
1.247089133797370408e+00,2.222509705974628247e+01
1.247105568445475487e+00,2.222574666661743592e+01
1.247122003093580789e+00,2.222604402078039598e+01
1.247138437741685646e+00,2.222616882356347290e+01
1.247154872389790947e+00,2.222494835635650645e+01
1.247171307037896248e+00,2.221558938767682179e+01
1.247187741686001328e+00,2.220622881418529815e+01
1.247204176334106629e+00,2.219228278572402857e+01
1.247220610982211708e+00,2.217543141277610275e+01
1.247237045630317009e+00,2.216164989181059042e+01
1.247253480278422089e+00,2.218194362678624998e+01
1.247269914926527390e+00,2.220223694765298461e+01
1.247286349574632469e+00,2.221529758333942439e+01
1.247302784222737770e+00,2.222251419026722274e+01
1.247319218870843072e+00,2.222958165151019827e+01
1.247335653518947929e+00,2.223038055235187116e+01
1.247352088167053230e+00,2.223117945970373555e+01
1.247368522815158309e+00,2.223174797785984680e+01
1.247384957463263611e+00,2.223207990592744565e+01
1.247401392111368690e+00,2.223241179393928135e+01
1.247417826759473991e+00,2.222921691493885987e+01
1.247434261407579070e+00,2.222588793988558464e+01
1.247450696055684372e+00,2.222442704323095697e+01
1.247467130703789673e+00,2.222540810708250447e+01
1.247483565351894752e+00,2.222638919491138765e+01
1.247500000000000053e+00,2.222497636375779351e+01
1.247516434648104910e+00,2.222330710502906470e+01
1.247532869296210212e+00,2.222073258972831411e+01
1.247549303944315291e+00,2.221663717695452078e+01
1.247565738592420592e+00,2.221254115110033212e+01
1.247582173240525671e+00,2.221767373902818576e+01
1.247598607888630973e+00,2.222452718095993163e+01
1.247615042536736274e+00,2.222958637051675268e+01
1.247631477184841353e+00,2.223069721621930128e+01
1.247647911832946654e+00,2.223180809806932245e+01
1.247664346481051734e+00,2.223090130297594058e+01
1.247680781129157035e+00,2.222943192907472465e+01
1.247697215777261892e+00,2.222854757961787087e+01
1.247713650425367193e+00,2.222940472939661660e+01
1.247730085073472273e+00,2.223026189133071284e+01
1.247746519721577574e+00,2.223130469894577743e+01
1.247762954369682653e+00,2.223241940895831092e+01
1.247779389017787954e+00,2.223379396882016223e+01
1.247795823665893256e+00,2.223627475689881905e+01
1.247812258313998335e+00,2.223875569717504419e+01
1.247828692962103636e+00,2.223998229090429746e+01
1.247845127610208715e+00,2.224056107922313785e+01
1.247861562258314017e+00,2.224090464335252193e+01
1.247877996906418874e+00,2.223965408421401690e+01
1.247894431554524175e+00,2.223840330761246520e+01
1.247910866202629254e+00,2.223951093620269148e+01
1.247927300850734555e+00,2.224220691540110550e+01
1.247943735498839857e+00,2.224462967124359380e+01
1.247960170146944936e+00,2.224322060809315005e+01
1.247976604795050237e+00,2.224181130804099027e+01
1.247993039443155316e+00,2.224096589874972807e+01
1.248009474091260618e+00,2.224060971661351616e+01
1.248025908739365697e+00,2.224026189836058975e+01
1.248042343387470998e+00,2.224190333480373738e+01
1.248058778035575855e+00,2.224354485501758560e+01
1.248075212683681157e+00,2.224452757920869672e+01
1.248091647331786458e+00,2.224477602675849397e+01
1.248108081979891537e+00,2.224502442568561733e+01
1.248124516627996838e+00,2.224573400699818038e+01
1.248140951276101918e+00,2.224647220148323967e+01
1.248157385924207219e+00,2.224651324662026042e+01
1.248173820572312298e+00,2.224555138083196226e+01
1.248190255220417599e+00,2.224458933226612700e+01
1.248206689868522679e+00,2.223945172421237615e+01
1.248223124516627980e+00,2.223373614487700678e+01
1.248239559164732837e+00,2.223107167719148691e+01
1.248255993812838138e+00,2.223415144551263367e+01
1.248272428460943440e+00,2.223723140954681554e+01
1.248288863109048519e+00,2.224160838962760067e+01
1.248305297757153820e+00,2.224627956172964005e+01
1.248321732405258899e+00,2.224974451202960068e+01
1.248338167053364200e+00,2.225015953698597571e+01
1.248354601701469280e+00,2.225057453039786282e+01
1.248371036349574581e+00,2.225193593618768517e+01
1.248387470997679660e+00,2.225361030381794691e+01
1.248403905645784961e+00,2.225497111951213824e+01
1.248420340293890263e+00,2.225521719187219460e+01
1.248436774941995120e+00,2.225546321536650396e+01
1.248453209590100421e+00,2.225344558831879738e+01
1.248469644238205500e+00,2.225039888369333241e+01
1.248486078886310802e+00,2.224692365236726133e+01
1.248502513534415881e+00,2.224112107825855134e+01
1.248518948182521182e+00,2.223531760700627657e+01
1.248535382830626261e+00,2.223892131651475523e+01
1.248551817478731563e+00,2.224821385482552216e+01
1.248568252126836864e+00,2.225675964155267650e+01
1.248584686774941721e+00,2.225783458061113862e+01
1.248601121423047244e+00,2.225890955241315439e+01
1.248617556071152102e+00,2.225931641809079764e+01
1.248633990719257403e+00,2.225919509374057981e+01
1.248650425367362482e+00,2.225895888256358290e+01
1.248666860015467783e+00,2.225826372140453202e+01
1.248683294663572863e+00,2.225756843869536539e+01
1.248699729311678164e+00,2.225527340005821131e+01
1.248716163959783465e+00,2.225133610682694751e+01
1.248732598607888544e+00,2.224739830957099329e+01
1.248749033255993846e+00,2.224738352017830678e+01
1.248765467904098703e+00,2.224752853640898209e+01
1.248781902552204004e+00,2.224946103168027278e+01
1.248798337200309083e+00,2.225378169826973362e+01
1.248814771848414384e+00,2.225810258335554437e+01
1.248831206496519464e+00,2.225977870526523716e+01
1.248847641144624765e+00,2.226114568778215030e+01
1.248864075792730066e+00,2.226184381366890008e+01
1.248880510440835145e+00,2.226136497885221388e+01
1.248896945088940447e+00,2.226088604348495892e+01
1.248913379737045526e+00,2.226164699694583504e+01
1.248929814385150827e+00,2.226266293055989465e+01
1.248946249033255684e+00,2.226328342099925450e+01
1.248962683681360986e+00,2.226296503344944000e+01
1.248979118329466065e+00,2.226264656054352287e+01
1.248995552977571366e+00,2.226266257880983801e+01
1.249011987625676445e+00,2.226278235490036295e+01
1.249028422273781747e+00,2.226274678384491068e+01
1.249044856921887048e+00,2.226219126036194140e+01
1.249061291569992127e+00,2.226163562898166148e+01
1.249077726218097428e+00,2.226116877094152358e+01
1.249094160866202508e+00,2.226074051766943285e+01
1.249110595514307809e+00,2.226044632297015013e+01
1.249127030162412666e+00,2.226083952237733854e+01
1.249143464810517967e+00,2.226123270002631216e+01
1.249159899458623046e+00,2.225934207392087316e+01
1.249176334106728348e+00,2.225610866077939676e+01
1.249192768754833649e+00,2.225353588011415340e+01
1.249209203402938728e+00,2.225717029682299852e+01
1.249225638051044029e+00,2.226080490347451857e+01
1.249242072699149109e+00,2.226341443428961497e+01
1.249258507347254410e+00,2.226522688385851367e+01
1.249274941995359489e+00,2.226700273944670982e+01
1.249291376643464790e+00,2.226754350066929788e+01
1.249307811291569648e+00,2.226808425254012036e+01
1.249324245939674949e+00,2.226839385181023800e+01
1.249340680587780250e+00,2.226846758676608928e+01
1.249357115235885329e+00,2.226854127218792101e+01
1.249373549883990631e+00,2.226754790851224541e+01
1.249389984532095710e+00,2.226651124319255715e+01
1.249406419180201011e+00,2.226609521192407470e+01
1.249422853828306090e+00,2.226651184398500760e+01
1.249439288476411392e+00,2.226692845628386763e+01
1.249455723124516471e+00,2.226422744166717749e+01
1.249472157772621772e+00,2.226115273704938247e+01
1.249488592420726629e+00,2.225983609226051030e+01
1.249505027068831930e+00,2.226166046387044517e+01
1.249521461716937232e+00,2.226348492292463987e+01
1.249537896365042311e+00,2.226403582633999179e+01
1.249554331013147612e+00,2.226431583352712451e+01
1.249570765661252691e+00,2.226506581485755731e+01
1.249587200309357993e+00,2.226696498073120978e+01
1.249603634957463072e+00,2.226886423905370904e+01
1.249620069605568373e+00,2.226941252477761068e+01
1.249636504253673452e+00,2.226952443721043906e+01
1.249652938901778754e+00,2.226972520549993462e+01
1.249669373549884055e+00,2.227023856151510373e+01
1.249685808197988912e+00,2.227075190591075682e+01
1.249702242846094213e+00,2.227143732883870086e+01
1.249718677494199293e+00,2.227220122362991006e+01
1.249735112142304594e+00,2.227203391919611875e+01
1.249751546790409673e+00,2.226667613413079039e+01
1.249767981438514974e+00,2.226131763774170835e+01
1.249784416086620054e+00,2.226088076613676492e+01
1.249800850734725355e+00,2.226349474141628448e+01
1.249817285382830656e+00,2.226611776461083281e+01
1.249833720030935735e+00,2.226883998671201681e+01
1.249850154679041037e+00,2.227156235198726009e+01
1.249866589327145894e+00,2.227106203318469113e+01
1.249883023975251195e+00,2.226789936329675257e+01
1.249899458623356274e+00,2.226474367202277449e+01
1.249915893271461576e+00,2.226216434955322043e+01
1.249932327919566655e+00,2.225958469917610216e+01
1.249948762567671956e+00,2.225865645748020683e+01
1.249965197215777257e+00,2.225953509019477750e+01
1.249981631863882336e+00,2.226041374101704307e+01
1.249998066511987638e+00,2.226091268270142365e+01
1.250014501160092717e+00,2.226138838438645706e+01
1.250030935808198018e+00,2.226422668819268225e+01
1.250047370456302875e+00,2.227142432362763813e+01
1.250063805104408177e+00,2.227862282126777416e+01
1.250080239752513256e+00,2.227889668076682383e+01
1.250096674400618557e+00,2.227815121388767139e+01
1.250113109048723858e+00,2.227843716781079664e+01
1.250129543696828938e+00,2.228075947730557616e+01
1.250145978344934239e+00,2.228308192687759970e+01
1.250162412993039318e+00,2.228543248753122441e+01
1.250178847641144619e+00,2.228779015133270391e+01
1.250195282289249699e+00,2.229000656047498907e+01
1.250211716937355000e+00,2.229183137029683337e+01
1.250228151585459857e+00,2.229365623020565579e+01
1.250244586233565158e+00,2.229512475108485958e+01
1.250261020881670238e+00,2.229646114060872009e+01
1.250277455529775539e+00,2.229765481065632926e+01
1.250293890177880840e+00,2.229825470138477428e+01
1.250310324825985919e+00,2.229885440809152541e+01
1.250326759474091221e+00,2.229947394616364065e+01
1.250343194122196300e+00,2.230010371260458157e+01
1.250359628770301601e+00,2.230088876818133059e+01
1.250376063418406680e+00,2.230279279907387036e+01
1.250392498066511981e+00,2.230469689453398985e+01
1.250408932714616839e+00,2.230670871062581995e+01
1.250425367362722140e+00,2.230879669395433851e+01
1.250441802010827441e+00,2.231087527074010168e+01
1.250458236658932520e+00,2.231277294355805907e+01
1.250474671307037822e+00,2.231467067970794460e+01
1.250491105955142901e+00,2.231616750306897501e+01
1.250507540603248202e+00,2.231728464198435802e+01
1.250523975251353281e+00,2.231840169792648254e+01
1.250540409899458583e+00,2.232006099805266075e+01
1.250556844547563662e+00,2.232173286997538142e+01
1.250573279195668963e+00,2.232234709182025156e+01
1.250589713843774264e+00,2.232162048363952067e+01
1.250606148491879122e+00,2.232089341765007617e+01
1.250622583139984423e+00,2.232173351947295714e+01
1.250639017788089502e+00,2.232273878166964920e+01
1.250655452436194803e+00,2.232369346056966819e+01
1.250671887084299883e+00,2.232456135855368018e+01
1.250688321732405184e+00,2.232542912539144098e+01
1.250704756380510263e+00,2.232861083972224847e+01
1.250721191028615564e+00,2.233226202496997459e+01
1.250737625676720643e+00,2.233507746905137381e+01
1.250754060324825945e+00,2.233589272524931246e+01
1.250770494972931246e+00,2.233670783996601017e+01
1.250786929621036103e+00,2.233889581186337026e+01
1.250803364269141404e+00,2.234152225854893459e+01
1.250819798917246484e+00,2.234351419856792020e+01
1.250836233565351785e+00,2.234327022223145320e+01
1.250852668213456864e+00,2.234302589034881237e+01
1.250869102861562165e+00,2.234371555723232206e+01
1.250885537509667245e+00,2.234483644823180626e+01
1.250901972157772546e+00,2.234606642849630376e+01
1.250918406805877847e+00,2.234792920245751802e+01
1.250934841453982704e+00,2.234979203322511410e+01
1.250951276102088006e+00,2.234928464707037676e+01
1.250967710750193085e+00,2.234726123808319898e+01
1.250984145398298386e+00,2.234554036812872013e+01
1.251000580046403465e+00,2.234768207631608306e+01
1.251017014694508767e+00,2.234982389189740459e+01
1.251033449342613846e+00,2.235375362128087673e+01
1.251049883990719147e+00,2.235923441035289017e+01
1.251066318638824448e+00,2.236471583809870722e+01
1.251082753286929528e+00,2.236362654706967845e+01
1.251099187935034829e+00,2.236252455624786251e+01
1.251115622583139686e+00,2.236049656393167950e+01
1.251132057231244987e+00,2.235738437529133549e+01
1.251148491879350066e+00,2.235427118373482003e+01
1.251164926527455368e+00,2.235837851866364900e+01
1.251181361175560447e+00,2.236308755814879135e+01
1.251197795823665748e+00,2.236541416131669635e+01
1.251214230471771049e+00,2.236394223229195077e+01
1.251230665119876129e+00,2.236246968309594152e+01
1.251247099767981430e+00,2.236436145936662001e+01
1.251263534416086509e+00,2.236685729745066098e+01
1.251279969064191810e+00,2.237078869171863005e+01
1.251296403712296668e+00,2.237791529941214819e+01
1.251312838360401969e+00,2.238504275715296998e+01
1.251329273008507048e+00,2.238756849443537789e+01
1.251345707656612349e+00,2.238873611099434058e+01
1.251362142304717651e+00,2.238984204648136256e+01
1.251378576952822730e+00,2.239074638187119959e+01
1.251395011600928031e+00,2.239165059317394224e+01
1.251411446249033110e+00,2.239300310757257151e+01
1.251427880897138412e+00,2.239455131264396570e+01
1.251444315545243491e+00,2.239572272647201956e+01
1.251460750193348792e+00,2.239488578726321677e+01
1.251477184841453649e+00,2.239404836730432180e+01
1.251493619489558951e+00,2.239613055510738704e+01
1.251510054137664030e+00,2.240000455254707390e+01
1.251526488785769331e+00,2.240369655244457192e+01
1.251542923433874632e+00,2.240533207681776773e+01
1.251559358081979711e+00,2.240696761587591013e+01
1.251575792730085013e+00,2.240524233475061422e+01
1.251592227378190092e+00,2.240068864608648624e+01
1.251608662026295393e+00,2.239617050149110611e+01
1.251625096674400472e+00,2.239959358097778974e+01
1.251641531322505774e+00,2.240301698711482103e+01
1.251657965970610631e+00,2.240659011346945562e+01
1.251674400618715932e+00,2.241033473831612355e+01
1.251690835266821233e+00,2.241407974163675121e+01
1.251707269914926313e+00,2.241611764764644477e+01
1.251723704563031614e+00,2.241802201314242993e+01
1.251740139211136693e+00,2.241873461390848377e+01
1.251756573859241994e+00,2.241757251901109882e+01
1.251773008507347074e+00,2.241640987301846266e+01
1.251789443155452375e+00,2.241701841439740051e+01
1.251805877803557454e+00,2.241793980513194029e+01
1.251822312451662755e+00,2.241845207505579651e+01
1.251838747099768057e+00,2.241805800843043883e+01
1.251855181747872914e+00,2.241766355564569224e+01
1.251871616395978215e+00,2.242282286779405354e+01
1.251888051044083294e+00,2.242962328424081164e+01
1.251904485692188596e+00,2.243478401294978752e+01
1.251920920340293675e+00,2.243454350373256290e+01
1.251937354988398976e+00,2.243430264036863164e+01
1.251953789636504055e+00,2.243518503212171922e+01
1.251970224284609357e+00,2.243656319289940271e+01
1.251986658932714436e+00,2.243798902857811939e+01
1.252003093580819737e+00,2.243967585271265008e+01
1.252019528228925038e+00,2.244136270093289198e+01
1.252035962877029895e+00,2.244129453544065100e+01
1.252052397525135197e+00,2.244012825407255818e+01
1.252068832173240276e+00,2.243929871694983902e+01
1.252085266821345577e+00,2.244258008155664541e+01
1.252101701469450656e+00,2.244586174895301411e+01
1.252118136117555958e+00,2.244957130982296789e+01
1.252134570765661037e+00,2.245365086851760594e+01
1.252151005413766338e+00,2.245773085774091271e+01
1.252167440061871639e+00,2.245882812130093242e+01
1.252183874709976719e+00,2.245991572108723844e+01
1.252200309358082020e+00,2.246107828333494894e+01
1.252216744006186877e+00,2.246232991657021572e+01
1.252233178654292178e+00,2.246358149236647606e+01
1.252249613302397258e+00,2.246548176121019935e+01
1.252266047950502559e+00,2.246744050251882996e+01
1.252282482598607638e+00,2.246898294168283883e+01
1.252298917246712939e+00,2.246983879771022430e+01
1.252315351894818241e+00,2.247069452027435688e+01
1.252331786542923320e+00,2.247101446265838831e+01
1.252348221191028621e+00,2.247123034089086246e+01
1.252364655839133700e+00,2.247231649064955761e+01
1.252381090487239002e+00,2.247545684149502421e+01
1.252397525135343859e+00,2.247859747132783426e+01
1.252413959783449160e+00,2.248004737615321957e+01
1.252430394431554239e+00,2.248095613770302847e+01
1.252446829079659540e+00,2.248146551936280702e+01
1.252463263727764842e+00,2.248053739431857778e+01
1.252479698375869921e+00,2.247960876977441202e+01
1.252496133023975222e+00,2.248151455141828237e+01
1.252512567672080301e+00,2.248477200871573345e+01
1.252529002320185603e+00,2.248778667895840044e+01
1.252545436968290682e+00,2.248926766311281611e+01
1.252561871616395983e+00,2.249074863295009052e+01
1.252578306264500840e+00,2.249219937766359934e+01
1.252594740912606142e+00,2.249362965416023386e+01
1.252611175560711443e+00,2.249482205276435565e+01
1.252627610208816522e+00,2.249422241580583659e+01
1.252644044856921823e+00,2.249362240254903256e+01
1.252660479505026903e+00,2.249504576488717689e+01
1.252676914153132204e+00,2.249837294922237163e+01
1.252693348801237283e+00,2.250170041428367895e+01
1.252709783449342584e+00,2.250349978349247237e+01
1.252726218097447664e+00,2.250525938774237744e+01
1.252742652745552965e+00,2.250605342337229686e+01
1.252759087393657822e+00,2.250600526174576643e+01
1.252775522041763123e+00,2.250595696009339264e+01
1.252791956689868424e+00,2.250569838172254578e+01
1.252808391337973504e+00,2.250541447828047126e+01
1.252824825986078805e+00,2.250468541758776198e+01
1.252841260634183884e+00,2.250313736303764500e+01
1.252857695282289185e+00,2.250158905534737386e+01
1.252874129930394265e+00,2.249978945888162585e+01
1.252890564578499566e+00,2.249793111554801328e+01
1.252906999226604645e+00,2.249652451251834151e+01
1.252923433874709946e+00,2.249633988971170595e+01
1.252939868522815248e+00,2.249615511790623401e+01
1.252956303170920105e+00,2.249852813179402489e+01
1.252972737819025406e+00,2.250185281746227162e+01
1.252989172467130485e+00,2.250391162954985447e+01
1.253005607115235787e+00,2.250048680099548903e+01
1.253022041763340866e+00,2.249706153968315903e+01
1.253038476411446167e+00,2.249758323635279922e+01
1.253054911059551246e+00,2.250026588642839087e+01
1.253071345707656548e+00,2.250271251159505326e+01
1.253087780355761849e+00,2.250314214751461250e+01
1.253104215003866706e+00,2.250357167393360314e+01
1.253120649651972229e+00,2.250392433368887524e+01
1.253137084300077086e+00,2.250421735670069268e+01
1.253153518948182388e+00,2.250449705348733787e+01
1.253169953596287467e+00,2.250417996996839776e+01
1.253186388244392768e+00,2.250386272854037273e+01
1.253202822892497847e+00,2.250340320613686984e+01
1.253219257540603149e+00,2.250278951585264764e+01
1.253235692188708228e+00,2.250217564660359670e+01
1.253252126836813529e+00,2.250281904224712548e+01
1.253268561484918830e+00,2.250354518502895829e+01
1.253284996133023688e+00,2.250381790849535690e+01
1.253301430781128989e+00,2.250339993155793650e+01
1.253317865429234068e+00,2.250298178978922436e+01
1.253334300077339369e+00,2.250282206342888358e+01
1.253350734725444449e+00,2.250270627148513114e+01
1.253367169373549750e+00,2.250251731309686676e+01
1.253383604021654829e+00,2.250216743918575446e+01
1.253400038669760130e+00,2.250181740530929986e+01
1.253416473317865432e+00,2.250087960658035868e+01
1.253432907965970511e+00,2.249976629877064838e+01
1.253449342614075812e+00,2.249835509084480734e+01
1.253465777262180669e+00,2.249593582998594954e+01
1.253482211910285971e+00,2.249351623921204535e+01
1.253498646558391050e+00,2.249434969072716939e+01
1.253515081206496351e+00,2.249667374795832231e+01
1.253531515854601430e+00,2.249891493162976985e+01
1.253547950502706732e+00,2.250066117292345425e+01
1.253564385150812033e+00,2.250240737354309317e+01
1.253580819798917112e+00,2.250304599089770008e+01
1.253597254447022413e+00,2.250294892985147399e+01
1.253613689095127492e+00,2.250285616355154161e+01
1.253630123743232794e+00,2.250283477674637922e+01
1.253646558391337651e+00,2.250281325239537722e+01
1.253662993039442952e+00,2.250216533570045740e+01
1.253679427687548031e+00,2.250092933339264789e+01
1.253695862335653333e+00,2.249969310509223774e+01
1.253712296983758634e+00,2.249403720216979963e+01
1.253728731631863713e+00,2.248825825820199853e+01
1.253745166279969014e+00,2.248563348779874360e+01
1.253761600928074094e+00,2.248718599466825552e+01
1.253778035576179395e+00,2.248873845211442557e+01
1.253794470224284474e+00,2.249114611438625033e+01
1.253810904872389775e+00,2.249366227731376000e+01
1.253827339520494633e+00,2.249367293156317871e+01
1.253843774168599934e+00,2.248891427245113306e+01
1.253860208816705235e+00,2.248415503003359817e+01
1.253876643464810314e+00,2.248842340184580735e+01
1.253893078112915616e+00,2.249492930218668363e+01
1.253909512761020695e+00,2.249974837281169471e+01
1.253925947409125996e+00,2.249972312964914778e+01
1.253942382057231075e+00,2.249969774893791552e+01
1.253958816705336377e+00,2.250017494654560579e+01
1.253975251353441456e+00,2.250085237092082480e+01
1.253991686001546757e+00,2.250100083487974345e+01
1.254008120649651614e+00,2.249859903953940332e+01
1.254024555297756915e+00,2.249619691719744807e+01
1.254040989945862217e+00,2.249458710526623761e+01
1.254057424593967296e+00,2.249344584756106968e+01
1.254073859242072597e+00,2.249172578521020327e+01
1.254090293890177676e+00,2.248376843527030644e+01
1.254106728538282978e+00,2.247581004818496453e+01
1.254123163186388057e+00,2.247306183718523087e+01
1.254139597834493358e+00,2.247472815669209112e+01
1.254156032482598437e+00,2.247639443191215491e+01
1.254172467130703739e+00,2.248466745348523332e+01
1.254188901778809040e+00,2.249295557670844303e+01
1.254205336426913897e+00,2.249739683363927156e+01
1.254221771075019198e+00,2.249721169936460541e+01
1.254238205723124278e+00,2.249702641721096086e+01
1.254254640371229579e+00,2.249646558472160862e+01
1.254271075019334658e+00,2.249586752759610064e+01
1.254287509667439959e+00,2.249427281739681561e+01
1.254303944315545039e+00,2.249095370335049893e+01
1.254320378963650340e+00,2.248763417171051415e+01
1.254336813611755641e+00,2.248610088502451632e+01
1.254353248259860720e+00,2.248495339822994055e+01
1.254369682907966022e+00,2.248378291352883451e+01
1.254386117556070879e+00,2.248255311724712513e+01
1.254402552204176180e+00,2.248132309668674367e+01
1.254418986852281259e+00,2.247527018937113397e+01
1.254435421500386560e+00,2.246746964576703931e+01
1.254451856148491640e+00,2.246239320177740240e+01
1.254468290796596941e+00,2.246894512879622141e+01
1.254484725444702020e+00,2.247549708369422206e+01
1.254501160092807321e+00,2.248074244594781845e+01
1.254517594740912623e+00,2.248527036236163568e+01
1.254534029389017702e+00,2.248904575077827062e+01
1.254550464037123003e+00,2.248613356867440061e+01
1.254566898685227860e+00,2.248322101143876139e+01
1.254583333333333162e+00,2.248356038118883404e+01
1.254599767981438241e+00,2.248649000959091282e+01
1.254616202629543542e+00,2.248942923739966915e+01
1.254632637277648621e+00,2.249315298218539638e+01
1.254649071925753923e+00,2.249687674796115999e+01
1.254665506573859224e+00,2.249854327063537696e+01
1.254681941221964303e+00,2.249786543426036900e+01
1.254698375870069604e+00,2.249718741601589400e+01
1.254714810518174684e+00,2.249684054360389140e+01
1.254731245166279985e+00,2.249652126462460444e+01
1.254747679814384842e+00,2.249647926317323154e+01
1.254764114462490143e+00,2.249689394941626119e+01
1.254780549110595222e+00,2.249730852611752496e+01
1.254796983758700524e+00,2.249718394780212094e+01
1.254813418406805825e+00,2.249695109280789040e+01
1.254829853054910904e+00,2.249678667616661443e+01
1.254846287703016205e+00,2.249679174265414972e+01
1.254862722351121285e+00,2.249679667428259222e+01
1.254879156999226586e+00,2.249594153509345418e+01
1.254895591647331665e+00,2.249478855714418302e+01
1.254912026295436966e+00,2.249404494402994459e+01
1.254928460943541824e+00,2.249496324385331647e+01
1.254944895591647125e+00,2.249588146258092181e+01
1.254961330239752426e+00,2.249629947309694700e+01
1.254977764887857505e+00,2.249645098831678069e+01
1.254994199535962807e+00,2.249633565223389553e+01
1.255010634184067886e+00,2.249399691706719651e+01
1.255027068832173187e+00,2.249165786314235049e+01
1.255043503480278266e+00,2.248875778896975675e+01
1.255059938128383568e+00,2.248541981317042016e+01
1.255076372776488647e+00,2.248220383754274110e+01
1.255092807424593948e+00,2.248643510435373472e+01
1.255109242072699249e+00,2.249066639952222246e+01
1.255125676720804107e+00,2.249336851506770429e+01
1.255142111368909408e+00,2.249435054502643538e+01
1.255158546017014487e+00,2.249533249728467510e+01
1.255174980665119788e+00,2.249582032399576548e+01
1.255191415313224867e+00,2.249626793785652978e+01
1.255207849961330169e+00,2.249629301523068392e+01
1.255224284609435248e+00,2.249562635294696022e+01
1.255240719257540549e+00,2.249495951026543139e+01
1.255257153905645628e+00,2.249190634359463914e+01
1.255273588553750930e+00,2.248837560888406273e+01
1.255290023201856231e+00,2.248602188762208343e+01
1.255306457849961088e+00,2.248658750126794459e+01
1.255322892498066389e+00,2.248715301447438364e+01
1.255339327146171469e+00,2.248621588896277146e+01
1.255355761794276770e+00,2.248475437205670602e+01
1.255372196442381849e+00,2.248415315406457538e+01
1.255388631090487150e+00,2.248709788347930427e+01
1.255405065738592230e+00,2.249004261425635320e+01
1.255421500386697531e+00,2.249205282003909190e+01
1.255437935034802832e+00,2.249355773684104776e+01
1.255454369682907689e+00,2.249488437329832635e+01
1.255470804331013213e+00,2.249465560032470890e+01
1.255487238979118070e+00,2.249442667767742421e+01
1.255503673627223371e+00,2.249304715707084057e+01
1.255520108275328450e+00,2.249075045737333767e+01
1.255536542923433752e+00,2.248849893555945201e+01
1.255552977571538831e+00,2.249073500003595782e+01
1.255569412219644132e+00,2.249297104261137648e+01
1.255585846867749433e+00,2.249404588228992807e+01
1.255602281515854513e+00,2.249377667511266310e+01
1.255618716163959814e+00,2.249350731567616180e+01
1.255635150812064671e+00,2.249344331643940009e+01
1.255651585460169972e+00,2.249339780673521005e+01
1.255668020108275051e+00,2.249342225229981196e+01
1.255684454756380353e+00,2.249356581332413185e+01
1.255700889404485432e+00,2.249370924885911549e+01
1.255717324052590733e+00,2.249386452732855446e+01
1.255733758700695812e+00,2.249402224726112820e+01
1.255750193348801114e+00,2.249412658138773580e+01
1.255766627996906415e+00,2.249409146743537136e+01
1.255783062645011494e+00,2.249405621675331446e+01
1.255799497293116795e+00,2.249380778395085301e+01
1.255815931941221653e+00,2.249348025411452312e+01
1.255832366589326954e+00,2.249236717659180940e+01
1.255848801237432033e+00,2.248773739558209783e+01
1.255865235885537334e+00,2.248310705462587578e+01
1.255881670533642414e+00,2.248228736423357788e+01
1.255898105181747715e+00,2.248365389102531964e+01
1.255914539829853016e+00,2.248513519703676877e+01
1.255930974477958095e+00,2.248780248866644627e+01
1.255947409126063397e+00,2.249046977278422332e+01
1.255963843774168476e+00,2.249199773023842752e+01
1.255980278422273777e+00,2.249255888960189154e+01
1.255996713070378634e+00,2.249311994849195884e+01
1.256013147718483935e+00,2.249280648348656797e+01
1.256029582366589015e+00,2.249248724465628158e+01
1.256046017014694316e+00,2.249101560429291169e+01
1.256062451662799617e+00,2.248811350159002842e+01
1.256078886310904696e+00,2.248521102876397038e+01
1.256095320959009998e+00,2.248731609837043877e+01
1.256111755607115077e+00,2.248998594995043021e+01
1.256128190255220378e+00,2.249179673325134843e+01
1.256144624903325457e+00,2.249201889722759873e+01
1.256161059551430759e+00,2.249224094084638637e+01
1.256177494199535616e+00,2.249164983185154654e+01
1.256193928847640917e+00,2.249085940048951571e+01
1.256210363495746218e+00,2.248939950114682773e+01
1.256226798143851298e+00,2.248598870913389192e+01
1.256243232791956599e+00,2.248257749561039276e+01
1.256259667440061678e+00,2.248301619176928057e+01
1.256276102088166979e+00,2.248504573206048462e+01
1.256292536736272059e+00,2.248704206831033758e+01
1.256308971384377360e+00,2.248886374774104979e+01
1.256325406032482439e+00,2.249068538863614819e+01
1.256341840680587740e+00,2.249095882262840718e+01
1.256358275328693042e+00,2.249024899230605712e+01
1.256374709976797899e+00,2.248957933082824567e+01
1.256391144624903200e+00,2.248950498751535676e+01
1.256407579273008279e+00,2.248943050546029809e+01
1.256424013921113580e+00,2.248920896243160072e+01
1.256440448569218660e+00,2.248884904010691344e+01
1.256456883217323961e+00,2.248848896022059307e+01
1.256473317865429040e+00,2.248651228689044856e+01
1.256489752513534341e+00,2.248448001375922800e+01
1.256506187161639421e+00,2.248037937933590413e+01
1.256522621809744722e+00,2.247340467142863929e+01
1.256539056457850023e+00,2.246642909233248986e+01
1.256555491105954880e+00,2.247081556277726833e+01
1.256571925754060182e+00,2.247689903053320748e+01
1.256588360402165261e+00,2.248066936073939459e+01
1.256604795050270562e+00,2.247955735310477365e+01
1.256621229698375641e+00,2.247844513378678144e+01
1.256637664346480943e+00,2.247884019408540723e+01
1.256654098994586022e+00,2.247967825131789965e+01
1.256670533642691323e+00,2.248103293743947972e+01
1.256686968290796624e+00,2.248417620947419593e+01
1.256703402938901704e+00,2.248731948656246260e+01
1.256719837587007005e+00,2.248837219106181351e+01
1.256736272235111862e+00,2.248841966342184762e+01
1.256752706883217163e+00,2.248787528756983889e+01
1.256769141531322242e+00,2.248323992071797761e+01
1.256785576179427544e+00,2.247860399674266674e+01
1.256802010827532623e+00,2.247579944990315326e+01
1.256818445475637924e+00,2.247433523805096556e+01
1.256834880123743226e+00,2.247271097872213375e+01
1.256851314771848305e+00,2.247687865509118765e+01
1.256867749419953606e+00,2.248104561983927141e+01
1.256884184068058685e+00,2.248239775118750572e+01
1.256900618716163986e+00,2.248069099925298531e+01
1.256917053364268844e+00,2.247898428960536066e+01
1.256933488012374145e+00,2.247629452511754877e+01
1.256949922660479224e+00,2.247353081067490166e+01
1.256966357308584525e+00,2.247045768734287918e+01
1.256982791956689605e+00,2.246688101749370503e+01
1.256999226604794906e+00,2.246330454214776040e+01
1.257015661252900207e+00,2.246288672105995232e+01
1.257032095901005286e+00,2.246311025324293809e+01
1.257048530549110588e+00,2.246279110657210865e+01
1.257064965197215667e+00,2.246108853409623052e+01
1.257081399845320968e+00,2.245938600361894188e+01
1.257097834493425825e+00,2.245759711042398266e+01
1.257114269141531127e+00,2.245577665700284342e+01
1.257130703789636206e+00,2.245357621961208849e+01
1.257147138437741507e+00,2.244953406481675273e+01
1.257163573085846808e+00,2.244549224159884915e+01
1.257180007733951888e+00,2.244145415869787286e+01
1.257196442382057189e+00,2.243741838481885864e+01
1.257212877030162268e+00,2.243337828044221993e+01
1.257229311678267569e+00,2.242928693784780236e+01
1.257245746326372648e+00,2.242519594039598019e+01
1.257262180974477950e+00,2.242086147103730553e+01
1.257278615622582807e+00,2.241631377682919890e+01
1.257295050270688108e+00,2.241176654783900801e+01
1.257311484918793409e+00,2.240793377096519734e+01
1.257327919566898489e+00,2.240411363211662632e+01
1.257344354215003790e+00,2.240031085229432861e+01
1.257360788863108869e+00,2.239653072239794440e+01
1.257377223511214170e+00,2.239275085533992637e+01
1.257393658159319250e+00,2.238850688889606033e+01
1.257410092807424551e+00,2.238420158344686328e+01
1.257426527455529630e+00,2.238000083399840179e+01
1.257442962103634931e+00,2.237600958265354478e+01
1.257459396751740233e+00,2.237201865120090005e+01
1.257475831399845090e+00,2.236734552218713645e+01
1.257492266047950391e+00,2.236248275158857979e+01
1.257508700696055470e+00,2.235798506909149808e+01
1.257525135344160772e+00,2.235469696554171648e+01
1.257541569992265851e+00,2.235140899181736174e+01
1.257558004640371152e+00,2.234671850198191478e+01
1.257574439288476231e+00,2.234137204406819066e+01
1.257590873936581533e+00,2.233606214984756377e+01
1.257607308584686834e+00,2.233099200502562454e+01
1.257623743232791913e+00,2.232592246223194365e+01
1.257640177880897214e+00,2.232227462043312727e+01
1.257656612529002071e+00,2.231965650135123269e+01
1.257673047177107373e+00,2.231700752979118008e+01
1.257689481825212452e+00,2.231333102035357285e+01
1.257705916473317753e+00,2.230965474772821722e+01
1.257722351121422832e+00,2.230510471168126330e+01
1.257738785769528134e+00,2.229960159309316481e+01
1.257755220417633213e+00,2.229409918646076250e+01
1.257771655065738514e+00,2.229087398410108989e+01
1.257788089713843815e+00,2.228782747189837110e+01
1.257804524361948673e+00,2.228416142546622680e+01
1.257820959010053974e+00,2.227946852666215349e+01
1.257837393658159053e+00,2.227477613482030705e+01
1.257853828306264354e+00,2.227191844411844457e+01
1.257870262954369434e+00,2.226944933305119889e+01
1.257886697602474735e+00,2.226594722105197377e+01
1.257903132250579814e+00,2.225970841694411106e+01
1.257919566898685115e+00,2.225347050626578493e+01
1.257936001546790417e+00,2.225050277473495441e+01
1.257952436194895496e+00,2.224878961268004574e+01
1.257968870843000797e+00,2.224642823974867056e+01
1.257985305491105654e+00,2.224093227961092367e+01
1.258001740139210956e+00,2.223543703180000719e+01
1.258018174787316035e+00,2.222694413041943307e+01
1.258034609435421336e+00,2.221661381647248135e+01
1.258051044083526415e+00,2.220710721873095039e+01
1.258067478731631716e+00,2.220880661062407668e+01
1.258083913379737018e+00,2.221050460599153809e+01
1.258100348027842097e+00,2.221011239404632676e+01
1.258116782675947398e+00,2.220776607239147538e+01
1.258133217324052477e+00,2.220541961776336848e+01
1.258149651972157779e+00,2.220202867703347849e+01
1.258166086620262636e+00,2.219859999291768560e+01
1.258182521268367937e+00,2.219483559716931609e+01
1.258198955916473016e+00,2.219059446513538347e+01
1.258215390564578318e+00,2.218635372427723951e+01
1.258231825212683397e+00,2.217733427815285907e+01
1.258248259860788698e+00,2.216754683315150842e+01
1.258264694508893999e+00,2.215907556271091039e+01
1.258281129156999079e+00,2.215353969952020208e+01
1.258297563805104380e+00,2.214800456181311716e+01
1.258313998453209459e+00,2.214840541816366226e+01
1.258330433101314760e+00,2.215070678118017256e+01
1.258346867749419618e+00,2.215118535758873008e+01
1.258363302397524919e+00,2.214460822215817970e+01
1.258379737045629998e+00,2.213803206589162187e+01
1.258396171693735299e+00,2.213028118981174330e+01
1.258412606341840601e+00,2.212190668076356914e+01
1.258429040989945680e+00,2.211412080432687688e+01
1.258445475638050981e+00,2.211158335485288262e+01
1.258461910286156060e+00,2.210904582891921777e+01
1.258478344934261361e+00,2.210746513518175860e+01
1.258494779582366441e+00,2.210667231899685348e+01
1.258511214230471742e+00,2.210587890831756752e+01
1.258527648878576599e+00,2.210376571821393910e+01
1.258544083526681900e+00,2.210164678648578018e+01
1.258560518174787202e+00,2.209886407418112242e+01
1.258576952822892281e+00,2.209524786802683849e+01
1.258593387470997582e+00,2.209163188724338056e+01
1.258609822119102661e+00,2.208819274609117755e+01
1.258626256767207963e+00,2.208477546818116721e+01
1.258642691415313042e+00,2.208074041743492444e+01
1.258659126063418343e+00,2.207549474759190034e+01
1.258675560711523422e+00,2.207024973307151328e+01
1.258691995359628724e+00,2.206684607032962120e+01
1.258708430007734025e+00,2.206394643083368834e+01
1.258724864655838882e+00,2.206094130415551291e+01
1.258741299303944183e+00,2.205758733048143228e+01
1.258757733952049263e+00,2.205423351082655614e+01
1.258774168600154564e+00,2.205041569569626247e+01
1.258790603248259643e+00,2.204637897531389967e+01
1.258807037896364944e+00,2.204238434224332366e+01
1.258823472544470023e+00,2.203867923591317179e+01
1.258839907192575325e+00,2.203497438048640689e+01
1.258856341840680626e+00,2.203058607941541780e+01
1.258872776488785705e+00,2.202568876039940449e+01
1.258889211136891007e+00,2.202065412235017305e+01
1.258905645784995864e+00,2.200876745844073668e+01
1.258922080433101165e+00,2.199688287201431436e+01
1.258938515081206244e+00,2.199125402923645822e+01
1.258954949729311545e+00,2.199277953320199686e+01
1.258971384377416625e+00,2.199430369530562857e+01
1.258987819025521926e+00,2.198867128612357291e+01
1.259004253673627005e+00,2.198235797817519455e+01
1.259020688321732306e+00,2.197729202318044628e+01
1.259037122969837608e+00,2.197444702472081346e+01
1.259053557617942687e+00,2.197160203941572476e+01
1.259069992266047988e+00,2.196430449712035582e+01
1.259086426914152845e+00,2.195593606299430434e+01
1.259102861562258147e+00,2.195074073160985506e+01
1.259119296210363226e+00,2.195494668427200580e+01
1.259135730858468527e+00,2.195915034775144647e+01
1.259152165506573606e+00,2.195507063619659505e+01
1.259168600154678908e+00,2.194741709084107839e+01
1.259185034802784209e+00,2.194039565723236862e+01
1.259201469450889288e+00,2.193710436730406599e+01
1.259217904098994589e+00,2.193381321659638417e+01
1.259234338747099669e+00,2.193159098939396046e+01
1.259250773395204970e+00,2.193010890340127972e+01
1.259267208043309827e+00,2.192850142833364302e+01
1.259283642691415128e+00,2.192361797769538612e+01
1.259300077339520207e+00,2.191873509464912573e+01
1.259316511987625509e+00,2.191400128246534607e+01
1.259332946635730810e+00,2.190942716574955540e+01
1.259349381283835889e+00,2.190485353628872289e+01
1.259365815931941190e+00,2.190267113088403761e+01
1.259382250580046270e+00,2.190067272904828144e+01
1.259398685228151571e+00,2.189776437109897600e+01
1.259415119876256650e+00,2.189333500582601033e+01
1.259431554524361951e+00,2.188890609004110033e+01
1.259447989172466809e+00,2.188558836733247759e+01
1.259464423820572110e+00,2.188251480397682158e+01
1.259480858468677189e+00,2.187906563921020364e+01
1.259497293116782490e+00,2.187457718419849328e+01
1.259513727764887792e+00,2.187008919486692449e+01
1.259530162412992871e+00,2.186579050602853869e+01
1.259546597061098172e+00,2.186156899218308070e+01
1.259563031709203251e+00,2.185748784462850480e+01
1.259579466357308553e+00,2.185416216960746993e+01
1.259595901005413632e+00,2.185083664496024269e+01
1.259612335653518933e+00,2.184606936834839530e+01
1.259628770301623790e+00,2.184034801055144115e+01
1.259645204949729091e+00,2.183455678354464879e+01
1.259661639597834393e+00,2.182733104325269835e+01
1.259678074245939472e+00,2.182010644933361476e+01
1.259694508894044773e+00,2.181584721186014164e+01
1.259710943542149852e+00,2.181464848714660576e+01
1.259727378190255154e+00,2.181344929280617961e+01
1.259743812838360233e+00,2.181097675497702681e+01
1.259760247486465534e+00,2.180841869395914756e+01
1.259776682134570613e+00,2.180560559103216889e+01
1.259793116782675915e+00,2.180238017013087770e+01
1.259809551430781216e+00,2.179915487263315299e+01
1.259825986078886073e+00,2.179531195373965957e+01
1.259842420726991374e+00,2.179134010002695021e+01
1.259858855375096454e+00,2.178738361030929127e+01
1.259875290023201755e+00,2.178346772742160553e+01
1.259891724671306834e+00,2.177955215910841602e+01
1.259908159319412135e+00,2.177532518665177008e+01
1.259924593967517215e+00,2.177097528673818516e+01
1.259941028615622516e+00,2.176663420530393012e+01
1.259957463263727817e+00,2.176233721941301269e+01
1.259973897911832674e+00,2.175804065154358824e+01
1.259990332559938198e+00,2.175298889463424956e+01
1.260006767208043055e+00,2.174744581592700854e+01
1.260023201856148356e+00,2.174200959728086602e+01
1.260039636504253435e+00,2.173858458520399495e+01
1.260056071152358736e+00,2.173515975369548769e+01
1.260072505800463816e+00,2.173078604259742619e+01
1.260088940448569117e+00,2.172544269168774633e+01
1.260105375096674418e+00,2.172010003358236574e+01
1.260121809744779497e+00,2.171451908066662284e+01
1.260138244392884799e+00,2.170892330201139941e+01
1.260154679040989656e+00,2.170394557088192755e+01
1.260171113689094957e+00,2.169996284836184586e+01
1.260187548337200036e+00,2.169598046088337284e+01
1.260203982985305338e+00,2.169187733627287429e+01
1.260220417633410417e+00,2.168774928317451867e+01
1.260236852281515718e+00,2.168253493449581626e+01
1.260253286929621019e+00,2.167440064592841154e+01
1.260269721577726099e+00,2.166626771779634097e+01
1.260286156225831400e+00,2.166210950574057748e+01
1.260302590873936479e+00,2.165953453519084348e+01
1.260319025522041780e+00,2.165771046715989456e+01
1.260335460170146638e+00,2.165985859748102982e+01
1.260351894818251939e+00,2.166200516645477947e+01
1.260368329466357018e+00,2.165836681988706047e+01
1.260384764114462319e+00,2.165091800488038132e+01
1.260401198762567399e+00,2.164368801795663444e+01
1.260417633410672700e+00,2.164092375298295323e+01
1.260434068058778001e+00,2.163815948369625275e+01
1.260450502706883080e+00,2.163639838934745896e+01
1.260466937354988382e+00,2.163576946158283221e+01
1.260483372003093461e+00,2.163513991914983237e+01
1.260499806651198762e+00,2.163173064052987016e+01
1.260516241299303619e+00,2.162812396371867507e+01
1.260532675947408920e+00,2.162498541432275090e+01
1.260549110595514000e+00,2.162379915405831809e+01
1.260565545243619301e+00,2.162261288565221662e+01
1.260581979891724602e+00,2.162118760275477314e+01
1.260598414539829681e+00,2.161971000066597526e+01
1.260614849187934983e+00,2.161821625876032726e+01
1.260631283836040062e+00,2.161667743214832171e+01
1.260647718484145363e+00,2.161513861545520854e+01
1.260664153132250442e+00,2.161387146478122290e+01
1.260680587780355744e+00,2.161271696042656032e+01
1.260697022428460601e+00,2.161152665097151981e+01
1.260713457076565902e+00,2.161013342444487151e+01
1.260729891724670981e+00,2.160874020059796408e+01
1.260746326372776283e+00,2.160731756375754031e+01
1.260762761020881584e+00,2.160587474052707080e+01
1.260779195668986663e+00,2.160435670309713885e+01
1.260795630317091964e+00,2.160081749308458754e+01
1.260812064965197044e+00,2.159727836688302460e+01
1.260828499613302345e+00,2.159393533956689737e+01
1.260844934261407424e+00,2.159080582841771090e+01
1.260861368909512725e+00,2.158767638998972771e+01
1.260877803557617582e+00,2.158793660806873760e+01
1.260894238205722884e+00,2.158848545668370988e+01
1.260910672853828185e+00,2.158884953807320883e+01
1.260927107501933264e+00,2.158889112196244042e+01
1.260943542150038565e+00,2.158893262307707772e+01
1.260959976798143645e+00,2.158658884759684327e+01
1.260976411446248946e+00,2.158367380378838618e+01
1.260992846094354025e+00,2.158142753778827938e+01
1.261009280742459326e+00,2.158119559824100975e+01
1.261025715390564406e+00,2.158096359415604581e+01
1.261042150038669707e+00,2.158049847202413574e+01
1.261058584686775008e+00,2.157992943393173135e+01
1.261075019334879865e+00,2.157924778731257831e+01
1.261091453982985167e+00,2.157783868537685379e+01
1.261107888631090246e+00,2.157642958705800496e+01
1.261124323279195547e+00,2.157363794160601245e+01
1.261140757927300626e+00,2.156982965121223828e+01
1.261157192575405928e+00,2.156600863749094188e+01
1.261173627223511007e+00,2.156150454368067315e+01
1.261190061871616308e+00,2.155700055243100977e+01
1.261206496519721609e+00,2.155452548381844124e+01
1.261222931167826689e+00,2.155442704681778920e+01
1.261239365815931990e+00,2.155432853649644898e+01
1.261255800464036847e+00,2.155681422842575046e+01
1.261272235112142148e+00,2.155957876794472128e+01
1.261288669760247227e+00,2.156072435871618609e+01
1.261305104408352529e+00,2.155878835643268587e+01
1.261321539056457608e+00,2.155685238293319372e+01
1.261337973704562909e+00,2.155568927405887791e+01
1.261354408352668210e+00,2.155473625581140951e+01
1.261370843000773290e+00,2.155367012654395964e+01
1.261387277648878591e+00,2.155222092756528696e+01
1.261403712296983670e+00,2.155077173433728888e+01
1.261420146945088971e+00,2.154816911223649356e+01
1.261436581593193829e+00,2.154499746297232932e+01
1.261453016241299130e+00,2.154203988174583628e+01
1.261469450889404209e+00,2.154079304685859242e+01
1.261485885537509510e+00,2.153954620732067937e+01
1.261502320185614812e+00,2.153881938068566271e+01
1.261518754833719891e+00,2.153851348561859425e+01
1.261535189481825192e+00,2.153820753077514283e+01
1.261551624129930271e+00,2.153746742192926789e+01
1.261568058778035573e+00,2.153672468900147763e+01
1.261584493426140652e+00,2.153561370751258508e+01
1.261600928074245953e+00,2.153402522038206257e+01
1.261617362722350810e+00,2.153243674598674673e+01
1.261633797370456112e+00,2.153092870913529566e+01
1.261650232018561191e+00,2.152943200382174993e+01
1.261666666666666492e+00,2.152795136330550463e+01
1.261683101314771793e+00,2.152650520914777843e+01
1.261699535962876872e+00,2.152505906069615449e+01
1.261715970610982174e+00,2.152249169064976542e+01
1.261732405259087253e+00,2.151956797539543942e+01
1.261748839907192554e+00,2.151722572384617749e+01
1.261765274555297633e+00,2.151721259993394852e+01
1.261781709203402935e+00,2.151719939686326555e+01
1.261798143851507792e+00,2.151598361706278340e+01
1.261814578499613093e+00,2.151409334559316733e+01
1.261831013147718394e+00,2.151228960307487270e+01
1.261847447795823474e+00,2.151146174170335001e+01
1.261863882443928775e+00,2.151063385251671889e+01
1.261880317092033854e+00,2.150946771116912259e+01
1.261896751740139155e+00,2.150799202024099088e+01
1.261913186388244235e+00,2.150651633658588224e+01
1.261929621036349536e+00,2.150375405847577781e+01
1.261946055684454615e+00,2.150094211152378065e+01
1.261962490332559916e+00,2.149898489435481252e+01
1.261978924980664774e+00,2.149829211074394308e+01
1.261995359628770075e+00,2.149759929138257064e+01
1.262011794276875376e+00,2.149402908134603152e+01
1.262028228924980455e+00,2.148992624818642483e+01
1.262044663573085757e+00,2.148699029947586325e+01
1.262061098221190836e+00,2.148699407545436202e+01
1.262077532869296137e+00,2.148699777110259745e+01
1.262093967517401216e+00,2.148670644118010742e+01
1.262110402165506517e+00,2.148630285012127317e+01
1.262126836813611375e+00,2.148569066493794111e+01
1.262143271461716898e+00,2.148402036806710669e+01
1.262159706109822199e+00,2.148235008812910607e+01
1.262176140757927056e+00,2.148174538759093011e+01
1.262192575406032358e+00,2.148183706389279024e+01
1.262209010054137437e+00,2.148182096486845438e+01
1.262225444702242738e+00,2.147950805465277568e+01
1.262241879350347817e+00,2.147719518970254526e+01
1.262258313998453119e+00,2.147370003732038413e+01
1.262274748646558198e+00,2.146894803864601542e+01
1.262291183294663499e+00,2.146419614702907452e+01
1.262307617942768800e+00,2.146373811911323415e+01
1.262324052590873658e+00,2.146363033863372749e+01
1.262340487238978959e+00,2.145970112335176339e+01
1.262356921887084038e+00,2.144910553920090734e+01
1.262373356535189339e+00,2.143850991580557519e+01
1.262389791183294419e+00,2.144195031721335454e+01
1.262406225831399720e+00,2.144881072885958417e+01
1.262422660479504799e+00,2.145432461919019929e+01
1.262439095127610100e+00,2.145566098214337813e+01
1.262455529775715402e+00,2.145699716275762725e+01
1.262471964423820481e+00,2.145312879077248169e+01
1.262488399071925782e+00,2.144684672033656270e+01
1.262504833720030639e+00,2.144149979194256872e+01
1.262521268368135940e+00,2.144284510597451998e+01
1.262537703016241020e+00,2.144419023688108794e+01
1.262554137664346321e+00,2.144520143054149841e+01
1.262570572312451400e+00,2.144595232520281058e+01
1.262587006960556701e+00,2.144670129263133518e+01
1.262603441608662003e+00,2.144597627247151905e+01
1.262619876256767082e+00,2.144525121855189553e+01
1.262636310904872383e+00,2.144336905738399324e+01
1.262652745552977462e+00,2.144001636260222554e+01
1.262669180201082764e+00,2.143666374868233859e+01
1.262685614849187621e+00,2.143202779936481406e+01
1.262702049497292922e+00,2.142721607345843893e+01
1.262718484145398001e+00,2.142418141578479052e+01
1.262734918793503303e+00,2.142494920641411937e+01
1.262751353441608604e+00,2.142571686075154602e+01
1.262767788089713683e+00,2.142751608350851455e+01
1.262784222737818984e+00,2.142964558455274826e+01
1.262800657385924064e+00,2.143096979148836567e+01
1.262817092034029365e+00,2.142899567593461541e+01
1.262833526682134444e+00,2.142702159167131626e+01
1.262849961330239745e+00,2.142441123838207417e+01
1.262866395978344602e+00,2.142143513594809079e+01
1.262882830626449904e+00,2.141876414954291619e+01
1.262899265274554983e+00,2.141992916094102029e+01
1.262915699922660284e+00,2.142109400406423347e+01
1.262932134570765585e+00,2.142090680149173920e+01
1.262948569218870665e+00,2.141943231971532313e+01
1.262965003866975966e+00,2.141795784553981008e+01
1.262981438515081045e+00,2.141425617194892439e+01
1.262997873163186346e+00,2.141043910805897355e+01
1.263014307811291426e+00,2.140779369443869129e+01
1.263030742459396727e+00,2.140698763124643378e+01
1.263047177107501584e+00,2.140618153915497146e+01
1.263063611755606885e+00,2.140444814114951555e+01
1.263080046403712187e+00,2.140252139254189245e+01
1.263096481051817266e+00,2.140027516576444100e+01
1.263112915699922567e+00,2.139714581771848501e+01
1.263129350348027646e+00,2.139401654450321999e+01
1.263145784996132948e+00,2.139264205995797141e+01
1.263162219644238027e+00,2.139200597625990952e+01
1.263178654292343328e+00,2.139174671555169738e+01
1.263195088940448407e+00,2.139376601950788981e+01
1.263211523588553709e+00,2.139578507986391287e+01
1.263227958236658566e+00,2.139584370405565039e+01
1.263244392884763867e+00,2.139448216946434655e+01
1.263260827532869168e+00,2.139311997522245790e+01
1.263277262180974247e+00,2.139172127871827556e+01
1.263293696829079549e+00,2.139032258605987380e+01
1.263310131477184628e+00,2.138860408862869633e+01
1.263326566125289929e+00,2.138650346350648945e+01
1.263343000773395008e+00,2.138440287549797247e+01
1.263359435421500310e+00,2.138198345058329508e+01
1.263375870069605389e+00,2.137952599732415848e+01
1.263392304717710690e+00,2.137696479336904432e+01
1.263408739365815991e+00,2.137419378239534495e+01
1.263425174013920849e+00,2.137142283477500726e+01
1.263441608662026150e+00,2.136148441537317311e+01
1.263458043310131229e+00,2.134938648921113113e+01
1.263474477958236530e+00,2.133930651935799716e+01
1.263490912606341610e+00,2.133700668492703301e+01
1.263507347254446911e+00,2.133470689618344096e+01
1.263523781902551990e+00,2.134105798298277890e+01
1.263540216550657291e+00,2.135220388629367250e+01
1.263556651198762593e+00,2.136203059057418230e+01
1.263573085846867672e+00,2.135683384585471956e+01
1.263589520494972973e+00,2.135163721376464707e+01
1.263605955143077830e+00,2.135081522048395186e+01
1.263622389791183132e+00,2.135406546911911718e+01
1.263638824439288211e+00,2.135731534969426093e+01
1.263655259087393512e+00,2.135293633195072971e+01
1.263671693735498591e+00,2.134819795209340043e+01
1.263688128383603893e+00,2.134318203822329707e+01
1.263704563031709194e+00,2.133773571686429449e+01
1.263720997679814273e+00,2.133228950937686008e+01
1.263737432327919574e+00,2.133167096264022788e+01
1.263753866976024653e+00,2.133204811646897170e+01
1.263770301624129955e+00,2.133181215534285613e+01
1.263786736272234812e+00,2.132988359003445922e+01
1.263803170920340113e+00,2.132795505454930307e+01
1.263819605568445192e+00,2.133062414839332277e+01
1.263836040216550494e+00,2.133523856087959913e+01
1.263852474864655795e+00,2.133908340546572191e+01
1.263868909512760874e+00,2.133817755033761188e+01
1.263885344160866175e+00,2.133727167225446664e+01
1.263901778808971255e+00,2.133511404110579690e+01
1.263918213457076556e+00,2.133203492506829946e+01
1.263934648105181635e+00,2.132900087052334470e+01
1.263951082753286936e+00,2.132952655765306105e+01
1.263967517401391794e+00,2.133005212656252070e+01
1.263983952049497095e+00,2.132922502572002799e+01
1.264000386697602396e+00,2.132673766609711663e+01
1.264016821345707475e+00,2.132425035983688488e+01
1.264033255993812777e+00,2.132215050603701201e+01
1.264049690641917856e+00,2.132010089830176369e+01
1.264066125290023157e+00,2.131893279806951469e+01
1.264082559938128236e+00,2.131962409534029490e+01
1.264098994586233538e+00,2.132031526170463920e+01
1.264115429234338617e+00,2.131938296325025206e+01
1.264131863882443918e+00,2.131793166015601670e+01
1.264148298530548775e+00,2.131622271515806588e+01
1.264164733178654076e+00,2.131344220996376748e+01
1.264181167826759378e+00,2.131066176906146481e+01
1.264197602474864457e+00,2.130659623377856704e+01
1.264214037122969758e+00,2.130197414095846753e+01
1.264230471771074837e+00,2.130094927770207036e+01
1.264246906419180139e+00,2.130794960266185711e+01
1.264263341067285218e+00,2.131495071507648120e+01
1.264279775715390519e+00,2.131943213878586363e+01
1.264296210363495598e+00,2.132140986693115181e+01
1.264312645011600900e+00,2.132338737769318016e+01
1.264329079659706201e+00,2.132524656633520266e+01
1.264345514307811058e+00,2.132709762081552540e+01
1.264361948955916359e+00,2.132893648680216714e+01
1.264378383604021439e+00,2.133075503147052387e+01
1.264394818252126740e+00,2.133257332218528646e+01
1.264411252900231819e+00,2.133433358023588866e+01
1.264427687548337120e+00,2.133607989730294108e+01
1.264444122196442200e+00,2.133768732663583023e+01
1.264460556844547501e+00,2.133886536077679708e+01
1.264476991492652358e+00,2.134004299013095007e+01
1.264493426140757659e+00,2.134148440813416059e+01
1.264509860788863183e+00,2.134305004850697074e+01
1.264526295436968040e+00,2.134454237675110733e+01
1.264542730085073341e+00,2.134547200785145549e+01
1.264559164733178420e+00,2.134640117472800824e+01
1.264575599381283721e+00,2.134337175699101863e+01
1.264592034029388801e+00,2.133710366610081977e+01
1.264608468677494102e+00,2.133083304999712482e+01
1.264624903325599181e+00,2.134114747023471281e+01
1.264641337973704482e+00,2.135171036783363974e+01
1.264657772621809784e+00,2.135907559296230573e+01
1.264674207269914641e+00,2.136203135276383236e+01
1.264690641918019942e+00,2.136498711518342830e+01
1.264707076566125021e+00,2.136228218013311775e+01
1.264723511214230323e+00,2.135861893165606773e+01
1.264739945862335402e+00,2.135737347473384773e+01
1.264756380510440703e+00,2.136204281819892614e+01
1.264772815158545782e+00,2.136671251956800432e+01
1.264789249806651084e+00,2.136907461989647672e+01
1.264805684454756385e+00,2.137056150299624591e+01
1.264822119102861464e+00,2.137249093354024154e+01
1.264838553750966765e+00,2.137674806175895270e+01
1.264854988399071622e+00,2.138100546542618119e+01
1.264871423047176924e+00,2.138424617577615194e+01
1.264887857695282003e+00,2.138679315117668978e+01
1.264904292343387304e+00,2.138931494253047561e+01
1.264920726991492383e+00,2.139099756848004930e+01
1.264937161639597685e+00,2.139267991082502718e+01
1.264953596287702986e+00,2.139427976634209116e+01
1.264970030935808065e+00,2.139578417720340653e+01
1.264986465583913366e+00,2.139728826302044595e+01
1.265002900232018446e+00,2.139829790856896707e+01
1.265019334880123747e+00,2.139925093999753969e+01
1.265035769528228604e+00,2.140081219889697195e+01
1.265052204176333905e+00,2.140359656456881154e+01
1.265068638824438985e+00,2.140638089584145476e+01
1.265085073472544286e+00,2.140589787977761205e+01
1.265101508120649587e+00,2.140441834932734011e+01
1.265117942768754666e+00,2.140419202018524913e+01
1.265134377416859968e+00,2.140896388720965859e+01
1.265150812064965047e+00,2.141373613087307959e+01
1.265167246713070348e+00,2.141695384610097008e+01
1.265183681361175427e+00,2.141927651272106559e+01
1.265200116009280729e+00,2.142156590712551534e+01
1.265216550657385586e+00,2.142340546836684112e+01
1.265232985305490887e+00,2.142524478337747240e+01
1.265249419953596188e+00,2.142318577922188538e+01
1.265265854601701268e+00,2.141726519752769065e+01
1.265282289249806569e+00,2.141134221857542741e+01
1.265298723897911648e+00,2.141635692656124590e+01
1.265315158546016949e+00,2.142211629351477598e+01
1.265331593194122028e+00,2.142699379301313201e+01
1.265348027842227330e+00,2.143036916492002320e+01
1.265364462490332409e+00,2.143374462987739903e+01
1.265380897138437710e+00,2.143735437807689337e+01
1.265397331786542567e+00,2.144102150476645008e+01
1.265413766434647869e+00,2.144439539539591877e+01
1.265430201082753170e+00,2.144682550259038578e+01
1.265446635730858249e+00,2.144925549776740681e+01
1.265463070378963550e+00,2.145129322332872235e+01
1.265479505027068630e+00,2.145313811407285343e+01
1.265495939675173931e+00,2.145498300834633909e+01
1.265512374323279010e+00,2.145682979334583962e+01
1.265528808971384311e+00,2.145867633473881497e+01
1.265545243619489391e+00,2.146050187321684177e+01
1.265561678267594692e+00,2.146230928109517677e+01
1.265578112915699993e+00,2.146411643649216572e+01
1.265594547563804850e+00,2.146514352489567656e+01
1.265610982211910152e+00,2.146614640775081639e+01
1.265627416860015231e+00,2.146465961449008475e+01
1.265643851508120532e+00,2.145949175452938817e+01
1.265660286156225611e+00,2.145432174530567337e+01
1.265676720804330913e+00,2.146031340269653853e+01
1.265693155452435992e+00,2.146848663171332205e+01
1.265709590100541293e+00,2.147531537541810565e+01
1.265726024748646372e+00,2.147849752513710797e+01
1.265742459396751673e+00,2.148167972682009719e+01
1.265758894044856975e+00,2.148384165344393182e+01
1.265775328692961832e+00,2.148557097364183832e+01
1.265791763341067133e+00,2.148726749008747205e+01
1.265808197989172212e+00,2.148875542674062800e+01
1.265824632637277514e+00,2.149024303792905854e+01
1.265841067285382593e+00,2.149151967427444632e+01
1.265857501933487894e+00,2.149263560142815521e+01
1.265873936581592973e+00,2.149375072638367357e+01
1.265890371229698275e+00,2.149389317634054919e+01
1.265906805877803576e+00,2.149403497690258291e+01
1.265923240525908655e+00,2.149065462697209838e+01
1.265939675174013956e+00,2.148265867415186392e+01
1.265956109822118814e+00,2.147465964174344322e+01
1.265972544470224115e+00,2.147820280478171284e+01
1.265988979118329194e+00,2.148354291236687175e+01
1.266005413766434495e+00,2.148977113461093325e+01
1.266021848414539575e+00,2.149809406035290493e+01
1.266038283062644876e+00,2.150641796745097523e+01
1.266054717710750177e+00,2.150501062984909240e+01
1.266071152358855256e+00,2.150000026659551011e+01
1.266087587006960558e+00,2.149725474043891538e+01
1.266104021655065637e+00,2.150622704890677639e+01
1.266120456303170938e+00,2.151520043218987865e+01
1.266136890951275795e+00,2.151933826982996578e+01
1.266153325599381096e+00,2.152017241615622112e+01
1.266169760247486176e+00,2.152109911309659651e+01
1.266186194895591477e+00,2.152548623343069423e+01
1.266202629543696778e+00,2.152970267769525847e+01
1.266219064191801857e+00,2.153055273245594847e+01
1.266235498839907159e+00,2.152741955036024279e+01
1.266251933488012238e+00,2.152463475670931103e+01
1.266268368136117539e+00,2.152691895833184432e+01
1.266284802784222618e+00,2.152982289471402666e+01
1.266301237432327920e+00,2.153345120783853162e+01
1.266317672080432777e+00,2.153860742090818903e+01
1.266334106728538078e+00,2.154376416346371670e+01
1.266350541376643379e+00,2.154120933659938331e+01
1.266366976024748459e+00,2.153612706229612783e+01
1.266383410672853760e+00,2.153261692305973440e+01
1.266399845320958839e+00,2.153604669706886199e+01
1.266416279969064140e+00,2.153947661841686312e+01
1.266432714617169220e+00,2.154599339898449628e+01
1.266449149265274521e+00,2.155443242006355931e+01
1.266465583913379600e+00,2.156258005980658154e+01
1.266482018561484901e+00,2.156489553991218955e+01
1.266498453209590203e+00,2.156721090097690663e+01
1.266514887857695060e+00,2.156962887793202199e+01
1.266531322505800361e+00,2.157215849951769115e+01
1.266547757153905440e+00,2.157468805436350223e+01
1.266564191802010741e+00,2.157688399426412218e+01
1.266580626450115821e+00,2.157904692265237045e+01
1.266597061098221122e+00,2.158116985510018182e+01
1.266613495746326201e+00,2.158321576314819268e+01
1.266629930394431502e+00,2.158526148587983329e+01
1.266646365042536360e+00,2.158694373642325104e+01
1.266662799690641883e+00,2.158851871986037452e+01
1.266679234338747184e+00,2.158966733521096160e+01
1.266695668986852041e+00,2.158914699540945392e+01
1.266712103634957343e+00,2.158862579375053770e+01
1.266728538283062422e+00,2.158614150314410196e+01
1.266744972931167723e+00,2.158252452568170199e+01
1.266761407579272802e+00,2.157968410168912143e+01
1.266777842227378104e+00,2.158801350740214531e+01
1.266794276875483183e+00,2.159634404664556939e+01
1.266810711523588484e+00,2.160175336688196523e+01
1.266827146171693785e+00,2.160419192907479768e+01
1.266843580819798643e+00,2.160663040309513150e+01
1.266860015467903944e+00,2.160115960076572961e+01
1.266876450116009023e+00,2.159505871151649359e+01
1.266892884764114324e+00,2.159439732160333136e+01
1.266909319412219403e+00,2.160353629641736006e+01
1.266925754060324705e+00,2.161267653809904843e+01
1.266942188708429784e+00,2.161431546424096695e+01
1.266958623356535085e+00,2.161392885901592820e+01
1.266975058004640386e+00,2.161516824003256332e+01
1.266991492652745466e+00,2.162224919801376188e+01
1.267007927300850767e+00,2.162933106407524875e+01
1.267024361948955624e+00,2.163314809796557370e+01
1.267040796597060925e+00,2.163519224395775353e+01
1.267057231245166005e+00,2.163711654281372887e+01
1.267073665893271306e+00,2.163763234001877933e+01
1.267090100541376385e+00,2.163814756046962628e+01
1.267106535189481686e+00,2.163875426543607361e+01
1.267122969837586766e+00,2.163944943127220810e+01
1.267139404485692067e+00,2.164014406827179471e+01
1.267155839133797368e+00,2.164403348453417308e+01
1.267172273781902447e+00,2.164813273538850069e+01
1.267188708430007749e+00,2.164955700902518387e+01
1.267205143078112606e+00,2.164639354308276253e+01
1.267221577726217907e+00,2.164322844130201418e+01
1.267238012374322986e+00,2.164569104939968014e+01
1.267254447022428288e+00,2.164957625686515996e+01
1.267270881670533367e+00,2.165142498112357572e+01
1.267287316318638668e+00,2.164637747778310839e+01
1.267303750966743969e+00,2.164132773370542040e+01
1.267320185614849049e+00,2.164532170267633759e+01
1.267336620262954350e+00,2.165402354664589879e+01
1.267353054911059429e+00,2.166192735951445769e+01
1.267369489559164730e+00,2.166147665542193224e+01
1.267385924207269587e+00,2.166102511449286894e+01
1.267402358855374889e+00,2.166450722079561331e+01
1.267418793503479968e+00,2.167166811953921624e+01
1.267435228151585269e+00,2.167882993803631919e+01
1.267451662799690570e+00,2.168326509903320343e+01
1.267468097447795650e+00,2.168754558821975209e+01
1.267484532095900951e+00,2.168995541615473144e+01
1.267500966744006030e+00,2.168925456050442691e+01
1.267517401392111331e+00,2.168855279903454303e+01
1.267533836040216411e+00,2.168845601432987280e+01
1.267550270688321712e+00,2.168850543960372690e+01
1.267566705336426569e+00,2.169004139244985652e+01
1.267583139984531870e+00,2.169644495870595335e+01
1.267599574632637172e+00,2.170284930040816462e+01
1.267616009280742251e+00,2.170656459581914888e+01
1.267632443928847552e+00,2.170891349213507127e+01
1.267648878576952631e+00,2.171069451524354932e+01
1.267665313225057933e+00,2.170687737676505691e+01
1.267681747873163012e+00,2.170305840348593662e+01
1.267698182521268313e+00,2.170446532298974773e+01
1.267714617169373392e+00,2.171067858118053451e+01
1.267731051817478694e+00,2.171689257711448207e+01
1.267747486465583995e+00,2.172092778836133675e+01
1.267763921113688852e+00,2.172484819738249584e+01
1.267780355761794153e+00,2.172805234557585052e+01
1.267796790409899232e+00,2.173008029595533230e+01
1.267813225058004534e+00,2.173210805976782822e+01
1.267829659706109613e+00,2.173177886912115042e+01
1.267846094354214914e+00,2.173088602597205465e+01
1.267862529002319993e+00,2.172992242300783161e+01
1.267878963650425295e+00,2.172873156602397771e+01
1.267895398298530374e+00,2.172753966829324312e+01
1.267911832946635675e+00,2.173200659736635032e+01
1.267928267594740976e+00,2.173933477970525274e+01
1.267944702242845834e+00,2.174624480336995447e+01
1.267961136890951135e+00,2.174905253452422471e+01
1.267977571539056214e+00,2.175186026756446012e+01
1.267994006187161515e+00,2.175429164874639554e+01
1.268010440835266595e+00,2.175637686302236062e+01
1.268026875483371896e+00,2.175846190535809299e+01
1.268043310131476975e+00,2.176045513234361195e+01
1.268059744779582276e+00,2.176244326189422296e+01
1.268076179427687578e+00,2.176435935021126156e+01
1.268092614075792657e+00,2.176615668593380803e+01
1.268109048723897958e+00,2.176795377894986316e+01
1.268125483372002815e+00,2.176586514013045104e+01
1.268141918020108116e+00,2.176283657179637387e+01
1.268158352668213196e+00,2.176007925197243509e+01
1.268174787316318497e+00,2.175821672962661779e+01
1.268191221964423576e+00,2.175635297559893999e+01
1.268207656612528877e+00,2.176303272698390501e+01
1.268224091260634179e+00,2.177409066489646250e+01
1.268240525908739258e+00,2.178436611165902193e+01
1.268256960556844559e+00,2.178662431631678231e+01
1.268273395204949638e+00,2.178888239178658637e+01
1.268289829853054940e+00,2.179072062806882926e+01
1.268306264501159797e+00,2.179216610571195645e+01
1.268322699149265098e+00,2.179361125334537874e+01
1.268339133797370177e+00,2.179437326541863840e+01
1.268355568445475479e+00,2.179509456419505042e+01
1.268372003093580558e+00,2.179416801462129527e+01
1.268388437741685859e+00,2.179045866255041375e+01
1.268404872389791160e+00,2.178674752031344397e+01
1.268421307037896240e+00,2.178463493856860111e+01
1.268437741686001541e+00,2.178292267292305340e+01
1.268454176334106620e+00,2.178325981355646235e+01
1.268470610982211921e+00,2.179058799737861563e+01
1.268487045630316778e+00,2.179791712360693623e+01
1.268503480278422080e+00,2.180551814589317772e+01
1.268519914926527159e+00,2.181326348059016595e+01
1.268536349574632460e+00,2.182032548343057243e+01
1.268552784222737762e+00,2.181965071711155701e+01
1.268569218870842841e+00,2.181897506079751636e+01
1.268585653518948142e+00,2.182014733937522877e+01
1.268602088167053221e+00,2.182310709627734013e+01
1.268618522815158522e+00,2.182606689151621637e+01
1.268634957463263602e+00,2.182456703146215204e+01
1.268651392111368903e+00,2.182275816107143029e+01
1.268667826759473760e+00,2.182344707733183853e+01
1.268684261407579061e+00,2.182853398402628997e+01
1.268700696055684363e+00,2.183362139740092900e+01
1.268717130703789442e+00,2.183786905939444623e+01
1.268733565351894743e+00,2.184189262608632376e+01
1.268749999999999822e+00,2.184547194606295406e+01
1.268766434648105124e+00,2.184743727712830363e+01
1.268782869296210203e+00,2.184940240896672847e+01
1.268799303944315504e+00,2.185123701800891283e+01
1.268815738592420583e+00,2.185299892368702146e+01
1.268832173240525885e+00,2.185471037829207575e+01
1.268848607888631186e+00,2.185574684034406800e+01
1.268865042536736043e+00,2.185678287082636118e+01
1.268881477184841344e+00,2.185752414199865612e+01
1.268897911832946424e+00,2.185796554371367861e+01
1.268914346481051725e+00,2.185840635971833379e+01
1.268930781129156804e+00,2.186113699518927689e+01
1.268947215777262105e+00,2.186406084771163805e+01
1.268963650425367184e+00,2.186288124366194552e+01
1.268980085073472486e+00,2.185402998230256699e+01
1.268996519721577787e+00,2.184517516622937094e+01
1.269012954369682644e+00,2.185417324616540569e+01
1.269029389017788167e+00,2.186836302795919096e+01
1.269045823665893025e+00,2.188041178349850924e+01
1.269062258313998326e+00,2.188394081468984709e+01
1.269078692962103405e+00,2.188747001470874665e+01
1.269095127610208706e+00,2.188809176696824821e+01
1.269111562258313786e+00,2.188698349015050582e+01
1.269127996906419087e+00,2.188614995658853601e+01
1.269144431554524166e+00,2.189023798343148286e+01
1.269160866202629467e+00,2.189432630316223793e+01
1.269177300850734769e+00,2.189797473872211597e+01
1.269193735498839626e+00,2.190114450169613747e+01
1.269210170146944927e+00,2.190431435177201180e+01
1.269226604795050006e+00,2.190558169018683543e+01
1.269243039443155308e+00,2.190664840689706239e+01
1.269259474091260387e+00,2.190705118826055653e+01
1.269275908739365688e+00,2.190610926234565525e+01
1.269292343387470767e+00,2.190516637811560940e+01
1.269308778035576069e+00,2.190485455413444171e+01
1.269325212683681370e+00,2.190474579355381834e+01
1.269341647331786449e+00,2.190425361689861816e+01
1.269358081979891750e+00,2.190203701081297183e+01
1.269374516627996607e+00,2.189981908182821968e+01
1.269390951276101909e+00,2.189927482263997760e+01
1.269407385924206988e+00,2.189981337184270416e+01
1.269423820572312289e+00,2.190039950944214908e+01
1.269440255220417368e+00,2.190241452579865467e+01
1.269456689868522670e+00,2.190442935770260391e+01
1.269473124516627971e+00,2.191146121108596745e+01
1.269489559164733050e+00,2.192443393971232979e+01
1.269505993812838351e+00,2.193740841513201545e+01
1.269522428460943431e+00,2.194106208181091588e+01
1.269538863109048732e+00,2.194348244278047488e+01
1.269555297757153589e+00,2.194589895227908016e+01
1.269571732405258890e+00,2.194830692760568525e+01
1.269588167053363970e+00,2.195071481239325450e+01
1.269604601701469271e+00,2.195272688353490764e+01
1.269621036349574350e+00,2.195459488007423587e+01
1.269637470997679651e+00,2.195636255040874119e+01
1.269653905645784953e+00,2.195759773160682116e+01
1.269670340293890032e+00,2.195883253516933564e+01
1.269686774941995333e+00,2.196095617209711293e+01
1.269703209590100412e+00,2.196371518295790537e+01
1.269719644238205714e+00,2.196646978431306607e+01
1.269736078886310571e+00,2.196867747095303258e+01
1.269752513534415872e+00,2.197088501950980444e+01
1.269768948182520951e+00,2.197258108529821996e+01
1.269785382830626252e+00,2.197360638014728096e+01
1.269801817478731554e+00,2.197463124478861118e+01
1.269818252126836633e+00,2.197542655846718773e+01
1.269834686774941934e+00,2.197618325395427874e+01
1.269851121423047013e+00,2.197781066433488206e+01
1.269867556071152315e+00,2.198165767738864673e+01
1.269883990719257394e+00,2.198550492956845304e+01
1.269900425367362695e+00,2.198836818573062146e+01
1.269916860015467552e+00,2.199082220520696396e+01
1.269933294663572854e+00,2.199314055083369013e+01
1.269949729311678155e+00,2.199455665206405897e+01
1.269966163959783234e+00,2.199597242216816184e+01
1.269982598607888535e+00,2.199622573318707097e+01
1.269999033255993615e+00,2.199554634755276084e+01
1.270015467904098916e+00,2.199486608222314032e+01
1.270031902552203995e+00,2.199059585306135034e+01
1.270048337200309296e+00,2.198624737033811627e+01
1.270064771848414376e+00,2.198726436616546920e+01
1.270081206496519677e+00,2.199622348316377440e+01
1.270097641144624978e+00,2.200518380250453987e+01
1.270114075792729835e+00,2.200925811088188766e+01
1.270130510440835137e+00,2.201231210947240058e+01
1.270146945088940216e+00,2.201542386401576579e+01
1.270163379737045517e+00,2.201870765517806205e+01
1.270179814385150596e+00,2.202199155970452438e+01
1.270196249033255897e+00,2.202366364399272669e+01
1.270212683681360977e+00,2.202455959854681922e+01
1.270229118329466278e+00,2.202499717210256236e+01
1.270245552977571579e+00,2.202125833959598111e+01
1.270261987625676658e+00,2.201751773362052589e+01
1.270278422273781960e+00,2.201878465621047098e+01
1.270294856921886817e+00,2.202462934105295744e+01
1.270311291569992118e+00,2.203047467823589400e+01
1.270327726218097197e+00,2.203346228381518301e+01
1.270344160866202499e+00,2.203628714839195979e+01
1.270360595514307578e+00,2.203888351626106612e+01
1.270377030162412879e+00,2.204109007551887700e+01
1.270393464810517958e+00,2.204329649803515778e+01
1.270409899458623260e+00,2.203930102810851466e+01
1.270426334106728561e+00,2.203368501433535087e+01
1.270442768754833640e+00,2.203061516666221209e+01
1.270459203402938941e+00,2.203677560461509088e+01
1.270475638051043799e+00,2.204293675513844164e+01
1.270492072699149100e+00,2.204413505047066124e+01
1.270508507347254179e+00,2.204253649980568142e+01
1.270524941995359480e+00,2.204157100223550003e+01
1.270541376643464559e+00,2.205007085854600035e+01
1.270557811291569861e+00,2.205857183916288378e+01
1.270574245939675162e+00,2.206354654198251808e+01
1.270590680587780241e+00,2.206478854078509855e+01
1.270607115235885543e+00,2.206603016774446147e+01
1.270623549883990622e+00,2.206601792859344258e+01
1.270639984532095923e+00,2.206587928589840786e+01
1.270656419180200780e+00,2.206823330807268491e+01
1.270672853828306081e+00,2.207561021507868659e+01
1.270689288476411161e+00,2.208298805550736432e+01
1.270705723124516462e+00,2.208673391164766642e+01
1.270722157772621763e+00,2.208929821342624678e+01
1.270738592420726842e+00,2.209170095515034049e+01
1.270755027068832144e+00,2.209335426735270858e+01
1.270771461716937223e+00,2.209500730987167927e+01
1.270787896365042524e+00,2.209462121397395151e+01
1.270804331013147603e+00,2.209287473493665743e+01
1.270820765661252905e+00,2.209121229106307993e+01
1.270837200309357762e+00,2.209324194157936105e+01
1.270853634957463063e+00,2.209527141420293717e+01
1.270870069605568142e+00,2.209623019759561302e+01
1.270886504253673444e+00,2.209585328994301534e+01
1.270902938901778745e+00,2.209547559178955112e+01
1.270919373549883824e+00,2.210213173998888792e+01
1.270935808197989125e+00,2.210986407487040140e+01
1.270952242846094205e+00,2.211581026770692660e+01
1.270968677494199506e+00,2.211737578902265966e+01
1.270985112142304585e+00,2.211894101990759154e+01
1.271001546790409886e+00,2.211992392234676075e+01
1.271017981438514743e+00,2.211874569541688018e+01
1.271034416086620045e+00,2.211646350351145429e+01
1.271050850734725346e+00,2.211238625284996573e+01
1.271067285382830425e+00,2.210830889299546342e+01
1.271083720030935726e+00,2.210286505981123995e+01
1.271100154679040806e+00,2.209633050836503543e+01
1.271116589327146107e+00,2.208979569341587279e+01
1.271133023975251186e+00,2.209878315625578082e+01
1.271149458623356487e+00,2.210811836142683973e+01
1.271165893271461567e+00,2.211298143187537946e+01
1.271182327919566868e+00,2.211113595037651081e+01
1.271198762567672169e+00,2.210929043627528401e+01
1.271215197215777026e+00,2.210713066019391349e+01
1.271231631863882328e+00,2.210490268361941446e+01
1.271248066511987407e+00,2.210388857546494989e+01
1.271264501160092708e+00,2.210664616146472028e+01
1.271280935808197787e+00,2.210940368150591695e+01
1.271297370456303089e+00,2.211008442275547736e+01
1.271313805104408168e+00,2.210971938103815049e+01
1.271330239752513469e+00,2.210918035182834629e+01
1.271346674400618770e+00,2.210680706814573782e+01
1.271363109048723627e+00,2.210443373926080568e+01
1.271379543696828929e+00,2.210324070332686830e+01
1.271395978344934008e+00,2.210319055791755360e+01
1.271412412993039309e+00,2.210314039754342375e+01
1.271428847641144388e+00,2.209923686693287337e+01
1.271445282289249690e+00,2.209504058842597374e+01
1.271461716937354769e+00,2.209151277706609307e+01
1.271478151585460070e+00,2.208922296830834497e+01
1.271494586233565371e+00,2.208693311660689318e+01
1.271511020881670451e+00,2.208954434366656372e+01
1.271527455529775752e+00,2.209360377317855750e+01
1.271543890177880609e+00,2.209460478291788732e+01
1.271560324825985910e+00,2.208281389492721303e+01
1.271576759474090990e+00,2.207102216730844901e+01
1.271593194122196291e+00,2.206821056844624351e+01
1.271609628770301370e+00,2.207104440820812030e+01
1.271626063418406671e+00,2.207388069133910591e+01
1.271642498066511751e+00,2.207678639162596568e+01
1.271658932714617052e+00,2.207969202052051472e+01
1.271675367362722353e+00,2.208268378374865293e+01
1.271691802010827432e+00,2.208577840907618750e+01
1.271708236658932734e+00,2.208887295577426357e+01
1.271724671307037591e+00,2.208963137390064446e+01
1.271741105955142892e+00,2.209006068134501533e+01
1.271757540603247971e+00,2.209012682353569801e+01
1.271773975251353272e+00,2.208933425440790543e+01
1.271790409899458352e+00,2.208854166782151651e+01
1.271806844547563653e+00,2.208782041893197245e+01
1.271823279195668954e+00,2.208712720822791553e+01
1.271839713843774033e+00,2.208634825269045621e+01
1.271856148491879335e+00,2.208503511569492872e+01
1.271872583139984414e+00,2.208372195550210648e+01
1.271889017788089715e+00,2.207718035467209461e+01
1.271905452436194572e+00,2.206650819096050853e+01
1.271921887084299874e+00,2.205583533874689550e+01
1.271938321732404953e+00,2.205419957314048318e+01
1.271954756380510254e+00,2.205275751831806375e+01
1.271971191028615555e+00,2.205434179929737226e+01
1.271987625676720635e+00,2.206047907630913585e+01
1.272004060324825936e+00,2.206661609851081707e+01
1.272020494972931015e+00,2.206615361684447763e+01
1.272036929621036316e+00,2.206423682518452267e+01
1.272053364269141396e+00,2.206360389727833748e+01
1.272069798917246697e+00,2.206704751017960930e+01
1.272086233565351554e+00,2.207049102986674782e+01
1.272102668213456855e+00,2.206963226826572111e+01
1.272119102861561935e+00,2.206655195134680270e+01
1.272135537509667236e+00,2.206388187336019513e+01
1.272151972157772537e+00,2.206597060744225303e+01
1.272168406805877616e+00,2.206805929626187179e+01
1.272184841453982918e+00,2.206861855269640316e+01
1.272201276102087997e+00,2.206764359819203491e+01
1.272217710750193298e+00,2.206666862463710288e+01
1.272234145398298377e+00,2.206588219999859390e+01
1.272250580046403678e+00,2.206511239246787426e+01
1.272267014694508536e+00,2.206164718949368009e+01
1.272283449342613837e+00,2.205291514696811106e+01
1.272299883990719138e+00,2.204418264164381114e+01
1.272316318638824217e+00,2.203937771151625924e+01
1.272332753286929519e+00,2.203582581578736210e+01
1.272349187935034598e+00,2.203378524388373805e+01
1.272365622583139899e+00,2.203874289954602972e+01
1.272382057231244978e+00,2.204370038187187220e+01
1.272398491879350280e+00,2.204313003174296526e+01
1.272414926527455359e+00,2.203882757818157856e+01
1.272431361175560660e+00,2.203472892567689811e+01
1.272447795823665961e+00,2.204296975529312519e+01
1.272464230471770819e+00,2.205121014221220221e+01
1.272480665119876120e+00,2.205487155547456979e+01
1.272497099767981199e+00,2.205259782124481305e+01
1.272513534416086500e+00,2.205032404470942353e+01
1.272529969064191580e+00,2.204451149861519710e+01
1.272546403712296881e+00,2.203809664627362253e+01
1.272562838360401960e+00,2.203505902816137052e+01
1.272579273008507261e+00,2.204098598910045936e+01
1.272595707656612563e+00,2.204691271071368064e+01
1.272612142304717642e+00,2.204843461595298137e+01
1.272628576952822943e+00,2.204800138091535189e+01
1.272645011600927800e+00,2.204755713799413996e+01
1.272661446249033101e+00,2.204702523792409252e+01
1.272677880897138181e+00,2.204716194848926136e+01
1.272694315545243482e+00,2.204602431564489962e+01
1.272710750193348561e+00,2.204327656224861087e+01
1.272727184841453862e+00,2.204052833150878499e+01
1.272743619489559164e+00,2.203925652996033335e+01
1.272760054137664243e+00,2.203806393183860735e+01
1.272776488785769544e+00,2.203835584749639764e+01
1.272792923433874623e+00,2.204120318678265278e+01
1.272809358081979925e+00,2.204405069268369743e+01
1.272825792730084782e+00,2.204653065141641832e+01
1.272842227378190083e+00,2.204891066597021876e+01
1.272858662026295162e+00,2.204962218613187375e+01
1.272875096674400464e+00,2.204384260768408765e+01
1.272891531322505543e+00,2.203806204426015469e+01
1.272907965970610844e+00,2.204032546152457783e+01
1.272924400618716145e+00,2.204746087281320754e+01
1.272940835266821225e+00,2.205434948806792761e+01
1.272957269914926526e+00,2.205546918615879903e+01
1.272973704563031605e+00,2.205658889264390154e+01
1.272990139211136906e+00,2.205325938528440233e+01
1.273006573859241763e+00,2.204469072213981562e+01
1.273023008507347065e+00,2.203612050849623571e+01
1.273039443155452144e+00,2.203421251631701594e+01
1.273055877803557445e+00,2.203323566551482671e+01
1.273072312451662746e+00,2.203238187894920586e+01
1.273088747099767826e+00,2.203182201488805703e+01
1.273105181747873127e+00,2.203126197091914307e+01
1.273121616395978206e+00,2.203940904364229425e+01
1.273138051044083507e+00,2.205105666141849596e+01
1.273154485692188587e+00,2.206117463888389452e+01
1.273170920340293888e+00,2.206115252041854191e+01
1.273187354988398745e+00,2.206113028601268056e+01
1.273203789636504046e+00,2.206111295817811069e+01
1.273220224284609348e+00,2.206109964319252725e+01
1.273236658932714427e+00,2.206108621331099329e+01
1.273253093580819728e+00,2.206207313621495203e+01
1.273269528228924807e+00,2.206309470078906898e+01
1.273285962877030109e+00,2.206256183147231908e+01
1.273302397525135188e+00,2.205953629901439683e+01
1.273318832173240489e+00,2.205651024801486670e+01
1.273335266821345568e+00,2.204853420266460873e+01
1.273351701469450870e+00,2.203933147240337220e+01
1.273368136117555727e+00,2.203469699980483298e+01
1.273384570765661028e+00,2.204635992087368734e+01
1.273401005413766329e+00,2.205802324920245283e+01
1.273417440061871408e+00,2.206190455397828387e+01
1.273433874709976710e+00,2.206133827180793361e+01
1.273450309358081789e+00,2.206093096121594499e+01
1.273466744006187090e+00,2.206333555648880562e+01
1.273483178654292169e+00,2.206574028110385299e+01
1.273499613302397471e+00,2.206492900181843098e+01
1.273516047950502328e+00,2.206050113627993525e+01
1.273532482598607629e+00,2.205607252697519272e+01
1.273548917246713152e+00,2.204979425139318749e+01
1.273565351894818010e+00,2.204328114571928410e+01
1.273581786542923311e+00,2.204118254485697648e+01
1.273598221191028390e+00,2.204915730271689611e+01
1.273614655839133691e+00,2.205713248168577678e+01
1.273631090487238771e+00,2.206319391301368782e+01
1.273647525135344072e+00,2.206851723703587709e+01
1.273663959783449151e+00,2.207331996435130250e+01
1.273680394431554452e+00,2.207488025128076004e+01
1.273696829079659754e+00,2.207644059034785755e+01
1.273713263727764611e+00,2.207754838079938864e+01
1.273729698375869912e+00,2.207829348627798893e+01
1.273746133023974991e+00,2.207903856120787722e+01
1.273762567672080293e+00,2.207512356532543407e+01
1.273779002320185372e+00,2.207107251588076124e+01
1.273795436968290673e+00,2.206745647749263028e+01
1.273811871616395752e+00,2.206452616937324507e+01
1.273828306264501053e+00,2.206159535778571623e+01
1.273844740912606355e+00,2.205787443892516464e+01
1.273861175560711434e+00,2.205396131192374654e+01
1.273877610208816735e+00,2.205346888786762349e+01
1.273894044856921592e+00,2.206502720081928359e+01
1.273910479505026894e+00,2.207658592236379391e+01
1.273926914153131973e+00,2.208184863566539846e+01
1.273943348801237274e+00,2.208353027825170400e+01
1.273959783449342353e+00,2.208513133814553342e+01
1.273976218097447655e+00,2.208530937090421276e+01
1.273992652745552956e+00,2.208548731091564932e+01
1.274009087393658035e+00,2.208142369450803955e+01
1.274025522041763336e+00,2.207257022505233124e+01
1.274041956689868416e+00,2.206371514476710871e+01
1.274058391337973717e+00,2.205541620352439480e+01
1.274074825986078574e+00,2.204718770834127994e+01
1.274091260634183875e+00,2.204381505333793356e+01
1.274107695282288955e+00,2.205168367911719685e+01
1.274124129930394256e+00,2.205955272316726123e+01
1.274140564578499335e+00,2.206458404051735656e+01
1.274156999226604636e+00,2.206849841087642616e+01
1.274173433874709938e+00,2.207214955720727545e+01
1.274189868522815017e+00,2.207408793733370089e+01
1.274206303170920318e+00,2.207602640520553194e+01
1.274222737819025397e+00,2.207979186690470641e+01
1.274239172467130699e+00,2.208505831959667276e+01
1.274255607115235556e+00,2.209032509795103039e+01
1.274272041763340857e+00,2.209130157507552283e+01
1.274288476411445936e+00,2.209212054581709239e+01
1.274304911059551237e+00,2.208913113837940756e+01
1.274321345707656539e+00,2.207992996367310923e+01
1.274337780355761618e+00,2.207072710069339649e+01
1.274354215003866919e+00,2.207028115061103790e+01
1.274370649651971998e+00,2.207208647504916499e+01
1.274387084300077300e+00,2.207334248591201131e+01
1.274403518948182379e+00,2.207254223831562712e+01
1.274419953596287680e+00,2.207174178177257318e+01
1.274436388244392537e+00,2.207216705162790049e+01
1.274452822892497839e+00,2.207332431029524145e+01
1.274469257540603140e+00,2.207469651813790179e+01
1.274485692188708219e+00,2.208105988316589219e+01
1.274502126836813520e+00,2.208742362251679836e+01
1.274518561484918600e+00,2.209277067240237713e+01
1.274534996133023901e+00,2.209690624581941165e+01
1.274551430781128980e+00,2.210104207891393457e+01
1.274567865429234281e+00,2.210183663954156330e+01
1.274584300077339361e+00,2.210213781091284346e+01
1.274600734725444662e+00,2.210257500897355953e+01
1.274617169373549519e+00,2.210335150247452773e+01
1.274633604021654820e+00,2.210412796890254938e+01
1.274650038669760121e+00,2.210457847080390792e+01
1.274666473317865201e+00,2.210488991905184619e+01
1.274682907965970502e+00,2.210465486658819856e+01
1.274699342614075581e+00,2.210024669852588275e+01
1.274715777262180882e+00,2.209583779180346852e+01
1.274732211910285962e+00,2.209124019825323515e+01
1.274748646558391263e+00,2.208647545557597880e+01
1.274765081206496342e+00,2.208170991343349243e+01
1.274781515854601643e+00,2.208500115459199975e+01
1.274797950502706945e+00,2.208876149997371741e+01
1.274814385150811802e+00,2.209232987662579006e+01
1.274830819798917103e+00,2.209555601475906883e+01
1.274847254447022182e+00,2.209878234838298283e+01
1.274863689095127484e+00,2.209897299230705059e+01
1.274880123743232563e+00,2.209827632125439578e+01
1.274896558391337864e+00,2.209871443971134752e+01
1.274912993039442943e+00,2.210404961751481778e+01
1.274929427687548245e+00,2.210938512378875842e+01
1.274945862335653546e+00,2.211187972167201110e+01
1.274962296983758625e+00,2.211249910737662461e+01
1.274978731631863926e+00,2.211306257700429967e+01
1.274995166279968783e+00,2.211030119096037083e+01
1.275011600928074085e+00,2.210753932801674537e+01
1.275028035576179164e+00,2.210725717215634134e+01
1.275044470224284465e+00,2.211025561970976128e+01
1.275060904872389544e+00,2.211325424502200931e+01
1.275077339520494846e+00,2.211181957044969337e+01
1.275093774168600147e+00,2.210956836467957487e+01
1.275110208816705226e+00,2.210831853712975459e+01
1.275126643464810527e+00,2.210994358210939126e+01
1.275143078112915607e+00,2.211156868538888176e+01
1.275159512761020908e+00,2.211348134304388680e+01
1.275175947409125765e+00,2.211553431391765301e+01
1.275192382057231066e+00,2.211697402064890028e+01
1.275208816705336146e+00,2.211188281329234329e+01
1.275225251353441447e+00,2.210679075003740834e+01
1.275241686001546748e+00,2.210673808546575714e+01
1.275258120649651827e+00,2.211173591405176708e+01
1.275274555297757129e+00,2.211673405314725827e+01
1.275290989945862208e+00,2.211940965359303135e+01
1.275307424593967509e+00,2.212186406897846780e+01
1.275323859242072588e+00,2.212336982360306692e+01
1.275340293890177890e+00,2.212291799016447413e+01
1.275356728538282747e+00,2.212246599092366850e+01
1.275373163186388048e+00,2.211876925604021693e+01
1.275389597834493127e+00,2.211393056460138951e+01
1.275406032482598429e+00,2.211076618224027612e+01
1.275422467130703730e+00,2.211687077269935742e+01
1.275438901778808809e+00,2.212297572609290697e+01
1.275455336426914110e+00,2.212620619710808612e+01
1.275471771075019189e+00,2.212723476979233439e+01
1.275488205723124491e+00,2.212826334175927201e+01
1.275504640371229570e+00,2.212869614712680999e+01
1.275521075019334871e+00,2.212911632961914066e+01
1.275537509667439728e+00,2.212955933209039117e+01
1.275553944315545030e+00,2.213003771233771033e+01
1.275570378963650331e+00,2.213051603366430342e+01
1.275586813611755410e+00,2.213085596756380724e+01
1.275603248259860711e+00,2.213116237859217961e+01
1.275619682907965791e+00,2.213071981805913424e+01
1.275636117556071092e+00,2.212759256970969801e+01
1.275652552204176171e+00,2.212446479001163979e+01
1.275668986852281472e+00,2.212037832465393450e+01
1.275685421500386552e+00,2.211573045867292819e+01
1.275701856148491853e+00,2.211138997521463878e+01
1.275718290796597154e+00,2.211382278409074331e+01
1.275734725444702011e+00,2.211625572419102781e+01
1.275751160092807313e+00,2.211344817962710252e+01
1.275767594740912392e+00,2.210439040816857315e+01
1.275784029389017693e+00,2.209533098492367742e+01
1.275800464037122772e+00,2.209908536471909457e+01
1.275816898685228074e+00,2.210477875502400025e+01
1.275833333333333153e+00,2.211010585128417461e+01
1.275849767981438454e+00,2.211449517751858806e+01
1.275866202629543311e+00,2.211888477858934010e+01
1.275882637277648612e+00,2.211788515193563143e+01
1.275899071925754136e+00,2.211450098503621930e+01
1.275915506573858993e+00,2.211220588853556634e+01
1.275931941221964294e+00,2.211914518532765328e+01
1.275948375870069373e+00,2.212608487418445691e+01
1.275964810518174675e+00,2.213169244134000024e+01
1.275981245166279754e+00,2.213605900412432348e+01
1.275997679814385055e+00,2.214042584015980708e+01
1.276014114462490134e+00,2.214163191154182186e+01
1.276030549110595436e+00,2.214259922180130502e+01
1.276046983758700737e+00,2.214040532242849579e+01
1.276063418406805594e+00,2.213212194446035497e+01
1.276079853054910895e+00,2.212383708599259080e+01
1.276096287703015975e+00,2.211991941199569212e+01
1.276112722351121276e+00,2.211742931090733322e+01
1.276129156999226355e+00,2.211676973547773528e+01
1.276145591647331656e+00,2.212534628021724004e+01
1.276162026295436736e+00,2.213392325027730934e+01
1.276178460943542037e+00,2.213315366438201437e+01
1.276194895591647338e+00,2.212553449380460435e+01
1.276211330239752417e+00,2.211791398355461880e+01
1.276227764887857719e+00,2.212847336947221777e+01
1.276244199535962576e+00,2.213923988414303423e+01
1.276260634184067877e+00,2.214618582315151940e+01
1.276277068832172956e+00,2.214740814031014438e+01
1.276293503480278257e+00,2.214863047642412042e+01
1.276309938128383337e+00,2.214978472949363208e+01
1.276326372776488638e+00,2.215092320250222357e+01
1.276342807424593939e+00,2.215191969391190341e+01
1.276359242072699018e+00,2.215242184491790312e+01
1.276375676720804320e+00,2.215292393978078778e+01
1.276392111368909399e+00,2.215258648857885859e+01
1.276408546017014700e+00,2.215176509222190404e+01
1.276424980665119557e+00,2.215087643235650106e+01
1.276441415313224859e+00,2.214858453341109268e+01
1.276457849961329938e+00,2.214629222742321701e+01
1.276474284609435239e+00,2.214455733367385903e+01
1.276490719257540540e+00,2.214348559937149830e+01
1.276507153905645620e+00,2.214241362302044536e+01
1.276523588553750921e+00,2.214292622284121492e+01
1.276540023201856000e+00,2.214368026509258058e+01
1.276556457849961301e+00,2.214578875870909869e+01
1.276572892498066381e+00,2.215140348954639293e+01
1.276589327146171682e+00,2.215701856062387876e+01
1.276605761794276539e+00,2.215902994484768840e+01
1.276622196442381840e+00,2.215941884517500426e+01
1.276638631090486919e+00,2.215982361721565042e+01
1.276655065738592221e+00,2.216037124805946590e+01
1.276671500386697522e+00,2.216091882775479860e+01
1.276687935034802601e+00,2.216119830019424342e+01
1.276704369682907902e+00,2.216122115748857979e+01
1.276720804331012982e+00,2.216124390529744659e+01
1.276737238979118283e+00,2.215844574803687550e+01
1.276753673627223362e+00,2.215540708780244117e+01
1.276770108275328663e+00,2.214978069367250058e+01
1.276786542923433521e+00,2.213894996043272201e+01
1.276802977571538822e+00,2.212811716057358424e+01
1.276819412219644123e+00,2.213419485930650055e+01
1.276835846867749202e+00,2.214613701142666713e+01
1.276852281515854504e+00,2.215673068369077114e+01
1.276868716163959583e+00,2.215985038872397794e+01
1.276885150812064884e+00,2.216297028015659976e+01
1.276901585460169963e+00,2.216466126486908195e+01
1.276918020108275265e+00,2.216524347363677805e+01
1.276934454756380344e+00,2.216582563505030379e+01
1.276950889404485645e+00,2.216088663255434454e+01
1.276967324052590946e+00,2.215578020718417918e+01
1.276983758700695804e+00,2.215318532243502503e+01
1.277000193348801105e+00,2.215463194125051416e+01
1.277016627996906184e+00,2.215607858886666648e+01
1.277033062645011485e+00,2.215777829956651246e+01
1.277049497293116564e+00,2.215954398824322880e+01
1.277065931941221866e+00,2.215823563782953443e+01
1.277082366589326945e+00,2.214487347439076359e+01
1.277098801237432246e+00,2.213150893069407488e+01
1.277115235885537325e+00,2.213419070738252614e+01
1.277131670533642627e+00,2.214700280790643205e+01
1.277148105181747928e+00,2.215944377675658927e+01
1.277164539829852785e+00,2.215595199765330037e+01
1.277180974477958086e+00,2.215245974037567933e+01
1.277197409126063166e+00,2.214773540985687816e+01
1.277213843774168467e+00,2.214139392734808709e+01
1.277230278422273546e+00,2.213505153937318681e+01
1.277246713070378847e+00,2.214563583761792387e+01
1.277263147718483927e+00,2.215939636179556516e+01
1.277279582366589228e+00,2.216997840255808683e+01
1.277296017014694529e+00,2.217109792299508086e+01
1.277312451662799608e+00,2.217221744778204240e+01
1.277328886310904910e+00,2.217169898167377085e+01
1.277345320959009767e+00,2.217033958760315926e+01
1.277361755607115068e+00,2.216921621174176948e+01
1.277378190255220147e+00,2.217122501084675790e+01
1.277394624903325449e+00,2.217323387759134334e+01
1.277411059551430528e+00,2.217442617914512226e+01
1.277427494199535829e+00,2.217473137399768390e+01
1.277443928847641130e+00,2.217503650683727656e+01
1.277460363495746209e+00,2.217513016912304025e+01
1.277476798143851511e+00,2.217519720825421814e+01
1.277493232791956590e+00,2.217533346225618018e+01
1.277509667440061891e+00,2.217563325952623998e+01
1.277526102088166748e+00,2.217593299434224363e+01
1.277542536736272050e+00,2.217619185122452308e+01
1.277558971384377129e+00,2.217643368376673507e+01
1.277575406032482430e+00,2.217666550704469230e+01
1.277591840680587731e+00,2.217682098034727645e+01
1.277608275328692811e+00,2.217697637861441606e+01
1.277624709976798112e+00,2.217585363605683213e+01
1.277641144624903191e+00,2.217357026487823646e+01
1.277657579273008492e+00,2.217128656741853021e+01
1.277674013921113572e+00,2.216712348050399584e+01
1.277690448569218873e+00,2.216282440224842176e+01
1.277706883217323730e+00,2.216236179488454283e+01
1.277723317865429031e+00,2.216930042919261368e+01
1.277739752513534333e+00,2.217623930709637747e+01
1.277756187161639412e+00,2.217590978079132213e+01
1.277772621809744713e+00,2.217315641909866031e+01
1.277789056457849792e+00,2.216966575493557201e+01
1.277805491105955094e+00,2.216225753506696705e+01
1.277821925754060173e+00,2.215451848739019525e+01
1.277838360402165474e+00,2.215058432705176017e+01
1.277854795050270553e+00,2.214979981599181968e+01
1.277871229698375855e+00,2.214901526141913379e+01
1.277887664346480712e+00,2.215565838193119319e+01
1.277904098994586013e+00,2.216249205350338869e+01
1.277920533642691314e+00,2.216751300192139240e+01
1.277936968290796393e+00,2.216961550206480069e+01
1.277953402938901695e+00,2.217171801606181347e+01
1.277969837587006774e+00,2.217287874087379862e+01
1.277986272235112075e+00,2.217379096992775800e+01
1.278002706883217154e+00,2.217435752873250010e+01
1.278019141531322456e+00,2.217353501305676033e+01
1.278035576179427313e+00,2.217271245243544442e+01
1.278052010827532836e+00,2.217041398693229937e+01
1.278068445475638137e+00,2.216716056339738472e+01
1.278084880123742995e+00,2.216394210020012778e+01
1.278101314771848296e+00,2.216303437856996439e+01
1.278117749419953375e+00,2.216212660873949503e+01
1.278134184068058676e+00,2.216151079120847811e+01
1.278150618716163756e+00,2.216129372631750982e+01
1.278167053364269057e+00,2.216107663719880350e+01
1.278183488012374136e+00,2.216148379342903141e+01
1.278199922660479437e+00,2.216201846101377981e+01
1.278216357308584739e+00,2.216263092448880911e+01
1.278232791956689596e+00,2.216349249140754196e+01
1.278249226604794897e+00,2.216435405992491070e+01
1.278265661252899976e+00,2.216489991098280399e+01
1.278282095901005277e+00,2.216527230622697431e+01
1.278298530549110357e+00,2.216561909587795043e+01
1.278314965197215658e+00,2.216550711801437146e+01
1.278331399845320737e+00,2.216539511906471205e+01
1.278347834493426038e+00,2.216455092633340129e+01
1.278364269141531118e+00,2.216284769808831712e+01
1.278380703789636419e+00,2.216114438689482213e+01
1.278397138437741720e+00,2.215883791979334205e+01
1.278413573085846577e+00,2.215643914449969287e+01
1.278430007733951879e+00,2.215363647651830092e+01
1.278446442382056958e+00,2.214976659800201730e+01
1.278462877030162259e+00,2.214589650285364542e+01
1.278479311678267338e+00,2.214293867162995255e+01
1.278495746326372640e+00,2.214040697280476877e+01
1.278512180974477719e+00,2.213881878984181739e+01
1.278528615622583020e+00,2.214694571148123359e+01
1.278545050270688321e+00,2.215507244008527366e+01
1.278561484918793401e+00,2.215901259993379568e+01
1.278577919566898702e+00,2.215868877169197404e+01
1.278594354215003559e+00,2.215836491592257929e+01
1.278610788863108860e+00,2.215631407969242872e+01
1.278627223511213939e+00,2.215407599991553411e+01
1.278643658159319241e+00,2.214851515172863827e+01
1.278660092807424320e+00,2.213552063623751209e+01
1.278676527455529621e+00,2.212252471502539919e+01
1.278692962103634922e+00,2.212186909533745194e+01
1.278709396751740002e+00,2.212611899485766642e+01
1.278725831399845303e+00,2.212940476722950223e+01
1.278742266047950382e+00,2.212575734330197363e+01
1.278758700696055683e+00,2.212210971921016522e+01
1.278775135344160541e+00,2.212333527720465653e+01
1.278791569992265842e+00,2.212890785322759513e+01
1.278808004640370921e+00,2.213448037766596954e+01
1.278824439288476222e+00,2.214075865883657102e+01
1.278840873936581524e+00,2.214708602633461965e+01
1.278857308584686603e+00,2.215115467199751720e+01
1.278873743232791904e+00,2.215086114011162621e+01
1.278890177880896983e+00,2.215056758167678908e+01
1.278906612529002285e+00,2.215013001965316874e+01
1.278923047177107364e+00,2.214964375404627717e+01
1.278939481825212665e+00,2.214904304422535120e+01
1.278955916473317522e+00,2.214940763885210373e+01
1.278972351121422824e+00,2.215577062887588866e+01
1.278988785769528125e+00,2.216231929550108859e+01
1.279005220417633204e+00,2.216901411445024905e+01
1.279021655065738505e+00,2.217570810174566986e+01
1.279038089713843585e+00,2.218208140556830799e+01
1.279054524361948886e+00,2.218844218642069777e+01
1.279070959010053965e+00,2.219417631082873399e+01
1.279087393658159266e+00,2.219884896359726056e+01
1.279103828306264345e+00,2.220351939190653212e+01
1.279120262954369647e+00,2.221071923958896832e+01
1.279136697602474504e+00,2.221864536417107772e+01
1.279153132250579805e+00,2.222596841768309517e+01
1.279169566898685106e+00,2.223059193631745245e+01
1.279186001546790186e+00,2.223521320194702611e+01
1.279202436194895487e+00,2.224211644443466085e+01
1.279218870843000566e+00,2.225061858410926874e+01
1.279235305491105867e+00,2.225912110364750163e+01
1.279251740139210947e+00,2.226397336903268709e+01
1.279268174787316248e+00,2.226880062554230122e+01
1.279284609435421327e+00,2.227554702333063830e+01
1.279301044083526628e+00,2.228518599788403876e+01
1.279317478731631930e+00,2.229482608731149540e+01
1.279333913379736787e+00,2.229666451621488932e+01
1.279350348027842088e+00,2.229660160244489830e+01
1.279366782675947167e+00,2.229796245277239919e+01
1.279383217324052469e+00,2.230470700562466035e+01
1.279399651972157548e+00,2.231145077821025069e+01
1.279416086620262849e+00,2.232371887536194777e+01
1.279432521268367928e+00,2.233945187094709084e+01
1.279448955916473230e+00,2.235503718889458824e+01
1.279465390564578531e+00,2.236311348366278651e+01
1.279481825212683610e+00,2.237118987928963421e+01
1.279498259860788911e+00,2.237875111379198501e+01
1.279514694508893768e+00,2.238561443393018990e+01
1.279531129156999070e+00,2.239247705160294544e+01
1.279547563805104149e+00,2.239021328689121049e+01
1.279563998453209450e+00,2.238606911280387024e+01
1.279580433101314529e+00,2.238574483978704421e+01
1.279596867749419831e+00,2.239791224581201234e+01
1.279613302397524910e+00,2.241008233182049025e+01
1.279629737045630211e+00,2.242392656701882458e+01
1.279646171693735512e+00,2.243871770797522913e+01
1.279662606341840592e+00,2.245310131993576519e+01
1.279679040989945893e+00,2.245852988584631049e+01
1.279695475638050750e+00,2.246395678336599389e+01
1.279711910286156051e+00,2.246500764116014892e+01
1.279728344934261131e+00,2.246067174964358415e+01
1.279744779582366432e+00,2.245632693809236713e+01
1.279761214230471511e+00,2.247111907632910288e+01
1.279777648878576812e+00,2.248921644083761961e+01
1.279794083526682114e+00,2.250492236072093988e+01
1.279810518174787193e+00,2.251371031829467739e+01
1.279826952822892494e+00,2.252249883922564422e+01
1.279843387470997573e+00,2.252505148205847263e+01
1.279859822119102875e+00,2.252440962450981488e+01
1.279876256767207732e+00,2.252389513245665498e+01
1.279892691415313033e+00,2.252526849672499054e+01
1.279909126063418112e+00,2.252663734508847071e+01
1.279925560711523413e+00,2.253732260596613912e+01
1.279941995359628715e+00,2.255852711243631603e+01
1.279958430007733794e+00,2.257973919358136072e+01
1.279974864655839095e+00,2.258997315288018015e+01
1.279991299303944174e+00,2.259862320939882352e+01
1.280007733952049476e+00,2.260527078468762596e+01
1.280024168600154555e+00,2.260671079846069986e+01
1.280040603248259856e+00,2.260814635346689982e+01
1.280057037896364713e+00,2.260694593767784255e+01
1.280073472544470015e+00,2.260451005420665638e+01
1.280089907192575316e+00,2.260310470631713997e+01
1.280106341840680395e+00,2.261279756975297417e+01
1.280122776488785696e+00,2.262249157425383927e+01
1.280139211136890776e+00,2.263146393026245207e+01
1.280155645784996077e+00,2.263968189809718012e+01
1.280172080433101156e+00,2.264790006877169759e+01
1.280188515081206457e+00,2.266371025892136259e+01
1.280204949729311537e+00,2.268043742065406576e+01
1.280221384377416838e+00,2.269489522983101892e+01
1.280237819025522139e+00,2.270395298671737905e+01
1.280254253673626996e+00,2.271301147571324464e+01
1.280270688321732298e+00,2.271794295522642315e+01
1.280287122969837377e+00,2.272110025947904433e+01
1.280303557617942678e+00,2.272414987103567796e+01
1.280319992266047757e+00,2.272628643641172985e+01
1.280336426914153058e+00,2.272841907741484846e+01
1.280352861562258138e+00,2.272866994147137376e+01
1.280369296210363439e+00,2.272708356861810230e+01
1.280385730858468296e+00,2.272549053653381534e+01
1.280402165506573597e+00,2.273610197744257277e+01
1.280418600154679121e+00,2.274793123917534743e+01
1.280435034802783978e+00,2.275846719344813707e+01
1.280451469450889279e+00,2.276615323778383626e+01
1.280467904098994358e+00,2.277383914511879581e+01
1.280484338747099660e+00,2.278895658828593795e+01
1.280500773395204739e+00,2.280703430690236289e+01
1.280517208043310040e+00,2.282290058559859958e+01
1.280533642691415119e+00,2.282225764700837800e+01
1.280550077339520421e+00,2.282160877733181792e+01
1.280566511987625722e+00,2.282715311088650623e+01
1.280582946635730579e+00,2.283839208577387225e+01
1.280599381283835880e+00,2.284963313307603627e+01
1.280615815931940960e+00,2.286029567610681212e+01
1.280632250580046261e+00,2.287091214467314515e+01
1.280648685228151340e+00,2.288089285531647477e+01
1.280665119876256641e+00,2.288956001121316319e+01
1.280681554524361720e+00,2.289822765078909228e+01
1.280697989172467022e+00,2.290135743031819260e+01
1.280714423820572323e+00,2.290242588402325197e+01
1.280730858468677402e+00,2.290346847131490549e+01
1.280747293116782703e+00,2.290436633283045254e+01
1.280763727764887561e+00,2.290525942415333915e+01
1.280780162412992862e+00,2.291389227255725203e+01
1.280796597061097941e+00,2.292928688982055618e+01
1.280813031709203242e+00,2.294468595050551940e+01
1.280829466357308322e+00,2.295345096714542166e+01
1.280845901005413623e+00,2.296176455179858422e+01
1.280862335653518702e+00,2.297058997658858814e+01
1.280878770301624003e+00,2.298041615343253596e+01
1.280895204949729305e+00,2.299024353349089722e+01
1.280911639597834384e+00,2.299739925680466968e+01
1.280928074245939685e+00,2.300359951299859773e+01
1.280944508894044542e+00,2.300917162455063902e+01
1.280960943542149844e+00,2.301097137117207581e+01
1.280977378190254923e+00,2.301276696105810871e+01
1.280993812838360224e+00,2.301199557408556018e+01
1.281010247486465303e+00,2.300907401216749193e+01
1.281026682134570605e+00,2.300614477750905351e+01
1.281043116782675906e+00,2.302377206592561620e+01
1.281059551430780985e+00,2.304256850287146818e+01
1.281075986078886286e+00,2.305620900503753035e+01
1.281092420726991365e+00,2.306018794075686884e+01
1.281108855375096667e+00,2.306416426773247252e+01
1.281125290023201524e+00,2.307524403062955543e+01
1.281141724671306825e+00,2.308869661812456187e+01
1.281158159319411904e+00,2.310041874925794403e+01
1.281174593967517206e+00,2.310243153886699119e+01
1.281191028615622507e+00,2.310444034483818498e+01
1.281207463263727586e+00,2.311115916068655451e+01
1.281223897911832887e+00,2.312168886483297925e+01
1.281240332559937967e+00,2.313222021831651176e+01
1.281256767208043268e+00,2.314114796841435506e+01
1.281273201856148347e+00,2.314999975898606266e+01
1.281289636504253648e+00,2.315360669828477214e+01
1.281306071152358506e+00,2.314770995441127965e+01
1.281322505800463807e+00,2.314180323536018946e+01
1.281338940448569108e+00,2.315200908419412684e+01
1.281355375096674187e+00,2.316739231498344509e+01
1.281371809744779489e+00,2.318247210293790062e+01
1.281388244392884568e+00,2.319591720431768422e+01
1.281404679040989869e+00,2.320936566727753458e+01
1.281421113689094948e+00,2.321968537976178126e+01
1.281437548337200250e+00,2.322753774033702712e+01
1.281453982985305329e+00,2.323539007530066058e+01
1.281470417633410630e+00,2.324262013901648061e+01
1.281486852281515931e+00,2.324982402208387811e+01
1.281503286929620788e+00,2.325703178723761866e+01
1.281519721577726090e+00,2.326424676319491880e+01
1.281536156225831169e+00,2.327146130537194679e+01
1.281552590873936470e+00,2.327819648561689192e+01
1.281569025522041549e+00,2.328478132036095616e+01
1.281585460170146851e+00,2.329098153542482663e+01
1.281601894818251930e+00,2.329520606901279223e+01
1.281618329466357231e+00,2.329942819113236041e+01
1.281634764114462532e+00,2.330093797110477283e+01
1.281651198762567612e+00,2.330034255974106117e+01
1.281667633410672913e+00,2.329974132645805085e+01
1.281684068058777770e+00,2.330126628375443687e+01
1.281700502706883071e+00,2.330286674120761248e+01
1.281716937354988151e+00,2.331219689623359770e+01
1.281733372003093452e+00,2.333501902220126922e+01
1.281749806651198531e+00,2.335784926806122641e+01
1.281766241299303832e+00,2.336959183713772603e+01
1.281782675947408912e+00,2.337792339575542044e+01
1.281799110595514213e+00,2.338601857316290378e+01
1.281815545243619514e+00,2.339291684308065555e+01
1.281831979891724593e+00,2.339981448104337503e+01
1.281848414539829895e+00,2.340700705924331260e+01
1.281864849187934752e+00,2.341442649650626961e+01
1.281881283836040053e+00,2.342184563703153444e+01
1.281897718484145132e+00,2.342710085174044465e+01
1.281914153132250433e+00,2.343227700002786307e+01
1.281930587780355513e+00,2.343530463868325597e+01
1.281947022428460814e+00,2.343460091596611505e+01
1.281963457076565893e+00,2.343389132787407192e+01
1.281979891724671194e+00,2.344295089719575031e+01
1.281996326372776496e+00,2.345500644749151675e+01
1.282012761020881575e+00,2.346640347362620815e+01
1.282029195668986876e+00,2.347446411932521571e+01
1.282045630317091733e+00,2.348252487833420332e+01
1.282062064965197035e+00,2.349203305043484136e+01
1.282078499613302114e+00,2.350265619560237340e+01
1.282094934261407415e+00,2.351328102038855405e+01
1.282111368909512494e+00,2.351914707389265047e+01
1.282127803557617796e+00,2.352483833072980346e+01
1.282144238205723097e+00,2.352971855044107130e+01
1.282160672853828176e+00,2.353318431849409365e+01
1.282177107501933477e+00,2.353664719542298656e+01
1.282193542150038557e+00,2.354501753795423724e+01
1.282209976798143858e+00,2.355490591360922892e+01
1.282226411446248715e+00,2.356484569222440939e+01
1.282242846094354016e+00,2.357504365970921612e+01
1.282259280742459095e+00,2.358524304835396990e+01
1.282275715390564397e+00,2.359374452195344318e+01
1.282292150038669698e+00,2.360092552976157521e+01
1.282308584686774777e+00,2.360810609614815192e+01
1.282325019334880079e+00,2.361299286556312182e+01
1.282341453982985158e+00,2.361778711698366706e+01
1.282357888631090459e+00,2.362390376943860915e+01
1.282374323279195538e+00,2.363236262837249413e+01
1.282390757927300839e+00,2.364082184838569844e+01
1.282407192575405697e+00,2.364906526826588973e+01
1.282423627223510998e+00,2.365724072930082400e+01
1.282440061871616299e+00,2.366473757839643355e+01
1.282456496519721378e+00,2.366865041645410983e+01
1.282472931167826680e+00,2.367256068403064617e+01
1.282489365815931759e+00,2.367896482010009152e+01
1.282505800464037060e+00,2.368734449736522762e+01
1.282522235112142139e+00,2.369572448741876158e+01
1.282538669760247441e+00,2.370203490482534647e+01
1.282555104408352298e+00,2.370825127004856014e+01
1.282571539056457821e+00,2.371415265749307011e+01
1.282587973704563122e+00,2.371948400974388704e+01
1.282604408352667980e+00,2.372481374008721744e+01
1.282620843000773281e+00,2.373485730196287236e+01
1.282637277648878360e+00,2.374643791151081018e+01
1.282653712296983661e+00,2.375663749108428391e+01
1.282670146945088741e+00,2.375917765783254154e+01
1.282686581593194042e+00,2.376171433724323379e+01
1.282703016241299121e+00,2.375969476596795360e+01
1.282719450889404422e+00,2.375396409613379589e+01
1.282735885537509724e+00,2.374822386338910363e+01
1.282752320185614581e+00,2.376974883705287667e+01
1.282768754833719882e+00,2.379272189402363580e+01
1.282785189481824961e+00,2.381086348636645056e+01
1.282801624129930262e+00,2.381994657124559112e+01
1.282818058778035342e+00,2.382903039729390571e+01
1.282834493426140643e+00,2.383660898666240868e+01
1.282850928074245722e+00,2.384367548819405513e+01
1.282867362722351023e+00,2.384932605933090599e+01
1.282883797370456325e+00,2.384659200727774930e+01
1.282900232018561404e+00,2.384385071301365144e+01
1.282916666666666705e+00,2.384771878859204719e+01
1.282933101314771562e+00,2.385716466822886872e+01
1.282949535962876864e+00,2.386661151021223759e+01
1.282965970610981943e+00,2.387821036746467485e+01
1.282982405259087244e+00,2.389013775031394715e+01
1.282998839907192323e+00,2.389571943713072599e+01
1.283015274555297625e+00,2.388888141485606198e+01
1.283031709203402704e+00,2.388203248178884763e+01
1.283048143851508005e+00,2.389044290130310344e+01
1.283064578499613306e+00,2.390432739347441071e+01
1.283081013147718386e+00,2.391803865835887422e+01
1.283097447795823687e+00,2.393060861652616822e+01
1.283113882443928544e+00,2.394318147920795781e+01
1.283130317092033845e+00,2.394776526765262759e+01
1.283146751740138924e+00,2.394529954864499288e+01
1.283163186388244226e+00,2.394282645031124446e+01
1.283179621036349305e+00,2.395480519058255808e+01
1.283196055684454606e+00,2.396789157112687718e+01
1.283212490332559685e+00,2.397776750180134187e+01
1.283228924980664987e+00,2.398101227633425125e+01
1.283245359628770288e+00,2.398425390535179247e+01
1.283261794276875367e+00,2.399059436661419653e+01
1.283278228924980668e+00,2.399811793655262449e+01
1.283294663573085526e+00,2.400496004603266798e+01
1.283311098221190827e+00,2.400685382409542257e+01
1.283327532869295906e+00,2.400874350271576319e+01
1.283343967517401207e+00,2.401678228890409628e+01
1.283360402165506287e+00,2.403054228816882087e+01
1.283376836813611588e+00,2.404430587449693846e+01
1.283393271461716889e+00,2.406144640888577868e+01
1.283409706109821968e+00,2.407890444040561562e+01
1.283426140757927270e+00,2.409070000335539774e+01
1.283442575406032349e+00,2.409001646228015758e+01
1.283459010054137650e+00,2.408932693602441688e+01
1.283475444702242507e+00,2.409428163626061803e+01
1.283491879350347808e+00,2.410155107656133566e+01
1.283508313998452888e+00,2.410917991767011870e+01
1.283524748646558189e+00,2.411984037537564518e+01
1.283541183294663490e+00,2.413050256968652008e+01
1.283557617942768569e+00,2.414252534169265729e+01
1.283574052590873871e+00,2.415589456624861953e+01
1.283590487238978950e+00,2.416926713179636010e+01
1.283606921887084251e+00,2.417719997763031614e+01
1.283623356535189330e+00,2.418452486885511021e+01
1.283639791183294632e+00,2.419066716873190970e+01
1.283656225831399489e+00,2.419399684139245821e+01
1.283672660479504790e+00,2.419732345128910111e+01
1.283689095127610091e+00,2.420375634485827021e+01
1.283705529775715171e+00,2.421156895956399069e+01
1.283721964423820472e+00,2.421979142378990701e+01
1.283738399071925551e+00,2.423221194528462163e+01
1.283754833720030852e+00,2.424463524515241630e+01
1.283771268368135932e+00,2.425342831434418756e+01
1.283787703016241233e+00,2.425836720554392656e+01
1.283804137664346312e+00,2.426330414623665277e+01
1.283820572312451613e+00,2.426980220054988635e+01
1.283837006960556915e+00,2.427650951626487341e+01
1.283853441608661772e+00,2.428518555768988563e+01
1.283869876256767073e+00,2.429898673089592620e+01
1.283886310904872152e+00,2.431279147037948718e+01
1.283902745552977454e+00,2.432230221871376585e+01
1.283919180201082533e+00,2.432973212118186979e+01
1.283935614849187834e+00,2.433711485258992724e+01
1.283952049497292913e+00,2.434387111067172782e+01
1.283968484145398214e+00,2.435062662922725707e+01
1.283984918793503516e+00,2.435317885766999879e+01
1.284001353441608595e+00,2.435090191421237193e+01
1.284017788089713896e+00,2.434861784968765264e+01
1.284034222737818753e+00,2.434902715570182608e+01
1.284050657385924055e+00,2.434133004469537198e+01
1.284067092034029134e+00,2.433505938976839289e+01
1.284083526682134435e+00,2.433291155735134481e+01
1.284099961330239514e+00,2.433075845936834014e+01
1.284116395978344816e+00,2.432564879078355702e+01
1.284132830626450117e+00,2.431896602888243919e+01
1.284149265274555196e+00,2.431214345320915626e+01
1.284165699922660497e+00,2.430260296378235552e+01
1.284182134570765577e+00,2.429306205535305097e+01
1.284198569218870878e+00,2.428394425955741909e+01
1.284215003866975735e+00,2.427535674021748235e+01
1.284231438515081036e+00,2.426676821000890527e+01
1.284247873163186116e+00,2.425512424774806775e+01
1.284264307811291417e+00,2.424289530050929642e+01
1.284280742459396496e+00,2.423183198959840468e+01
1.284297177107501797e+00,2.422457366411791568e+01
1.284313611755607099e+00,2.421731348118085236e+01
1.284330046403712178e+00,2.420974331073634644e+01
1.284346481051817479e+00,2.420199017461709445e+01
1.284362915699922558e+00,2.419389884102418975e+01
1.284379350348027859e+00,2.417244135715955977e+01
1.284395784996132717e+00,2.415098995571726093e+01
1.284412219644238018e+00,2.413398902583440986e+01
1.284428654292343097e+00,2.412313822114434103e+01
1.284445088940448398e+00,2.411228780174566566e+01
1.284461523588553478e+00,2.411225305632959959e+01
1.284477958236658779e+00,2.411467403412714461e+01
1.284494392884764080e+00,2.411487137240269263e+01
1.284510827532869159e+00,2.410669717396901746e+01
1.284527262180974461e+00,2.409852169223829677e+01
1.284543696829079540e+00,2.409067619502136282e+01
1.284560131477184841e+00,2.408304624912082659e+01
1.284576566125289698e+00,2.407541466756659077e+01
1.284593000773395000e+00,2.406562887520491145e+01
1.284609435421500079e+00,2.405584007125499468e+01
1.284625870069605380e+00,2.404478621473805333e+01
1.284642304717710681e+00,2.403178255714072264e+01
1.284658739365815761e+00,2.401878055891864960e+01
1.284675174013921062e+00,2.400491500368555364e+01
1.284691608662026141e+00,2.399081860477411254e+01
1.284708043310131442e+00,2.397950477273444037e+01
1.284724477958236522e+00,2.398066686616980192e+01
1.284740912606341823e+00,2.398182115201447573e+01
1.284757347254446680e+00,2.397371284365963007e+01
1.284773781902551981e+00,2.395880758912225161e+01
1.284790216550657282e+00,2.394390508973940612e+01
1.284806651198762362e+00,2.392615591784063156e+01
1.284823085846867663e+00,2.390832526993567342e+01
1.284839520494972742e+00,2.389823619547712497e+01
1.284855955143078043e+00,2.390160669960284068e+01
1.284872389791183123e+00,2.390496766369139081e+01
1.284888824439288424e+00,2.388685822611716958e+01
1.284905259087393281e+00,2.386193914761338064e+01
1.284921693735498582e+00,2.384080946247270916e+01
1.284938128383604106e+00,2.384062130476828401e+01
1.284954563031708963e+00,2.384042630634350601e+01
1.284970997679814264e+00,2.382977656459954474e+01
1.284987432327919343e+00,2.381047025960207719e+01
1.285003866976024645e+00,2.379116910967097809e+01
1.285020301624129724e+00,2.379478476805898168e+01
1.285036736272235025e+00,2.379983656197677533e+01
1.285053170920340104e+00,2.380134667211818922e+01
1.285069605568445406e+00,2.379581987426735168e+01
1.285086040216550707e+00,2.379029000624903745e+01
1.285102474864655564e+00,2.378284896589377695e+01
1.285118909512760865e+00,2.377469310345221842e+01
1.285135344160865944e+00,2.376563168158980233e+01
1.285151778808971246e+00,2.375003102678901712e+01
1.285168213457076325e+00,2.373443355531423293e+01
1.285184648105181626e+00,2.372294873018354266e+01
1.285201082753286705e+00,2.371533511874781652e+01
1.285217517401392007e+00,2.370771982551922008e+01
1.285233952049497308e+00,2.370291826586303685e+01
1.285250386697602387e+00,2.369839736886791215e+01
1.285266821345707688e+00,2.369305093137128537e+01
1.285283255993812546e+00,2.368579827906479807e+01
1.285299690641917847e+00,2.367854369632359024e+01
1.285316125290022926e+00,2.366788694451734898e+01
1.285332559938128227e+00,2.365573665504251011e+01
1.285348994586233307e+00,2.364326884889971936e+01
1.285365429234338608e+00,2.362749382610713766e+01
1.285381863882443909e+00,2.361172210969654728e+01
1.285398298530548988e+00,2.359927829411490308e+01
1.285414733178654290e+00,2.359042414558592782e+01
1.285431167826759369e+00,2.358156911692610080e+01
1.285447602474864670e+00,2.357941860054720351e+01
1.285464037122969527e+00,2.357823070554591283e+01
1.285480471771074829e+00,2.357537228537304941e+01
1.285496906419179908e+00,2.356793244561761114e+01
1.285513341067285209e+00,2.356049078515214390e+01
1.285529775715390288e+00,2.355051170041767961e+01
1.285546210363495589e+00,2.353922303188584308e+01
1.285562645011600891e+00,2.352806377640622060e+01
1.285579079659705970e+00,2.351925047028950289e+01
1.285595514307811271e+00,2.351043624587718739e+01
1.285611948955916350e+00,2.350219783616730851e+01
1.285628383604021652e+00,2.349467833125232730e+01
1.285644818252126509e+00,2.348715705015080246e+01
1.285661252900231810e+00,2.347829505237348613e+01
1.285677687548336889e+00,2.346917174236191528e+01
1.285694122196442191e+00,2.346018618379268617e+01
1.285710556844547270e+00,2.345166448364192036e+01
1.285726991492652571e+00,2.344314166720644366e+01
1.285743426140757872e+00,2.343420216250714105e+01
1.285759860788862952e+00,2.342500913647786120e+01
1.285776295436968253e+00,2.341577553327599404e+01
1.285792730085073332e+00,2.340373651745065331e+01
1.285809164733178633e+00,2.339169863019387563e+01
1.285825599381283491e+00,2.337638822266486827e+01
1.285842034029388792e+00,2.335629616834149758e+01
1.285858468677493871e+00,2.333620984088693007e+01
1.285874903325599172e+00,2.332804079005298448e+01
1.285891337973704474e+00,2.332287936127500316e+01
1.285907772621809553e+00,2.331877344858828138e+01
1.285924207269914854e+00,2.331916885520888982e+01
1.285940641918019933e+00,2.331955674351639729e+01
1.285957076566125235e+00,2.331159106783363555e+01
1.285973511214230314e+00,2.329763380632435599e+01
1.285989945862335615e+00,2.328367885162566608e+01
1.286006380510440472e+00,2.327082350356465668e+01
1.286022815158545773e+00,2.325799921107948265e+01
1.286039249806651075e+00,2.324300026612227654e+01
1.286055684454756154e+00,2.322422924989326276e+01
1.286072119102861455e+00,2.320546330459875861e+01
1.286088553750966534e+00,2.319532439725652395e+01
1.286104988399071836e+00,2.318794872020885833e+01
1.286121423047176915e+00,2.318271183622247378e+01
1.286137857695282216e+00,2.318971487215876337e+01
1.286154292343387295e+00,2.319670494710899789e+01
1.286170726991492597e+00,2.319158748442149687e+01
1.286187161639597898e+00,2.317617498812330368e+01
1.286203596287702755e+00,2.316076568118004175e+01
1.286220030935808056e+00,2.314476604925942382e+01
1.286236465583913136e+00,2.312872636754638833e+01
1.286252900232018437e+00,2.311582083638663931e+01
1.286269334880123516e+00,2.310948034829749176e+01
1.286285769528228817e+00,2.310313723534203589e+01
1.286302204176333897e+00,2.309348665576644066e+01
1.286318638824439198e+00,2.308251265216772197e+01
1.286335073472544499e+00,2.307179966488876843e+01
1.286351508120649578e+00,2.306330440196985876e+01
1.286367942768754880e+00,2.305480798546199850e+01
1.286384377416859737e+00,2.304908583329358862e+01
1.286400812064965038e+00,2.304617780350661604e+01
1.286417246713070117e+00,2.304326465730853002e+01
1.286433681361175418e+00,2.302590030491291273e+01
1.286450116009280498e+00,2.300670129141100873e+01
1.286466550657385799e+00,2.299166151104116196e+01
1.286482985305491100e+00,2.298741293806243036e+01
1.286499419953596179e+00,2.298316022468884512e+01
1.286515854601701481e+00,2.298250527218155170e+01
1.286532289249806560e+00,2.298362739936213117e+01
1.286548723897911861e+00,2.298384891230599791e+01
1.286565158546016718e+00,2.296991675018357881e+01
1.286581593194122020e+00,2.295598692527302731e+01
1.286598027842227099e+00,2.293832032509022767e+01
1.286614462490332400e+00,2.291608746318151546e+01
1.286630897138437701e+00,2.289386162466735541e+01
1.286647331786542781e+00,2.288640143385624270e+01
1.286663766434648082e+00,2.288174091380640007e+01
1.286680201082753161e+00,2.287792634530706337e+01
1.286696635730858462e+00,2.287693847472569431e+01
1.286713070378963542e+00,2.287594397622716968e+01
1.286729505027068843e+00,2.287387558728300618e+01
1.286745939675173700e+00,2.287115063009379412e+01
1.286762374323279001e+00,2.286825865283985593e+01
1.286778808971384080e+00,2.285126512081136951e+01
1.286795243619489382e+00,2.283427577568568978e+01
1.286811678267594683e+00,2.282009790043985475e+01
1.286828112915699762e+00,2.281010611978526015e+01
1.286844547563805063e+00,2.280011417005576746e+01
1.286860982211910143e+00,2.279562053053428983e+01
1.286877416860015444e+00,2.279257010427768648e+01
1.286893851508120523e+00,2.278681650126551617e+01
1.286910286156225824e+00,2.276889932822927065e+01
1.286926720804330682e+00,2.275098689826159060e+01
1.286943155452435983e+00,2.274282221190456710e+01
1.286959590100541062e+00,2.274196186440712708e+01
1.286976024748646363e+00,2.274109472699277745e+01
1.286992459396751665e+00,2.273492019109012929e+01
1.287008894044856744e+00,2.272852908440006559e+01
1.287025328692962045e+00,2.272139843324680442e+01
1.287041763341067124e+00,2.271290294435801727e+01
1.287058197989172426e+00,2.270440625889081687e+01
1.287074632637277283e+00,2.269513802998134722e+01
1.287091067285382806e+00,2.268559933077182578e+01
1.287107501933487663e+00,2.267443284480726717e+01
1.287123936581592965e+00,2.265222846984989147e+01
1.287140371229698266e+00,2.262915145680745255e+01
1.287156805877803345e+00,2.261307584223037637e+01
1.287173240525908646e+00,2.260346945238670813e+01
1.287189675174013725e+00,2.259386263236188341e+01
1.287206109822119027e+00,2.258464273092414487e+01
1.287222544470224106e+00,2.257546092399906712e+01
1.287238979118329407e+00,2.256923484121037404e+01
1.287255413766434264e+00,2.256996191906682014e+01
1.287271848414539566e+00,2.257067985820114231e+01
1.287288283062644867e+00,2.256436655822794179e+01
1.287304717710749946e+00,2.255485703494400340e+01
1.287321152358855247e+00,2.254468266207655702e+01
1.287337587006960327e+00,2.252648527955513558e+01
1.287354021655065628e+00,2.250829372330042943e+01
1.287370456303170707e+00,2.249271803574264084e+01
1.287386890951276008e+00,2.248014292328809560e+01
1.287403325599381088e+00,2.246756964660751521e+01
1.287419760247486389e+00,2.246573139149900200e+01
1.287436194895591690e+00,2.246571489947322320e+01
1.287452629543696547e+00,2.246303997725382473e+01
1.287469064191801849e+00,2.245211781391563122e+01
1.287485498839906928e+00,2.244119622976825923e+01
1.287501933488012229e+00,2.242677767357917418e+01
1.287518368136117308e+00,2.241032636169289560e+01
1.287534802784222610e+00,2.239414164667132923e+01
1.287551237432327689e+00,2.239040149892244358e+01
1.287567672080432990e+00,2.238665608783094640e+01
1.287584106728538291e+00,2.237884555230874284e+01
1.287600541376643370e+00,2.236517325315428195e+01
1.287616976024748672e+00,2.235150361596504354e+01
1.287633410672853529e+00,2.233892026873146719e+01
1.287649845320958830e+00,2.232661350948540502e+01
1.287666279969063909e+00,2.231589282673378705e+01
1.287682714617169211e+00,2.231210057961495963e+01
1.287699149265274290e+00,2.230830309299745551e+01
1.287715583913379591e+00,2.230062251783568783e+01
1.287732018561484892e+00,2.229006767713533677e+01
1.287748453209589972e+00,2.227951313697377955e+01
1.287764887857695273e+00,2.226557615002208479e+01
1.287781322505800352e+00,2.225151084537758095e+01
1.287797757153905653e+00,2.223962676487253276e+01
1.287814191802010511e+00,2.223177366247712783e+01
1.287830626450115812e+00,2.222391870831649285e+01
1.287847061098220891e+00,2.221542464390697802e+01
1.287863495746326192e+00,2.220670404772032214e+01
1.287879930394431494e+00,2.219753902908790621e+01
1.287896365042536573e+00,2.218532266339896708e+01
1.287912799690641874e+00,2.217310788803505517e+01
1.287929234338746953e+00,2.215460235113832610e+01
1.287945668986852255e+00,2.213017104125068357e+01
1.287962103634957334e+00,2.210574977149761011e+01
1.287978538283062635e+00,2.209827227623361523e+01
1.287994972931167492e+00,2.209262115566520635e+01
1.288011407579272793e+00,2.208844135792103103e+01
1.288027842227377873e+00,2.208786245663560521e+01
1.288044276875483174e+00,2.208727541125280780e+01
1.288060711523588475e+00,2.207789526169476702e+01
1.288077146171693554e+00,2.206434010651156186e+01
1.288093580819798856e+00,2.205051134717076877e+01
1.288110015467903935e+00,2.203273547065986548e+01
1.288126450116009236e+00,2.201496529319090101e+01
1.288142884764114315e+00,2.200176573389543222e+01
1.288159319412219617e+00,2.199408268469949945e+01
1.288175754060324474e+00,2.198639763524451496e+01
1.288192188708429775e+00,2.197867712716642785e+01
1.288208623356534854e+00,2.197094828331213989e+01
1.288225058004640156e+00,2.196109631079264801e+01
1.288241492652745457e+00,2.194403947159964119e+01
1.288257927300850536e+00,2.192698785095593905e+01
1.288274361948955837e+00,2.192129545207347618e+01
1.288290796597060917e+00,2.192271535160720930e+01
1.288307231245166218e+00,2.192409512734902322e+01
1.288323665893271297e+00,2.190800871489197732e+01
1.288340100541376598e+00,2.189192683050279697e+01
1.288356535189481455e+00,2.187496185804573301e+01
1.288372969837586757e+00,2.185660662850735747e+01
1.288389404485692058e+00,2.183825756519430428e+01
1.288405839133797137e+00,2.182547258866729223e+01
1.288422273781902438e+00,2.181429684071295227e+01
1.288438708430007518e+00,2.180404745323810189e+01
1.288455143078112819e+00,2.179856665628468093e+01
1.288471577726217898e+00,2.179308198351645842e+01
1.288488012374323199e+00,2.178997060151430887e+01
1.288504447022428279e+00,2.178880339578290304e+01
1.288520881670533580e+00,2.178762847337684505e+01
1.288537316318638881e+00,2.178227084572860761e+01
1.288553750966743738e+00,2.177662313562952434e+01
1.288570185614849040e+00,2.176789304536574221e+01
1.288586620262954119e+00,2.175269576656501513e+01
1.288603054911059420e+00,2.173750239817473684e+01
1.288619489559164499e+00,2.172250824571071703e+01
1.288635924207269801e+00,2.170759800458449718e+01
1.288652358855374880e+00,2.169396613922468831e+01
1.288668793503480181e+00,2.169242713196682715e+01
1.288685228151585482e+00,2.169088070909873522e+01
1.288701662799690562e+00,2.168417880741985115e+01
1.288718097447795863e+00,2.167193595849019161e+01
1.288734532095900720e+00,2.165969477339923799e+01
1.288750966744006021e+00,2.163894529433044056e+01
1.288767401392111100e+00,2.161676472275605221e+01
1.288783836040216402e+00,2.160016570165839056e+01
1.288800270688321481e+00,2.159992732406858096e+01
1.288816705336426782e+00,2.159968010928776749e+01
1.288833139984532083e+00,2.159350677527173090e+01
1.288849574632637163e+00,2.158400366285804139e+01
1.288866009280742464e+00,2.157448185616311775e+01
1.288882443928847543e+00,2.156427904830350073e+01
1.288898878576952844e+00,2.155407630511585992e+01
1.288915313225057702e+00,2.154494993398006741e+01
1.288931747873163003e+00,2.153735885775127201e+01
1.288948182521268082e+00,2.152976561821103729e+01
1.288964617169373383e+00,2.150674052145983239e+01
1.288981051817478685e+00,2.147981367560875299e+01
1.288997486465583764e+00,2.145657754016050944e+01
1.289013921113689065e+00,2.144972041719714539e+01
1.289030355761794144e+00,2.144286049822921925e+01
1.289046790409899446e+00,2.143501637006792393e+01
1.289063225058004525e+00,2.142642725072418841e+01
1.289079659706109826e+00,2.141783683629842727e+01
1.289096094354214683e+00,2.141869167611979563e+01
1.289112529002319985e+00,2.141998631214660165e+01
1.289128963650425286e+00,2.141742799623262883e+01
1.289145398298530365e+00,2.140740687579491208e+01
1.289161832946635666e+00,2.139738566703545430e+01
1.289178267594740745e+00,2.138633776025223554e+01
1.289194702242846047e+00,2.137490203451060466e+01
1.289211136890951126e+00,2.136248660242119968e+01
1.289227571539056427e+00,2.134218993242873452e+01
1.289244006187161506e+00,2.132190124192740655e+01
1.289260440835266808e+00,2.130996733893420014e+01
1.289276875483371665e+00,2.130652019820413301e+01
1.289293310131476966e+00,2.130306713796203866e+01
1.289309744779582267e+00,2.129171014328656852e+01
1.289326179427687347e+00,2.127928646311142558e+01
1.289342614075792648e+00,2.126721418741409408e+01
1.289359048723897727e+00,2.125610796270112246e+01
1.289375483372003028e+00,2.124500257431124339e+01
1.289391918020108108e+00,2.123193292401487753e+01
1.289408352668213409e+00,2.121781184059146241e+01
1.289424787316318266e+00,2.120404714830756276e+01
1.289441221964423567e+00,2.119984202744513269e+01
1.289457656612529091e+00,2.119563166397256282e+01
1.289474091260633948e+00,2.118466542590509505e+01
1.289490525908739249e+00,2.116439668170437827e+01
1.289506960556844328e+00,2.114413597786112931e+01
1.289523395204949630e+00,2.113021442835659158e+01
1.289539829853054709e+00,2.111782883363866503e+01
1.289556264501160010e+00,2.110782617657234894e+01
1.289572699149265089e+00,2.110799379403045606e+01
1.289589133797370391e+00,2.110815198219177802e+01
1.289605568445475248e+00,2.110560995518553185e+01
1.289622003093580549e+00,2.110106599287169615e+01
1.289638437741685850e+00,2.109651706846326746e+01
1.289654872389790929e+00,2.108652346914936615e+01
1.289671307037896231e+00,2.107629425834090853e+01
1.289687741686001310e+00,2.106600242240530463e+01
1.289704176334106611e+00,2.105559053887166243e+01
1.289720610982211690e+00,2.104517890758047471e+01
1.289737045630316992e+00,2.103474795519067087e+01
1.289753480278422071e+00,2.102430992655018827e+01
1.289769914926527372e+00,2.101338084846767629e+01
1.289786349574632673e+00,2.099852555209072236e+01
1.289802784222737531e+00,2.098367420274638206e+01
1.289819218870842832e+00,2.096868568172564551e+01
1.289835653518947911e+00,2.095355740564871283e+01
1.289852088167053212e+00,2.093843330886395648e+01
1.289868522815158292e+00,2.092550727610063532e+01
1.289884957463263593e+00,2.091288503188210868e+01
1.289901392111368672e+00,2.089895255220383063e+01
1.289917826759473973e+00,2.088134802292252701e+01
1.289934261407579275e+00,2.086374964766626405e+01
1.289950696055684354e+00,2.085905545348592227e+01
1.289967130703789655e+00,2.086139572232027106e+01
1.289983565351894512e+00,2.086350708692866718e+01
1.289999999999999813e+00,2.085870809403542481e+01
1.290016434648104893e+00,2.085390432465644750e+01
1.290032869296210194e+00,2.084692527469877987e+01
1.290049303944315273e+00,2.083687434044817977e+01
1.290065738592420574e+00,2.082682335327513456e+01
1.290082173240525876e+00,2.081657464301442317e+01
1.290098607888630955e+00,2.080627593086131455e+01
1.290115042536736256e+00,2.079510660168636349e+01
1.290131477184841335e+00,2.078000106037056582e+01
1.290147911832946637e+00,2.076489972047350463e+01
1.290164346481051494e+00,2.074523247479473653e+01
1.290180781129156795e+00,2.072204775234603957e+01
1.290197215777261874e+00,2.069887341103583367e+01
1.290213650425367176e+00,2.070149662469881591e+01
1.290230085073472477e+00,2.070552945088693164e+01
1.290246519721577556e+00,2.070579521360962616e+01
1.290262954369682857e+00,2.069846394415839441e+01
1.290279389017787937e+00,2.069113019953027788e+01
1.290295823665893238e+00,2.068066043840370938e+01
1.290312258313998317e+00,2.066893610050146535e+01
1.290328692962103618e+00,2.065732949289591502e+01
1.290345127610208475e+00,2.064680755644291565e+01
1.290361562258313777e+00,2.063628598423042604e+01
1.290377996906419078e+00,2.062653941617837106e+01
1.290394431554524157e+00,2.061763170347235530e+01
1.290410866202629458e+00,2.060872292930438832e+01
1.290427300850734538e+00,2.059678878200180208e+01
1.290443735498839839e+00,2.058437502171373623e+01
1.290460170146944918e+00,2.056889861075746850e+01
1.290476604795050219e+00,2.054400676348615917e+01
1.290493039443155299e+00,2.051912662398910214e+01
1.290509474091260600e+00,2.050895236210517325e+01
1.290525908739365457e+00,2.050747534187916798e+01
1.290542343387470758e+00,2.050594112607131692e+01
1.290558778035576060e+00,2.049984550920490278e+01
1.290575212683681139e+00,2.049374625987286080e+01
1.290591647331786440e+00,2.048183768079419309e+01
1.290608081979891519e+00,2.046097282900552372e+01
1.290624516627996821e+00,2.044011680630968542e+01
1.290640951276101900e+00,2.043423348242260928e+01
1.290657385924207201e+00,2.043267562602506615e+01
1.290673820572312280e+00,2.042923200270757889e+01
1.290690255220417582e+00,2.041576570257438661e+01
1.290706689868522883e+00,2.040230232661111032e+01
1.290723124516627740e+00,2.039070047281144582e+01
1.290739559164733041e+00,2.038068217874085875e+01
1.290755993812838121e+00,2.037066382020796240e+01
1.290772428460943422e+00,2.036522347186072324e+01
1.290788863109048501e+00,2.036016507178123547e+01
1.290805297757153802e+00,2.035198654549640906e+01
1.290821732405258881e+00,2.033668392863076946e+01
1.290838167053364183e+00,2.032138579020992708e+01
1.290854601701469262e+00,2.031166722148443782e+01
1.290871036349574563e+00,2.030449715040600722e+01
1.290887470997679864e+00,2.029631885779949130e+01
1.290903905645784722e+00,2.027436827703146349e+01
1.290920340293890023e+00,2.025242744470261869e+01
1.290936774941995102e+00,2.023946828372357842e+01
1.290953209590100403e+00,2.023748178377387674e+01
1.290969644238205483e+00,2.023548763418618179e+01
1.290986078886310784e+00,2.022642230109634909e+01
1.291002513534415863e+00,2.021592493816589453e+01
1.291018948182521164e+00,2.020596967902458374e+01
1.291035382830626466e+00,2.019801385118837800e+01
1.291051817478731545e+00,2.019005608121952733e+01
1.291068252126836846e+00,2.018342443040115697e+01
1.291084686774941703e+00,2.017769462194930696e+01
1.291101121423047005e+00,2.017196077398498844e+01
1.291117556071152084e+00,2.016212063453767911e+01
1.291133990719257385e+00,2.015217965864252392e+01
1.291150425367362464e+00,2.014210467118178727e+01
1.291166860015467766e+00,2.013178904868963315e+01
1.291183294663573067e+00,2.012147362553674057e+01
1.291199729311678146e+00,2.011111288302070932e+01
1.291216163959783447e+00,2.010073628210955832e+01
1.291232598607888526e+00,2.009017511443303761e+01
1.291249033255993828e+00,2.007825683343699197e+01
1.291265467904098685e+00,2.006634018360892568e+01
1.291281902552203986e+00,2.005181984770563375e+01
1.291298337200309065e+00,2.003470815792942972e+01
1.291314771848414367e+00,2.001760253289917557e+01
1.291331206496519668e+00,2.001315952789315133e+01
1.291347641144624747e+00,2.001040543641305902e+01
1.291364075792730048e+00,2.000583471112870271e+01
1.291380510440835128e+00,1.999618439820932636e+01
1.291396945088940429e+00,1.998653368433934219e+01
1.291413379737045508e+00,1.997549711805667272e+01
1.291429814385150809e+00,1.996369461986562754e+01
1.291446249033255667e+00,1.995185510867760925e+01
1.291462683681360968e+00,1.993847247249072652e+01
1.291479118329466269e+00,1.993202320462392763e+01
1.291495552977571348e+00,1.992763756625895155e+01
1.291511987625676650e+00,1.992207211080164697e+01
1.291528422273781729e+00,1.991650632765122353e+01
1.291544856921887030e+00,1.991076672348705401e+01
1.291561291569992109e+00,1.990497940808940314e+01
1.291577726218097411e+00,1.990065418978554490e+01
1.291594160866202490e+00,1.990367600091802913e+01
1.291610595514307791e+00,1.990669770475379607e+01
1.291627030162413092e+00,1.990667408447286135e+01
1.291643464810517949e+00,1.990412247333250662e+01
1.291659899458623251e+00,1.990157071459888982e+01
1.291676334106728330e+00,1.990559556222939364e+01
1.291692768754833631e+00,1.991014040004734653e+01
1.291709203402938710e+00,1.991284239793298738e+01
1.291725638051044012e+00,1.991138231784903923e+01
1.291742072699149091e+00,1.990992212790884608e+01
1.291758507347254392e+00,1.990710813375859445e+01
1.291774941995359249e+00,1.990367717016043159e+01
1.291791376643464551e+00,1.990050986954553025e+01
1.291807811291569852e+00,1.990101480149765223e+01
1.291824245939674931e+00,1.990151965476318097e+01
1.291840680587780232e+00,1.990372248045257209e+01
1.291857115235885312e+00,1.990802625710943374e+01
1.291873549883990613e+00,1.991232988140664162e+01
1.291889984532095692e+00,1.990708354602196195e+01
1.291906419180200993e+00,1.989983655801886897e+01
1.291922853828306073e+00,1.989330967933615213e+01
1.291939288476411374e+00,1.988954928482553441e+01
1.291955723124516675e+00,1.988578868450992232e+01
1.291972157772621532e+00,1.988502782590926188e+01
1.291988592420726834e+00,1.988638358514643301e+01
1.292005027068831913e+00,1.988773926440214979e+01
1.292021461716937214e+00,1.988970771112470715e+01
1.292037896365042293e+00,1.989169772750052445e+01
1.292054331013147594e+00,1.989180193607629832e+01
1.292070765661252674e+00,1.988833264841043302e+01
1.292087200309357975e+00,1.988486317087510002e+01
1.292103634957463054e+00,1.988401259024379897e+01
1.292120069605568355e+00,1.988415631946130446e+01
1.292136504253673657e+00,1.988510932792543784e+01
1.292152938901778514e+00,1.989302117224868383e+01
1.292169373549883815e+00,1.990093262990560774e+01
1.292185808197988894e+00,1.990219861949773517e+01
1.292202242846094196e+00,1.989636224685347443e+01
1.292218677494199275e+00,1.989052424415111275e+01
1.292235112142304576e+00,1.988486005542120338e+01
1.292251546790409655e+00,1.987924473825513516e+01
1.292267981438514957e+00,1.987701472740506503e+01
1.292284416086620258e+00,1.988540889671171286e+01
1.292300850734725337e+00,1.989380249747070195e+01
1.292317285382830638e+00,1.989491043701703532e+01
1.292333720030935496e+00,1.989156449596135090e+01
1.292350154679040797e+00,1.988821840390254181e+01
1.292366589327145876e+00,1.988206282274792613e+01
1.292383023975251177e+00,1.987590551808291295e+01
1.292399458623356256e+00,1.987623137188917966e+01
1.292415893271461558e+00,1.988721037606920561e+01
1.292432327919566859e+00,1.989818849280547042e+01
1.292448762567671938e+00,1.990175319369440388e+01
1.292465197215777239e+00,1.990293866064260442e+01
1.292481631863882319e+00,1.990339090634812891e+01
1.292498066511987620e+00,1.989917291738935745e+01
1.292514501160092477e+00,1.989495474165132904e+01
1.292530935808197778e+00,1.988789304647666256e+01
1.292547370456302858e+00,1.987814461032696300e+01
1.292563805104408159e+00,1.986839554336777880e+01
1.292580239752513460e+00,1.986664904633841289e+01
1.292596674400618539e+00,1.986586466389169914e+01
1.292613109048723841e+00,1.986476943135192741e+01
1.292629543696828920e+00,1.986283848284993780e+01
1.292645978344934221e+00,1.986090742246188867e+01
1.292662412993039300e+00,1.986237668156370617e+01
1.292678847641144602e+00,1.986568193345813071e+01
1.292695282289249459e+00,1.986898646174562799e+01
1.292711716937354760e+00,1.987227166999783279e+01
1.292728151585460061e+00,1.987555669703390748e+01
1.292744586233565141e+00,1.987612596101248741e+01
1.292761020881670442e+00,1.987271677021225003e+01
1.292777455529775521e+00,1.986930742685988704e+01
1.292793890177880822e+00,1.986971195742382079e+01
1.292810324825985901e+00,1.987116927842914649e+01
1.292826759474091203e+00,1.987234199851152283e+01
1.292843194122196282e+00,1.987203910786728400e+01
1.292859628770301583e+00,1.987173611930069939e+01
1.292876063418406885e+00,1.986644455607111581e+01
1.292892498066511742e+00,1.985689442131443982e+01
1.292908932714617043e+00,1.984734368011174510e+01
1.292925367362722122e+00,1.985856511823027404e+01
1.292941802010827423e+00,1.987165986982217447e+01
1.292958236658932503e+00,1.988078457855583636e+01
1.292974671307037804e+00,1.988041962936924989e+01
1.292991105955142883e+00,1.988005458223427624e+01
1.293007540603248184e+00,1.987534194705749968e+01
1.293023975251353264e+00,1.986851200244478122e+01
1.293040409899458565e+00,1.986157349527528382e+01
1.293056844547563866e+00,1.985257890004899295e+01
1.293073279195668723e+00,1.984358375926953855e+01
1.293089713843774025e+00,1.983899654315325023e+01
1.293106148491879104e+00,1.984031571825094531e+01
1.293122583139984405e+00,1.984163477683408416e+01
1.293139017788089484e+00,1.984588318424603059e+01
1.293155452436194786e+00,1.985084208295205954e+01
1.293171887084299865e+00,1.985570116151059494e+01
1.293188321732405166e+00,1.986011239365538827e+01
1.293204756380510467e+00,1.986452338443598009e+01
1.293221191028615547e+00,1.986766144824493097e+01
1.293237625676720848e+00,1.986979582865295413e+01
1.293254060324825705e+00,1.987193007065732786e+01
1.293270494972931006e+00,1.987148677599255109e+01
1.293286929621036085e+00,1.987086771188516821e+01
1.293303364269141387e+00,1.987019903268416954e+01
1.293319798917246466e+00,1.986942163926752514e+01
1.293336233565351767e+00,1.986864414717857130e+01
1.293352668213456846e+00,1.986774481752057397e+01
1.293369102861562148e+00,1.986679069890615779e+01
1.293385537509667449e+00,1.986585412787459859e+01
1.293401972157772528e+00,1.986516382733841724e+01
1.293418406805877829e+00,1.986447342844309105e+01
1.293434841453982687e+00,1.986279391130507932e+01
1.293451276102087988e+00,1.985987346584976621e+01
1.293467710750193067e+00,1.985695288517660728e+01
1.293484145398298368e+00,1.985652839682732562e+01
1.293500580046403448e+00,1.985665108313766325e+01
1.293517014694508749e+00,1.985665796590474130e+01
1.293533449342614050e+00,1.985619222994216315e+01
1.293549883990719129e+00,1.985572639597508626e+01
1.293566318638824431e+00,1.985579027901918181e+01
1.293582753286929510e+00,1.985624862475901509e+01
1.293599187935034811e+00,1.985670686735516455e+01
1.293615622583139668e+00,1.985159356393862140e+01
1.293632057231244969e+00,1.984618365113214367e+01
1.293648491879350049e+00,1.984119589154885688e+01
1.293664926527455350e+00,1.983708216018339243e+01
1.293681361175560651e+00,1.983296824947078463e+01
1.293697795823665730e+00,1.982891536488634898e+01
1.293714230471771032e+00,1.982488828836383021e+01
1.293730665119876111e+00,1.982067482930827751e+01
1.293747099767981412e+00,1.981426232109516405e+01
1.293763534416086491e+00,1.980784949918854210e+01
1.293779969064191793e+00,1.981132896205471994e+01
1.293796403712296650e+00,1.982669935805805750e+01
1.293812838360401951e+00,1.984206812486085525e+01
1.293829273008507252e+00,1.984105402946323338e+01
1.293845707656612332e+00,1.983668479126906092e+01
1.293862142304717633e+00,1.983135394730753376e+01
1.293878576952822712e+00,1.982231397021886110e+01
1.293895011600928013e+00,1.981327344721047368e+01
1.293911446249033093e+00,1.981621168909286013e+01
1.293927880897138394e+00,1.982776720081036714e+01
1.293944315545243251e+00,1.983932173100464524e+01
1.293960750193348552e+00,1.983797744696336096e+01
1.293977184841454076e+00,1.983605713522146630e+01
1.293993619489558933e+00,1.983008014713436395e+01
1.294010054137664234e+00,1.981597198171009921e+01
1.294026488785769313e+00,1.980186258461593596e+01
1.294042923433874615e+00,1.980441526493677529e+01
1.294059358081979694e+00,1.981382807975385063e+01
1.294075792730084995e+00,1.982275334359126617e+01
1.294092227378190074e+00,1.982634900007359136e+01
1.294108662026295375e+00,1.982994445688201424e+01
1.294125096674400677e+00,1.983147387318146215e+01
1.294141531322505534e+00,1.983056895996839231e+01
1.294157965970610835e+00,1.982966394760858009e+01
1.294174400618715914e+00,1.982790322747481682e+01
1.294190835266821216e+00,1.982597240498865077e+01
1.294207269914926295e+00,1.982483741183961712e+01
1.294223704563031596e+00,1.982670685423626367e+01
1.294240139211136675e+00,1.982857616451169136e+01
1.294256573859241977e+00,1.982900385349069339e+01
1.294273008507347056e+00,1.982840642829998501e+01
1.294289443155452357e+00,1.982780890492995951e+01
1.294305877803557658e+00,1.982710194384671354e+01
1.294322312451662516e+00,1.982639026022968309e+01
1.294338747099767817e+00,1.982567039866316350e+01
1.294355181747872896e+00,1.982493434963052792e+01
1.294371616395978197e+00,1.982419820213010553e+01
1.294388051044083277e+00,1.982336307729153901e+01
1.294404485692188578e+00,1.982248728048670472e+01
1.294420920340293657e+00,1.982135838107068082e+01
1.294437354988398958e+00,1.981746346832131422e+01
1.294453789636504260e+00,1.981356838723381131e+01
1.294470224284609339e+00,1.980365303484343897e+01
1.294486658932714640e+00,1.978662296878080085e+01
1.294503093580819497e+00,1.976959113775479793e+01
1.294519528228924798e+00,1.976998245901452123e+01
1.294535962877029878e+00,1.977386805872004061e+01
1.294552397525135179e+00,1.977812961436715966e+01
1.294568832173240258e+00,1.978382900484760398e+01
1.294585266821345559e+00,1.978952806197316150e+01
1.294601701469450639e+00,1.979126880509265263e+01
1.294618136117555940e+00,1.979016352793750855e+01
1.294634570765661241e+00,1.978905815059744810e+01
1.294651005413766320e+00,1.979308370143043661e+01
1.294667440061871622e+00,1.979734521160128224e+01
1.294683874709976479e+00,1.979762599344037355e+01
1.294700309358081780e+00,1.978982987262529036e+01
1.294716744006186859e+00,1.978203333029845012e+01
1.294733178654292161e+00,1.978015970675689772e+01
1.294749613302397240e+00,1.978077376378041308e+01
1.294766047950502541e+00,1.978154605471511118e+01
1.294782482598607842e+00,1.978418347864716509e+01
1.294798917246712922e+00,1.978682074360515131e+01
1.294815351894818223e+00,1.978785631260548072e+01
1.294831786542923302e+00,1.978695124032417141e+01
1.294848221191028603e+00,1.978604606906540297e+01
1.294864655839133460e+00,1.978321624654735800e+01
1.294881090487238762e+00,1.977998083986465261e+01
1.294897525135343841e+00,1.977718558228961498e+01
1.294913959783449142e+00,1.977615459139999032e+01
1.294930394431554443e+00,1.977512350090379911e+01
1.294946829079659523e+00,1.977628622137279990e+01
1.294963263727764824e+00,1.977908124539638735e+01
1.294979698375869903e+00,1.978187610379509920e+01
1.294996133023975204e+00,1.978041340437693663e+01
1.295012567672080284e+00,1.977871186815258397e+01
1.295029002320185585e+00,1.977715443023128827e+01
1.295045436968290442e+00,1.977590279092800785e+01
1.295061871616395743e+00,1.977465105039071958e+01
1.295078306264501045e+00,1.977627884660528323e+01
1.295094740912606124e+00,1.977917740994148943e+01
1.295111175560711425e+00,1.978149400898955790e+01
1.295127610208816504e+00,1.977572002311509536e+01
1.295144044856921806e+00,1.976994577186993496e+01
1.295160479505026885e+00,1.976911507065515750e+01
1.295176914153132186e+00,1.977456882852798614e+01
1.295193348801237265e+00,1.978022336863821451e+01
1.295209783449342567e+00,1.977734902132863581e+01
1.295226218097447868e+00,1.977251821685889865e+01
1.295242652745552725e+00,1.976949395215333993e+01
1.295259087393658026e+00,1.977435186418403390e+01
1.295275522041763105e+00,1.977920959564125170e+01
1.295291956689868407e+00,1.978186584099559298e+01
1.295308391337973486e+00,1.978278821780114427e+01
1.295324825986078787e+00,1.978371049373711443e+01
1.295341260634183866e+00,1.978203038197584007e+01
1.295357695282289168e+00,1.978016107472991791e+01
1.295374129930394469e+00,1.977493919381486975e+01
1.295390564578499548e+00,1.976207808817517630e+01
1.295406999226604849e+00,1.974921567144981793e+01
1.295423433874709707e+00,1.974998328640990763e+01
1.295439868522815008e+00,1.975723299704109692e+01
1.295456303170920087e+00,1.976389527723199180e+01
1.295472737819025388e+00,1.975947939964140687e+01
1.295489172467130468e+00,1.975506322795870062e+01
1.295505607115235769e+00,1.974830737247980394e+01
1.295522041763340848e+00,1.973835755559124294e+01
1.295538476411446149e+00,1.972840687745321020e+01
1.295554911059551451e+00,1.973055826428669235e+01
1.295571345707656530e+00,1.973582500490392988e+01
1.295587780355761831e+00,1.973915630254863629e+01
1.295604215003866688e+00,1.973287532670625311e+01
1.295620649651971990e+00,1.972659390791349310e+01
1.295637084300077069e+00,1.973146180411774964e+01
1.295653518948182370e+00,1.974583225679625897e+01
1.295669953596287449e+00,1.976020155104761500e+01
1.295686388244392750e+00,1.976456223925076827e+01
1.295702822892498052e+00,1.976795700803580758e+01
1.295719257540603131e+00,1.976996342514105720e+01
1.295735692188708432e+00,1.976847097215388160e+01
1.295752126836813511e+00,1.976697837405952640e+01
1.295768561484918813e+00,1.976053745446118626e+01
1.295784996133023670e+00,1.975150206996555013e+01
1.295801430781128971e+00,1.974277912905630217e+01
1.295817865429234050e+00,1.974493718870391135e+01
1.295834300077339352e+00,1.974709514191923532e+01
1.295850734725444431e+00,1.974764548972964207e+01
1.295867169373549732e+00,1.974578191797131765e+01
1.295883604021655033e+00,1.974391818828681266e+01
1.295900038669760113e+00,1.974965160923463259e+01
1.295916473317865414e+00,1.975763455284770842e+01
1.295932907965970493e+00,1.976401647504625103e+01
1.295949342614075794e+00,1.976081408871218414e+01
1.295965777262180652e+00,1.975761148360112784e+01
1.295982211910285953e+00,1.975583731095391826e+01
1.295998646558391032e+00,1.975541004337489781e+01
1.296015081206496333e+00,1.975498265881917703e+01
1.296031515854601635e+00,1.974575451096536227e+01
1.296047950502706714e+00,1.973539501085581449e+01
1.296064385150812015e+00,1.972637912231070345e+01
1.296080819798917094e+00,1.972123932926971435e+01
1.296097254447022395e+00,1.971609919126745325e+01
1.296113689095127475e+00,1.972016267292273994e+01
1.296130123743232776e+00,1.972965906440539996e+01
1.296146558391337633e+00,1.973915468949513041e+01
1.296162993039442934e+00,1.973844941290172628e+01
1.296179427687548236e+00,1.973774401347476015e+01
1.296195862335653315e+00,1.973960827285451458e+01
1.296212296983758616e+00,1.974582680770192411e+01
1.296228731631863695e+00,1.975204508586746499e+01
1.296245166279968997e+00,1.975378884221768772e+01
1.296261600928074076e+00,1.975397760587821594e+01
1.296278035576179377e+00,1.975323535841117462e+01
1.296294470224284234e+00,1.974519201108278210e+01
1.296310904872389536e+00,1.973714804421506130e+01
1.296327339520495059e+00,1.973024764309364798e+01
1.296343774168599916e+00,1.972456717808229243e+01
1.296360208816705217e+00,1.971888632551248222e+01
1.296376643464810297e+00,1.972306831278279660e+01
1.296393078112915598e+00,1.972892700132766919e+01
1.296409512761020677e+00,1.973293263118743823e+01
1.296425947409125978e+00,1.973056937908924979e+01
1.296442382057231058e+00,1.972820594963533480e+01
1.296458816705336359e+00,1.972788502440149472e+01
1.296475251353441660e+00,1.972894908941229986e+01
1.296491686001546517e+00,1.973001305279275996e+01
1.296508120649651818e+00,1.972612833791715659e+01
1.296524555297756898e+00,1.972207137147186273e+01
1.296540989945862199e+00,1.972013216167301053e+01
1.296557424593967278e+00,1.972236257739225707e+01
1.296573859242072579e+00,1.972459288438176728e+01
1.296590293890177659e+00,1.973011659256112438e+01
1.296606728538282960e+00,1.973700390674228444e+01
1.296623163186388261e+00,1.974330822765703886e+01
1.296639597834493340e+00,1.974266758790912490e+01
1.296656032482598642e+00,1.974202682675046816e+01
1.296672467130703499e+00,1.973591979043009204e+01
1.296688901778808800e+00,1.972306410469288807e+01
1.296705336426913879e+00,1.971020712018206211e+01
1.296721771075019181e+00,1.970440047628080293e+01
1.296738205723124260e+00,1.970016655666103489e+01
1.296754640371229561e+00,1.969774936879905525e+01
1.296771075019334640e+00,1.970378977311609248e+01
1.296787509667439942e+00,1.970982898537361550e+01
1.296803944315545243e+00,1.971008390897461382e+01
1.296820378963650322e+00,1.970574723704934783e+01
1.296836813611755623e+00,1.970141052948704541e+01
1.296853248259860480e+00,1.969578466998308031e+01
1.296869682907965782e+00,1.969005770833176783e+01
1.296886117556070861e+00,1.968807897549576680e+01
1.296902552204176162e+00,1.969497278016032382e+01
1.296918986852281241e+00,1.970186523665375589e+01
1.296935421500386543e+00,1.970468625351309555e+01
1.296951856148491844e+00,1.970547055387015689e+01
1.296968290796596923e+00,1.970628249472533611e+01
1.296984725444702224e+00,1.970784445984233457e+01
1.297001160092807304e+00,1.970940589112022323e+01
1.297017594740912605e+00,1.970723731303352011e+01
1.297034029389017462e+00,1.969960154400263264e+01
1.297050464037122763e+00,1.969196583398575839e+01
1.297066898685227843e+00,1.969225319033245114e+01
1.297083333333333144e+00,1.969484193092709390e+01
1.297099767981438223e+00,1.969725013188780594e+01
1.297116202629543524e+00,1.969858976374298010e+01
1.297132637277648826e+00,1.969992888724302560e+01
1.297149071925753905e+00,1.969309776160156034e+01
1.297165506573859206e+00,1.967852193418541873e+01
1.297181941221964285e+00,1.966394593303390792e+01
1.297198375870069587e+00,1.965561504811859450e+01
1.297214810518174444e+00,1.964811608024363565e+01
1.297231245166279745e+00,1.964608350236211720e+01
1.297247679814384824e+00,1.966032365416760541e+01
1.297264114462490125e+00,1.967456075425073081e+01
1.297280549110595427e+00,1.967783254875308430e+01
1.297296983758700506e+00,1.967439465774768337e+01
1.297313418406805807e+00,1.967095668382422247e+01
1.297329853054910886e+00,1.965694996671774675e+01
1.297346287703016188e+00,1.964282766075842446e+01
1.297362722351121267e+00,1.963785218755252160e+01
1.297379156999226568e+00,1.964928375464324262e+01
1.297395591647331425e+00,1.966071299288847030e+01
1.297412026295436727e+00,1.965772917583789692e+01
1.297428460943542028e+00,1.964932253092167613e+01
1.297444895591647107e+00,1.964219332153246000e+01
1.297461330239752408e+00,1.964721241484956948e+01
1.297477764887857488e+00,1.965223047781732646e+01
1.297494199535962789e+00,1.965636738712862552e+01
1.297510634184067868e+00,1.965948525451749163e+01
1.297527068832173169e+00,1.966260237994118043e+01
1.297543503480278249e+00,1.966195788190950111e+01
1.297559938128383550e+00,1.966055398310570013e+01
1.297576372776488851e+00,1.965855151986042415e+01
1.297592807424593708e+00,1.965416092508266743e+01
1.297609242072699010e+00,1.964977030032102334e+01
1.297625676720804089e+00,1.964725448617497250e+01
1.297642111368909390e+00,1.964616127493213327e+01
1.297658546017014469e+00,1.964506780533094243e+01
1.297674980665119771e+00,1.964451947527792441e+01
1.297691415313224850e+00,1.964400771637386001e+01
1.297707849961330151e+00,1.964316214052657728e+01
1.297724284609435452e+00,1.964155535812094300e+01
1.297740719257540531e+00,1.963994836153733914e+01
1.297757153905645833e+00,1.963870039488036312e+01
1.297773588553750690e+00,1.963762699731456252e+01
1.297790023201855991e+00,1.963651290784598302e+01
1.297806457849961070e+00,1.963444162396018555e+01
1.297822892498066372e+00,1.963237016326748119e+01
1.297839327146171451e+00,1.963043791323480747e+01
1.297855761794276752e+00,1.962870747076577516e+01
1.297872196442382053e+00,1.962697682420594347e+01
1.297888631090487133e+00,1.962038711136260360e+01
1.297905065738592434e+00,1.961239478439132711e+01
1.297921500386697513e+00,1.960574995021154265e+01
1.297937935034802814e+00,1.960713910836702567e+01
1.297954369682907672e+00,1.960852774640806473e+01
1.297970804331012973e+00,1.960948005512966574e+01
1.297987238979118052e+00,1.961001509747456950e+01
1.298003673627223353e+00,1.961054971766994015e+01
1.298020108275328433e+00,1.960705614559448051e+01
1.298036542923433734e+00,1.960300558732367548e+01
1.298052977571539035e+00,1.959869348130140665e+01
1.298069412219644114e+00,1.959357949103086582e+01
1.298085846867749416e+00,1.958846550621228744e+01
1.298102281515854495e+00,1.958882883644882966e+01
1.298118716163959796e+00,1.959264758265397788e+01
1.298135150812064653e+00,1.959646547786316262e+01
1.298151585460169954e+00,1.959688269735632105e+01
1.298168020108275034e+00,1.959723131082731129e+01
1.298184454756380335e+00,1.959532053711175692e+01
1.298200889404485636e+00,1.958916536999121760e+01
1.298217324052590715e+00,1.958301024559160197e+01
1.298233758700696017e+00,1.958332662925091583e+01
1.298250193348801096e+00,1.958622970227693116e+01
1.298266627996906397e+00,1.958886700367926537e+01
1.298283062645011476e+00,1.958850833704137884e+01
1.298299497293116778e+00,1.958814934047822121e+01
1.298315931941221635e+00,1.958674738752186784e+01
1.298332366589326936e+00,1.958406096934720253e+01
1.298348801237432015e+00,1.958137442045682164e+01
1.298365235885537317e+00,1.958052589496217166e+01
1.298381670533642618e+00,1.958009487858635467e+01
1.298398105181747697e+00,1.957940126737676678e+01
1.298414539829852998e+00,1.957752431611621802e+01
1.298430974477958078e+00,1.957564717221600858e+01
1.298447409126063379e+00,1.957368565414386907e+01
1.298463843774168236e+00,1.957165451758717012e+01
1.298480278422273759e+00,1.956962320081205320e+01
1.298496713070378616e+00,1.956800121456315367e+01
1.298513147718483918e+00,1.956641731179563592e+01
1.298529582366589219e+00,1.956477472765828907e+01
1.298546017014694298e+00,1.956298221923368175e+01
1.298562451662799599e+00,1.956118951115507443e+01
1.298578886310904679e+00,1.955934289048713737e+01
1.298595320959009980e+00,1.955746678663491522e+01
1.298611755607115059e+00,1.955555595756239384e+01
1.298628190255220360e+00,1.955108344457523373e+01
1.298644624903325218e+00,1.954661091047355015e+01
1.298661059551430519e+00,1.954417470150823988e+01
1.298677494199535820e+00,1.954506888643832951e+01
1.298693928847640899e+00,1.954596260437293509e+01
1.298710363495746201e+00,1.953914364888657929e+01
1.298726798143851280e+00,1.952969144617016184e+01
1.298743232791956581e+00,1.952088060771386679e+01
1.298759667440061660e+00,1.951718516885458143e+01
1.298776102088166962e+00,1.951348966691618969e+01
1.298792536736272041e+00,1.951513074540115866e+01
1.298808971384377342e+00,1.952261712549778139e+01
1.298825406032482643e+00,1.953010200669825025e+01
1.298841840680587501e+00,1.953101836785360845e+01
1.298858275328692802e+00,1.952748382635685331e+01
1.298874709976797881e+00,1.952335989258475735e+01
1.298891144624903182e+00,1.951700169144608665e+01
1.298907579273008261e+00,1.951064443342633936e+01
1.298924013921113563e+00,1.950640367952667731e+01
1.298940448569218642e+00,1.950373104163863758e+01
1.298956883217323943e+00,1.950105784633383266e+01
1.298973317865429244e+00,1.949633765369390659e+01
1.298989752513534324e+00,1.949148649738405226e+01
1.299006187161639625e+00,1.948653080846504793e+01
1.299022621809744482e+00,1.948133674189752895e+01
1.299039056457849783e+00,1.947614316428003534e+01
1.299055491105954863e+00,1.946905540520425149e+01
1.299071925754060164e+00,1.946103786755597653e+01
1.299088360402165243e+00,1.945256606420139178e+01
1.299104795050270544e+00,1.943177819782449234e+01
1.299121229698375846e+00,1.941099557604825065e+01
1.299137664346480925e+00,1.940170933654871277e+01
1.299154098994586226e+00,1.940959850032180967e+01
1.299170533642691305e+00,1.941748187719812080e+01
1.299186968290796607e+00,1.942047500640745028e+01
1.299203402938901464e+00,1.942197232975024335e+01
1.299219837587006765e+00,1.942257595625545008e+01
1.299236272235111844e+00,1.941725928488976649e+01
1.299252706883217146e+00,1.941194315512868585e+01
1.299269141531322225e+00,1.940369372807673898e+01
1.299285576179427526e+00,1.939246234832312865e+01
1.299302010827532827e+00,1.938123366047061324e+01
1.299318445475637906e+00,1.937239311070711167e+01
1.299334880123743208e+00,1.936394099191912233e+01
1.299351314771848287e+00,1.935384579850564890e+01
1.299367749419953588e+00,1.933809614646834873e+01
1.299384184068058445e+00,1.932235054805005703e+01
1.299400618716163747e+00,1.932221031601121908e+01
1.299417053364268826e+00,1.933291403554834886e+01
1.299433488012374127e+00,1.934361032678500791e+01
1.299449922660479428e+00,1.933548321285782023e+01
1.299466357308584508e+00,1.932645811608693620e+01
1.299482791956689809e+00,1.932100042979883270e+01
1.299499226604794888e+00,1.932315885562204727e+01
1.299515661252900189e+00,1.932531449439467508e+01
1.299532095901005269e+00,1.932363199447145874e+01
1.299548530549110570e+00,1.932017029161817234e+01
1.299564965197215427e+00,1.931634163149360361e+01
1.299581399845320728e+00,1.930515572813243352e+01
1.299597834493425808e+00,1.927971299288380891e+01
1.299614269141531109e+00,1.924827604492265110e+01
1.299630703789636410e+00,1.921350704008239063e+01
1.299647138437741489e+00,1.917876548118220015e+01
1.299663573085846791e+00,1.915855402636607252e+01
1.299680007733951870e+00,1.914252702934301098e+01
1.299696442382057171e+00,1.912675207008838285e+01
1.299712877030162250e+00,1.911259092493766332e+01
1.299729311678267551e+00,1.909841297423940887e+01
1.299745746326372409e+00,1.908138644388668936e+01
1.299762180974477710e+00,1.906156191601985128e+01
1.299778615622583011e+00,1.904173325709350095e+01
1.299795050270688090e+00,1.901215950453033443e+01
1.299811484918793392e+00,1.898111582019846821e+01
1.299827919566898471e+00,1.895367378135050984e+01
1.299844354215003772e+00,1.893814100601284878e+01
1.299860788863108851e+00,1.892259442903467814e+01
1.299877223511214153e+00,1.890340909907208911e+01
1.299893658159319232e+00,1.888175221007402271e+01
1.299910092807424533e+00,1.886009526279896420e+01
1.299926527455529834e+00,1.883821723879525578e+01
1.299942962103634692e+00,1.881633007531486257e+01
1.299959396751739993e+00,1.879384681023768877e+01
1.299975831399845072e+00,1.877010983653228138e+01
1.299992266047950373e+00,1.874637743368834109e+01
1.300008700696055453e+00,1.872040500235662108e+01
1.300025135344160754e+00,1.869341232885880189e+01
1.300041569992265833e+00,1.866666795743555696e+01
1.300058004640371134e+00,1.864456468313754200e+01
1.300074439288476436e+00,1.862246241840808736e+01
1.300090873936581515e+00,1.860097561348795736e+01
1.300107308584686816e+00,1.858036506858413617e+01
1.300123743232791673e+00,1.855975217207941697e+01
1.300140177880896974e+00,1.853439099383627919e+01
1.300156612529002054e+00,1.850766129882895328e+01
1.300173047177107355e+00,1.848152420952838071e+01
1.300189481825212434e+00,1.845902538827073869e+01
1.300205916473317735e+00,1.843652852416771282e+01
1.300222351121423037e+00,1.841102534247426092e+01
1.300238785769528116e+00,1.838253669677112612e+01
1.300255220417633417e+00,1.835406339085445282e+01
1.300271655065738496e+00,1.833095675615649256e+01
1.300288089713843798e+00,1.830869684539079500e+01
1.300304524361948655e+00,1.828502048981412997e+01
1.300320959010053956e+00,1.825651349953105651e+01
1.300337393658159035e+00,1.822802204034015006e+01
1.300353828306264337e+00,1.820816927025753174e+01
1.300370262954369638e+00,1.819431745678877732e+01
1.300386697602474717e+00,1.818044749452232978e+01
1.300403132250580018e+00,1.816250073277674204e+01
1.300419566898685098e+00,1.814434010142205622e+01
1.300436001546790399e+00,1.812188320256576191e+01
1.300452436194895478e+00,1.809008344073046359e+01
1.300468870843000779e+00,1.805830662534759057e+01
1.300485305491105636e+00,1.803600421333623061e+01
1.300501740139210938e+00,1.801821337447902849e+01
1.300518174787316017e+00,1.799998752301397431e+01
1.300534609435421318e+00,1.797127994512579718e+01
1.300551044083526619e+00,1.794258863363898726e+01
1.300567478731631699e+00,1.791906032925876602e+01
1.300583913379737000e+00,1.790320484000206136e+01
1.300600348027842079e+00,1.788733580600581163e+01
1.300616782675947380e+00,1.787221491491799341e+01
1.300633217324052460e+00,1.785731430717282109e+01
1.300649651972157761e+00,1.784141950087542838e+01
1.300666086620262618e+00,1.781870424923593887e+01
1.300682521268367919e+00,1.779599161346337155e+01
1.300698955916473221e+00,1.777046560514830986e+01
1.300715390564578300e+00,1.774199175091800029e+01
1.300731825212683601e+00,1.771353385348722043e+01
1.300748259860788680e+00,1.769180372927145584e+01
1.300764694508893982e+00,1.767126240557434258e+01
1.300781129156999061e+00,1.764994610503035588e+01
1.300797563805104362e+00,1.762574747549254184e+01
1.300813998453209219e+00,1.760155504364562162e+01
1.300830433101314521e+00,1.758050211816861719e+01
1.300846867749419600e+00,1.756178064272605610e+01
1.300863302397524901e+00,1.754305234161238403e+01
1.300879737045630202e+00,1.751893210141639301e+01
1.300896171693735281e+00,1.749444123392176920e+01
1.300912606341840583e+00,1.746818059696903447e+01
1.300929040989945662e+00,1.743771231971043889e+01
1.300945475638050963e+00,1.740726494355084242e+01
1.300961910286156042e+00,1.737967877574715914e+01
1.300978344934261344e+00,1.735333868872706375e+01
1.300994779582366201e+00,1.732712761760891595e+01
1.301011214230471502e+00,1.730954078932205675e+01
1.301027648878576803e+00,1.729194423757872201e+01
1.301044083526681883e+00,1.726945351288374653e+01
1.301060518174787184e+00,1.723901212390481774e+01
1.301076952822892263e+00,1.720859219077966884e+01
1.301093387470997564e+00,1.718826902143224800e+01
1.301109822119102644e+00,1.717145289661468510e+01
1.301126256767207945e+00,1.715449942668407957e+01
1.301142691415313024e+00,1.713643596494748778e+01
1.301159126063418325e+00,1.711836389799352531e+01
1.301175560711523627e+00,1.709650009523771175e+01
1.301191995359628484e+00,1.707026377217210822e+01
1.301208430007733785e+00,1.704403904374058243e+01
1.301224864655838864e+00,1.701470802520355008e+01
1.301241299303944166e+00,1.698473306441776032e+01
1.301257733952049245e+00,1.695680139891609173e+01
1.301274168600154546e+00,1.693776847551681897e+01
1.301290603248259625e+00,1.691872941332346159e+01
1.301307037896364927e+00,1.690348716022380771e+01
1.301323472544470228e+00,1.689138658724189668e+01
1.301339907192575307e+00,1.687926191162971179e+01
1.301356341840680608e+00,1.685373108597588754e+01
1.301372776488785465e+00,1.682683445620246232e+01
1.301389211136890767e+00,1.680212844498224811e+01
1.301405645784995846e+00,1.678339242565891709e+01
1.301422080433101147e+00,1.676464940236725454e+01
1.301438515081206226e+00,1.674372545522644629e+01
1.301454949729311528e+00,1.672151264560907080e+01
1.301471384377416829e+00,1.669930165435141234e+01
1.301487819025521908e+00,1.667262721207749010e+01
1.301504253673627209e+00,1.664591234200831238e+01
1.301520688321732289e+00,1.661947182986154559e+01
1.301537122969837590e+00,1.659353167117552630e+01
1.301553557617942447e+00,1.656760280657837825e+01
1.301569992266047748e+00,1.654220749628184706e+01
1.301586426914152828e+00,1.651703663223810992e+01
1.301602861562258129e+00,1.649241658217084350e+01
1.301619296210363430e+00,1.647512342813379149e+01
1.301635730858468509e+00,1.645781950374045621e+01
1.301652165506573811e+00,1.643790262557621418e+01
1.301668600154678890e+00,1.641452015393003450e+01
1.301685034802784191e+00,1.639114264162904533e+01
1.301701469450889270e+00,1.636985299288134499e+01
1.301717904098994572e+00,1.634911994736578933e+01
1.301734338747099429e+00,1.632845297809649665e+01
1.301750773395204730e+00,1.630817236368076806e+01
1.301767208043309809e+00,1.628788871247862957e+01
1.301783642691415110e+00,1.626600449329215792e+01
1.301800077339520412e+00,1.624257915425375742e+01
1.301816511987625491e+00,1.621915895250041828e+01
1.301832946635730792e+00,1.618721860238298760e+01
1.301849381283835871e+00,1.615401176601666222e+01
1.301865815931941173e+00,1.612488192094638251e+01
1.301882250580046252e+00,1.610947657144071243e+01
1.301898685228151553e+00,1.609405525923676450e+01
1.301915119876256410e+00,1.607322223866302124e+01
1.301931554524361712e+00,1.604860077184822487e+01
1.301947989172467013e+00,1.602398770141492435e+01
1.301964423820572092e+00,1.600124673353229454e+01
1.301980858468677393e+00,1.597861406249849914e+01
1.301997293116782473e+00,1.595659167264728673e+01
1.302013727764887774e+00,1.593594578820804841e+01
1.302030162412992853e+00,1.591529790414454482e+01
1.302046597061098154e+00,1.589336745605490719e+01
1.302063031709203234e+00,1.587079506108962867e+01
1.302079466357308535e+00,1.584832288747198348e+01
1.302095901005413392e+00,1.582971730214986650e+01
1.302112335653518693e+00,1.581110421809131239e+01
1.302128770301623994e+00,1.579037628680317340e+01
1.302145204949729074e+00,1.576626388922090882e+01
1.302161639597834375e+00,1.574215872838840014e+01
1.302178074245939454e+00,1.571026581990477666e+01
1.302194508894044755e+00,1.567570101445170749e+01
1.302210943542149835e+00,1.564271163157120803e+01
1.302227378190255136e+00,1.562338979161805774e+01
1.302243812838360215e+00,1.560406246822280174e+01
1.302260247486465516e+00,1.558508668879807502e+01
1.302276682134570818e+00,1.556652263030926697e+01
1.302293116782675675e+00,1.554795096771874441e+01
1.302309551430780976e+00,1.552383141177385006e+01
1.302325986078886055e+00,1.549849627043807132e+01
1.302342420726991357e+00,1.547481498086889218e+01
1.302358855375096436e+00,1.545873828536835148e+01
1.302375290023201737e+00,1.544264703340932066e+01
1.302391724671306816e+00,1.542478123651109989e+01
1.302408159319412118e+00,1.540538534183147412e+01
1.302424593967517419e+00,1.538598403959594307e+01
1.302441028615622498e+00,1.536323737467396988e+01
1.302457463263727799e+00,1.534010158162792337e+01
1.302473897911832657e+00,1.531537838159006704e+01
1.302490332559937958e+00,1.528596929455054187e+01
1.302506767208043037e+00,1.525658208204822763e+01
1.302523201856148338e+00,1.523455504017091400e+01
1.302539636504253417e+00,1.521719019532018180e+01
1.302556071152358719e+00,1.519981425923823615e+01
1.302572505800464020e+00,1.517707968426709009e+01
1.302588940448569099e+00,1.515418078610140817e+01
1.302605375096674400e+00,1.513113242899155608e+01
1.302621809744779480e+00,1.510777351548131797e+01
1.302638244392884781e+00,1.508442025679865672e+01
1.302654679040989638e+00,1.505507751543603057e+01
1.302671113689094939e+00,1.502301085808924697e+01
1.302687548337200019e+00,1.499122448490219206e+01
1.302703982985305320e+00,1.496497040267512801e+01
1.302720417633410621e+00,1.493873018517937545e+01
1.302736852281515700e+00,1.491684505525351589e+01
1.302753286929621002e+00,1.490142728630810076e+01
1.302769721577726081e+00,1.488599278214287658e+01
1.302786156225831382e+00,1.486774439602009146e+01
1.302802590873936461e+00,1.484860115986585249e+01
1.302819025522041763e+00,1.482862875569939298e+01
1.302835460170146620e+00,1.480243744149588991e+01
1.302851894818251921e+00,1.477625996155910748e+01
1.302868329466357222e+00,1.475405247191695679e+01
1.302884764114462302e+00,1.473622457586493795e+01
1.302901198762567603e+00,1.471838676977395188e+01
1.302917633410672682e+00,1.470074587869804716e+01
1.302934068058777983e+00,1.468313622084670911e+01
1.302950502706883062e+00,1.466461622784542485e+01
1.302966937354988364e+00,1.464224011622746602e+01
1.302983372003093221e+00,1.461986713475510946e+01
1.302999806651198744e+00,1.459711690872317824e+01
1.303016241299303601e+00,1.457405580266214074e+01
1.303032675947408903e+00,1.455099983179484902e+01
1.303049110595514204e+00,1.452881605648174279e+01
1.303065545243619283e+00,1.450672707534767270e+01
1.303081979891724584e+00,1.448314716833480986e+01
1.303098414539829664e+00,1.445535109417926733e+01
1.303114849187934965e+00,1.442757380102758447e+01
1.303131283836040044e+00,1.439947262175518894e+01
1.303147718484145345e+00,1.437117970625547159e+01
1.303164153132250203e+00,1.434290716135804722e+01
1.303180587780355504e+00,1.432555309535794663e+01
1.303197022428460805e+00,1.430846660925320357e+01
1.303213457076565884e+00,1.429124068690004634e+01
1.303229891724671186e+00,1.427374723575254656e+01
1.303246326372776265e+00,1.425624267147253121e+01
1.303262761020881566e+00,1.423474203288877327e+01
1.303279195668986645e+00,1.421144277445566217e+01
1.303295630317091947e+00,1.418822030105997101e+01
1.303312064965197026e+00,1.416648980254041845e+01
1.303328499613302327e+00,1.414476078725103569e+01
1.303344934261407184e+00,1.411805618037930010e+01
1.303361368909512485e+00,1.408397364958088538e+01
1.303377803557617787e+00,1.404992852988330654e+01
1.303394238205722866e+00,1.402651919623789745e+01
1.303410672853828167e+00,1.400648631883256279e+01
1.303427107501933246e+00,1.398735232979910315e+01
1.303443542150038548e+00,1.397515163172957031e+01
1.303459976798143627e+00,1.396292340500604823e+01
1.303476411446248928e+00,1.394422757877722141e+01
1.303492846094354007e+00,1.391830831119151846e+01
1.303509280742459309e+00,1.389240315200448883e+01
1.303525715390564610e+00,1.386490207837195499e+01
1.303542150038669467e+00,1.383708472432700454e+01
1.303558584686774768e+00,1.381127683705307696e+01
1.303575019334879848e+00,1.379431172531806915e+01
1.303591453982985149e+00,1.377733370383122313e+01
1.303607888631090228e+00,1.375917227483249761e+01
1.303624323279195529e+00,1.374000501937127439e+01
1.303640757927300609e+00,1.372083157351566918e+01
1.303657192575405910e+00,1.369568873118805818e+01
1.303673627223511211e+00,1.366986507341001733e+01
1.303690061871616290e+00,1.364592039339449947e+01
1.303706496519721592e+00,1.362752102961510836e+01
1.303722931167826449e+00,1.360911307896823175e+01
1.303739365815931750e+00,1.358851530174466049e+01
1.303755800464036829e+00,1.356650854601187817e+01
1.303772235112142130e+00,1.354450436667817925e+01
1.303788669760247210e+00,1.352104142229604200e+01
1.303805104408352511e+00,1.349752981989243850e+01
1.303821539056457812e+00,1.347420175057702174e+01
1.303837973704562891e+00,1.345125638324291195e+01
1.303854408352668193e+00,1.342831658084129032e+01
1.303870843000773272e+00,1.340479292788585042e+01
1.303887277648878573e+00,1.338099258476105469e+01
1.303903712296983430e+00,1.335707947479632196e+01
1.303920146945088732e+00,1.332925269472946006e+01
1.303936581593193811e+00,1.330144671157604286e+01
1.303953016241299112e+00,1.327551251855457792e+01
1.303969450889404413e+00,1.325254259952816405e+01
1.303985885537509493e+00,1.322957855594278520e+01
1.304002320185614794e+00,1.321171108375083136e+01
1.304018754833719873e+00,1.319561416619851180e+01
1.304035189481825174e+00,1.317920904006400917e+01
1.304051624129930254e+00,1.316003418118827106e+01
1.304068058778035555e+00,1.314085309464358531e+01
1.304084493426140412e+00,1.311729316766817810e+01
1.304100928074245713e+00,1.308842312350115122e+01
1.304117362722351015e+00,1.305957756065463649e+01
1.304133797370456094e+00,1.303303201119762988e+01
1.304150232018561395e+00,1.300705107438324504e+01
1.304166666666666474e+00,1.298138102843911135e+01
1.304183101314771775e+00,1.295726417699590627e+01
1.304199535962876855e+00,1.293578018171431765e+01
1.304215970610982156e+00,1.293436952289231634e+01
1.304232405259087235e+00,1.293519943674659878e+01
1.304248839907192536e+00,1.293602863859995900e+01
1.304265274555297394e+00,1.293998307296757666e+01
1.304281709203402695e+00,1.294440114477663784e+01
1.304298143851507996e+00,1.294732329674793014e+01
1.304314578499613075e+00,1.294510157161164443e+01
1.304331013147718377e+00,1.294287981131926379e+01
1.304347447795823456e+00,1.293879541079595796e+01
1.304363882443928757e+00,1.293336087189701544e+01
1.304380317092033836e+00,1.292792688851191940e+01
1.304396751740139138e+00,1.292043841611088872e+01
1.304413186388244217e+00,1.291280600077459795e+01
1.304429621036349518e+00,1.290993496345775782e+01
1.304446055684454819e+00,1.291879691079828163e+01
1.304462490332559677e+00,1.292765580417614402e+01
1.304478924980664978e+00,1.293092027932246246e+01
1.304495359628770057e+00,1.293107813852205190e+01
1.304511794276875358e+00,1.293123544171302974e+01
1.304528228924980437e+00,1.292826226075075624e+01
1.304544663573085739e+00,1.292528027146531855e+01
1.304561098221190818e+00,1.292321610961944778e+01
1.304577532869296119e+00,1.292284643173314507e+01
1.304593967517401198e+00,1.292247631873611979e+01
1.304610402165506500e+00,1.292023282841134879e+01
1.304626836813611801e+00,1.291720698232684583e+01
1.304643271461716658e+00,1.291422262289475142e+01
1.304659706109821959e+00,1.291189453155466538e+01
1.304676140757927039e+00,1.290956642656710862e+01
1.304692575406032340e+00,1.290705802355858189e+01
1.304709010054137419e+00,1.290429361548580012e+01
1.304725444702242720e+00,1.290152928148299694e+01
1.304741879350347800e+00,1.290003286766738277e+01
1.304758313998453101e+00,1.289892150543001037e+01
1.304774748646558402e+00,1.289694478085687557e+01
1.304791183294663481e+00,1.288866623311340653e+01
1.304807617942768783e+00,1.288038866590307840e+01
1.304824052590873640e+00,1.287588444785164299e+01
1.304840487238978941e+00,1.287556170908812447e+01
1.304856921887084020e+00,1.287523852350865816e+01
1.304873356535189322e+00,1.287487459323949679e+01
1.304889791183294401e+00,1.287450184315646950e+01
1.304906225831399702e+00,1.287363038401569071e+01
1.304922660479505003e+00,1.287050805942103615e+01
1.304939095127610083e+00,1.286738588007370687e+01
1.304955529775715384e+00,1.286727169679470961e+01
1.304971964423820463e+00,1.286977529537546339e+01
1.304988399071925764e+00,1.287227774874224195e+01
1.305004833720030621e+00,1.287042782786149608e+01
1.305021268368135923e+00,1.286802828551162925e+01
1.305037703016241002e+00,1.286460360570512051e+01
1.305054137664346303e+00,1.285795113257667843e+01
1.305070572312451604e+00,1.285129941598012238e+01
1.305087006960556684e+00,1.284812842419508350e+01
1.305103441608661985e+00,1.284746066136685450e+01
1.305119876256767064e+00,1.284983634969085031e+01
1.305136310904872365e+00,1.285382860289757190e+01
1.305152745552977445e+00,1.285791174142952009e+01
1.305169180201082746e+00,1.286119264425526332e+01
1.305185614849187603e+00,1.286260021096080486e+01
1.305202049497292904e+00,1.286400781042265784e+01
1.305218484145398206e+00,1.286194334897847824e+01
1.305234918793503285e+00,1.285803124698860422e+01
1.305251353441608586e+00,1.285416082104252311e+01
1.305267788089713665e+00,1.285801333287751191e+01
1.305284222737818967e+00,1.286186648171706004e+01
1.305300657385924046e+00,1.286568864192364714e+01
1.305317092034029347e+00,1.286945476782311815e+01
1.305333526682134204e+00,1.287322151029768591e+01
1.305349961330239505e+00,1.287705771567609325e+01
1.305366395978345029e+00,1.288092257157870790e+01
1.305382830626449886e+00,1.288457802161291355e+01
1.305399265274555187e+00,1.288512327184320050e+01
1.305415699922660266e+00,1.288566832399619955e+01
1.305432134570765568e+00,1.288442092717913212e+01
1.305448569218870647e+00,1.288065243657912262e+01
1.305465003866975948e+00,1.287688245691553313e+01
1.305481438515081027e+00,1.288090712587931108e+01
1.305497873163186329e+00,1.288728879188009557e+01
1.305514307811291186e+00,1.289304949609632445e+01
1.305530742459396487e+00,1.289425266118557722e+01
1.305547177107501788e+00,1.289545580490976029e+01
1.305563611755606868e+00,1.289413209044097108e+01
1.305580046403712169e+00,1.288998303642374132e+01
1.305596481051817248e+00,1.288583236909329699e+01
1.305612915699922549e+00,1.288898648936229385e+01
1.305629350348027629e+00,1.289369949192785292e+01
1.305645784996132930e+00,1.289830018293754144e+01
1.305662219644238009e+00,1.290237268616586341e+01
1.305678654292343310e+00,1.290644587543184052e+01
1.305695088940448612e+00,1.290731307101308190e+01
1.305711523588553469e+00,1.290531345219534032e+01
1.305727958236658770e+00,1.290331290230200167e+01
1.305744392884763849e+00,1.290007372602638114e+01
1.305760827532869151e+00,1.289666407781315272e+01
1.305777262180974230e+00,1.289514600119573906e+01
1.305793696829079531e+00,1.289991277788310420e+01
1.305810131477184610e+00,1.290468039625777408e+01
1.305826566125289911e+00,1.290804059316282348e+01
1.305843000773394991e+00,1.291039408297213065e+01
1.305859435421500292e+00,1.291274784711769996e+01
1.305875870069605593e+00,1.291662844656041997e+01
1.305892304717710450e+00,1.292061660245155430e+01
1.305908739365815752e+00,1.292416674628003115e+01
1.305925174013920831e+00,1.292662185117509743e+01
1.305941608662026132e+00,1.292907725533995844e+01
1.305958043310131211e+00,1.292929913859022939e+01
1.305974477958236513e+00,1.292824907048460048e+01
1.305990912606341592e+00,1.292719835470202305e+01
1.306007347254446893e+00,1.293108506766149901e+01
1.306023781902552194e+00,1.293502999861093983e+01
1.306040216550657274e+00,1.293806361900292146e+01
1.306056651198762575e+00,1.293932417073950525e+01
1.306073085846867432e+00,1.294058471592474824e+01
1.306089520494972733e+00,1.294092278065750001e+01
1.306105955143077813e+00,1.294084745240655465e+01
1.306122389791183114e+00,1.294081473035704910e+01
1.306138824439288193e+00,1.294177019503147186e+01
1.306155259087393494e+00,1.294272557238365984e+01
1.306171693735498796e+00,1.294446359744033259e+01
1.306188128383603875e+00,1.294741303160532375e+01
1.306204563031709176e+00,1.295036288579471417e+01
1.306220997679814255e+00,1.294635188981482443e+01
1.306237432327919556e+00,1.293993539569886586e+01
1.306253866976024414e+00,1.293473927583386640e+01
1.306270301624129715e+00,1.294132709992116226e+01
1.306286736272234794e+00,1.294791614298264548e+01
1.306303170920340095e+00,1.295293835814567807e+01
1.306319605568445397e+00,1.295600293004565806e+01
1.306336040216550476e+00,1.295906794950498231e+01
1.306352474864655777e+00,1.295414636028802846e+01
1.306368909512760856e+00,1.294716548679399537e+01
1.306385344160866158e+00,1.294235187394838249e+01
1.306401778808971237e+00,1.295026925986685740e+01
1.306418213457076538e+00,1.295818811489028555e+01
1.306434648105181395e+00,1.296367213189546419e+01
1.306451082753286697e+00,1.296668095180874580e+01
1.306467517401391998e+00,1.296969020554199936e+01
1.306483952049497077e+00,1.296723623656065705e+01
1.306500386697602378e+00,1.296378801014381388e+01
1.306516821345707458e+00,1.296016116684396025e+01
1.306533255993812759e+00,1.295580746043989784e+01
1.306549690641917838e+00,1.295145207820304201e+01
1.306566125290023139e+00,1.295248118545144145e+01
1.306582559938128218e+00,1.295798053282508633e+01
1.306598994586233520e+00,1.296348087604843791e+01
1.306615429234338821e+00,1.296944697990363338e+01
1.306631863882443678e+00,1.297546785302810157e+01
1.306648298530548979e+00,1.297993700687696617e+01
1.306664733178654059e+00,1.297965714615716237e+01
1.306681167826759360e+00,1.297937685972087252e+01
1.306697602474864439e+00,1.298204304358781869e+01
1.306714037122969740e+00,1.298670562397071748e+01
1.306730471771074820e+00,1.299136901900230612e+01
1.306746906419180121e+00,1.298242361155877234e+01
1.306763341067285200e+00,1.297278868875923941e+01
1.306779775715390501e+00,1.296652922359931104e+01
1.306796210363495803e+00,1.296821089858394771e+01
1.306812645011600660e+00,1.296989267021589853e+01
1.306829079659705961e+00,1.296762165126398791e+01
1.306845514307811040e+00,1.296317484566072764e+01
1.306861948955916342e+00,1.295872619198165054e+01
1.306878383604021421e+00,1.297193655366151788e+01
1.306894818252126722e+00,1.298524562187261999e+01
1.306911252900231801e+00,1.299446313684973831e+01
1.306927687548337103e+00,1.299587290378430993e+01
1.306944122196442404e+00,1.299728269031446715e+01
1.306960556844547483e+00,1.300200019995875067e+01
1.306976991492652784e+00,1.300818254709117205e+01
1.306993426140757641e+00,1.301398147412426454e+01
1.307009860788862943e+00,1.301109713107044463e+01
1.307026295436968022e+00,1.300821147955990931e+01
1.307042730085073323e+00,1.300305084172613235e+01
1.307059164733178402e+00,1.299435429600693581e+01
1.307075599381283704e+00,1.298565428251333742e+01
1.307092034029388783e+00,1.299103404768036540e+01
1.307108468677494084e+00,1.300134862847266781e+01
1.307124903325599385e+00,1.301118088360103364e+01
1.307141337973704465e+00,1.301608854342594057e+01
1.307157772621809766e+00,1.302099713511688428e+01
1.307174207269914623e+00,1.302386178772865399e+01
1.307190641918019924e+00,1.302410650852305807e+01
1.307207076566125004e+00,1.302435091104769960e+01
1.307223511214230305e+00,1.302834856820117437e+01
1.307239945862335384e+00,1.303336215190837066e+01
1.307256380510440685e+00,1.303769004575960366e+01
1.307272815158545987e+00,1.303764775106229479e+01
1.307289249806651066e+00,1.303760505224835597e+01
1.307305684454756367e+00,1.303472622527779379e+01
1.307322119102861446e+00,1.302882680085436462e+01
1.307338553750966748e+00,1.302292500185511592e+01
1.307354988399071605e+00,1.302446238747594798e+01
1.307371423047176906e+00,1.302749362009628342e+01
1.307387857695281985e+00,1.303085546816393503e+01
1.307404292343387286e+00,1.303570948702174448e+01
1.307420726991492588e+00,1.304056442377773095e+01
1.307437161639597667e+00,1.304564897027098525e+01
1.307453596287702968e+00,1.305093764848800042e+01
1.307470030935808047e+00,1.305622734703239551e+01
1.307486465583913349e+00,1.305301332421086435e+01
1.307502900232018206e+00,1.304861385570134047e+01
1.307519334880123729e+00,1.304641427057579683e+01
1.307535769528228586e+00,1.305175853040010736e+01
1.307552204176333888e+00,1.305710382331097641e+01
1.307568638824439189e+00,1.306094036373829681e+01
1.307585073472544268e+00,1.306365701155297643e+01
1.307601508120649569e+00,1.306637403606664805e+01
1.307617942768754649e+00,1.306803491425259267e+01
1.307634377416859950e+00,1.306960641432490533e+01
1.307650812064965029e+00,1.307142536897494978e+01
1.307667246713070330e+00,1.307391389114416391e+01
1.307683681361175188e+00,1.307640272877869947e+01
1.307700116009280489e+00,1.307818697995867652e+01
1.307716550657385790e+00,1.307953483410488360e+01
1.307732985305490869e+00,1.308088268920095665e+01
1.307749419953596171e+00,1.307868083389207925e+01
1.307765854601701250e+00,1.307635040965252671e+01
1.307782289249806551e+00,1.307356172569349084e+01
1.307798723897911630e+00,1.306976800437750796e+01
1.307815158546016931e+00,1.306597266810718949e+01
1.307831593194122011e+00,1.307027601478506362e+01
1.307848027842227312e+00,1.307874509494187443e+01
1.307864462490332613e+00,1.308717607236127201e+01
1.307880897138437470e+00,1.309059635452586789e+01
1.307897331786542772e+00,1.309401719646531603e+01
1.307913766434647851e+00,1.309590713483861713e+01
1.307930201082753152e+00,1.309501660352629848e+01
1.307946635730858231e+00,1.309412540989946905e+01
1.307963070378963533e+00,1.309055004698052649e+01
1.307979505027068612e+00,1.308583651754087818e+01
1.307995939675173913e+00,1.308122003270921141e+01
1.308012374323278992e+00,1.307849733340946941e+01
1.308028808971384294e+00,1.307577338382557208e+01
1.308045243619489595e+00,1.307746226063662220e+01
1.308061678267594452e+00,1.308586485928174525e+01
1.308078112915699753e+00,1.309426914305196732e+01
1.308094547563804833e+00,1.310104971253834805e+01
1.308110982211910134e+00,1.310727143216926649e+01
1.308127416860015213e+00,1.311308022405525975e+01
1.308143851508120514e+00,1.311473214100868923e+01
1.308160286156225594e+00,1.311638414383825513e+01
1.308176720804330895e+00,1.311833540304431267e+01
1.308193155452436196e+00,1.312067165948986158e+01
1.308209590100541275e+00,1.312300818932671831e+01
1.308226024748646577e+00,1.312456979467639329e+01
1.308242459396751434e+00,1.312591800740546155e+01
1.308258894044856735e+00,1.312726450495560826e+01
1.308275328692961814e+00,1.312859959560140588e+01
1.308291763341067115e+00,1.312993468310365408e+01
1.308308197989172195e+00,1.313052652690423727e+01
1.308324632637277496e+00,1.313030424078838720e+01
1.308341067285382575e+00,1.313008149711792605e+01
1.308357501933487876e+00,1.312965488267180980e+01
1.308373936581593178e+00,1.312918423619639796e+01
1.308390371229698257e+00,1.312903018396117005e+01
1.308406805877803558e+00,1.313042268279264491e+01
1.308423240525908415e+00,1.313181519481810966e+01
1.308439675174013717e+00,1.313103157122473164e+01
1.308456109822118796e+00,1.312820921140695596e+01
1.308472544470224097e+00,1.312538556935402845e+01
1.308488979118329176e+00,1.312656072421199838e+01
1.308505413766434478e+00,1.312837287527501928e+01
1.308521848414539779e+00,1.313021590568666319e+01
1.308538283062644858e+00,1.313217565619003935e+01
1.308554717710750159e+00,1.313413557758751438e+01
1.308571152358855239e+00,1.313836527484514249e+01
1.308587587006960540e+00,1.314441744401438328e+01
1.308604021655065397e+00,1.315047080226435483e+01
1.308620456303170698e+00,1.315061594724950034e+01
1.308636890951275777e+00,1.315010896732785106e+01
1.308653325599381079e+00,1.314921073085421632e+01
1.308669760247486380e+00,1.314711748953499715e+01
1.308686194895591459e+00,1.314502320639723898e+01
1.308702629543696760e+00,1.314905391720133387e+01
1.308719064191801840e+00,1.315730322721238288e+01
1.308735498839907141e+00,1.316611121435672516e+01
1.308751933488012220e+00,1.316914174457812869e+01
1.308768368136117521e+00,1.317177969559225481e+01
1.308784802784222379e+00,1.317446071030206767e+01
1.308801237432327680e+00,1.317725007127763170e+01
1.308817672080432981e+00,1.318003982220926673e+01
1.308834106728538060e+00,1.318129240990070095e+01
1.308850541376643362e+00,1.318163779918639200e+01
1.308866976024748441e+00,1.318198262060658266e+01
1.308883410672853742e+00,1.317959772083454695e+01
1.308899845320958821e+00,1.317713933469126530e+01
1.308916279969064123e+00,1.317582281586201276e+01
1.308932714617169202e+00,1.317693921242154786e+01
1.308949149265274503e+00,1.317805535179026144e+01
1.308965583913379804e+00,1.318328776782827561e+01
1.308982018561484661e+00,1.319059615764248505e+01
1.308998453209589963e+00,1.319776888709180618e+01
1.309014887857695042e+00,1.319138779408594964e+01
1.309031322505800343e+00,1.318500311830816152e+01
1.309047757153905422e+00,1.318373178258451439e+01
1.309064191802010724e+00,1.319175314238402663e+01
1.309080626450115803e+00,1.319977669172479828e+01
1.309097061098221104e+00,1.320354301918301232e+01
1.309113495746326405e+00,1.320548471531653867e+01
1.309129930394431485e+00,1.320733089735488086e+01
1.309146365042536786e+00,1.320714493857821736e+01
1.309162799690641643e+00,1.320695819450963349e+01
1.309179234338746944e+00,1.321002441732395738e+01
1.309195668986852024e+00,1.321818789342198563e+01
1.309212103634957325e+00,1.322635360088601253e+01
1.309228538283062404e+00,1.323107135491637365e+01
1.309244972931167705e+00,1.323454205627795410e+01
1.309261407579272785e+00,1.323790673649978267e+01
1.309277842227378086e+00,1.324002854445599020e+01
1.309294276875483387e+00,1.324215048600839495e+01
1.309310711523588466e+00,1.324445024526024461e+01
1.309327146171693768e+00,1.324699210185111298e+01
1.309343580819798625e+00,1.324953425209253766e+01
1.309360015467903926e+00,1.325107188389266533e+01
1.309376450116009005e+00,1.325230568566789024e+01
1.309392884764114307e+00,1.325276403390642166e+01
1.309409319412219386e+00,1.324708925819068739e+01
1.309425754060324687e+00,1.324141124587778329e+01
1.309442188708429988e+00,1.323997521367665264e+01
1.309458623356535067e+00,1.324359271921882275e+01
1.309475058004640369e+00,1.324721091910384985e+01
1.309491492652745448e+00,1.325207538539394392e+01
1.309507927300850749e+00,1.325725114365730839e+01
1.309524361948955606e+00,1.326141380228984801e+01
1.309540796597060908e+00,1.325958301104593495e+01
1.309557231245165987e+00,1.325775073929053072e+01
1.309573665893271288e+00,1.325700437877220139e+01
1.309590100541376367e+00,1.325739483168129063e+01
1.309606535189481669e+00,1.325778473511054756e+01
1.309622969837586970e+00,1.326561007220151289e+01
1.309639404485692049e+00,1.327493255042642417e+01
1.309655839133797350e+00,1.328245494493157963e+01
1.309672273781902430e+00,1.328156148778980672e+01
1.309688708430007731e+00,1.328066695015676046e+01
1.309705143078112588e+00,1.328056977862236643e+01
1.309721577726217889e+00,1.328120866361454411e+01
1.309738012374322969e+00,1.328184709882837033e+01
1.309754447022428270e+00,1.328544118170885646e+01
1.309770881670533571e+00,1.328950218688984108e+01
1.309787316318638650e+00,1.329276561483539076e+01
1.309803750966743952e+00,1.329297633771295750e+01
1.309820185614849031e+00,1.329318643747169126e+01
1.309836620262954332e+00,1.329356269555371739e+01
1.309853054911059189e+00,1.329407447402317821e+01
1.309869489559164490e+00,1.329458575155006628e+01
1.309885924207269570e+00,1.330188637716971201e+01
1.309902358855374871e+00,1.330999328026707751e+01
1.309918793503480172e+00,1.331697540107042776e+01
1.309935228151585251e+00,1.332033841436575550e+01
1.309951662799690553e+00,1.332370202485825317e+01
1.309968097447795632e+00,1.332759897708512753e+01
1.309984532095900933e+00,1.333188166938455410e+01
1.310000966744006012e+00,1.333616529130939554e+01
1.310017401392111314e+00,1.333629137157497624e+01
1.310033836040216171e+00,1.333607313128023719e+01
1.310050270688321472e+00,1.333568418957812973e+01
1.310066705336426773e+00,1.333482706709616217e+01
1.310083139984531853e+00,1.333396887960660671e+01
1.310099574632637154e+00,1.333416289685222544e+01
1.310116009280742233e+00,1.333503094017247470e+01
1.310132443928847534e+00,1.333589862452320496e+01
1.310148878576952614e+00,1.333266959566588028e+01
1.310165313225057915e+00,1.332923375192734028e+01
1.310181747873162994e+00,1.333083283471420444e+01
1.310198182521268295e+00,1.334446206661111134e+01
1.310214617169373597e+00,1.335809501512343012e+01
1.310231051817478454e+00,1.336462912307368001e+01
1.310247486465583755e+00,1.336713044623857094e+01
1.310263921113688834e+00,1.336963204323256704e+01
1.310280355761794135e+00,1.337063008051362800e+01
1.310296790409899215e+00,1.337159766584701792e+01
1.310313225058004516e+00,1.337289864377058457e+01
1.310329659706109595e+00,1.337489947664054135e+01
1.310346094354214896e+00,1.337690039243906703e+01
1.310362529002320198e+00,1.337887230950868656e+01
1.310378963650425277e+00,1.338082966117049644e+01
1.310395398298530578e+00,1.338271924954536196e+01
1.310411832946635435e+00,1.337570640739935079e+01
1.310428267594740737e+00,1.336868968585398321e+01
1.310444702242845816e+00,1.336730694914630035e+01
1.310461136890951117e+00,1.337640584078812367e+01
1.310477571539056196e+00,1.338550722860767372e+01
1.310494006187161498e+00,1.339183930437012293e+01
1.310510440835266577e+00,1.339693818254467317e+01
1.310526875483371878e+00,1.340169172756144533e+01
1.310543310131477179e+00,1.339657470280896590e+01
1.310559744779582259e+00,1.339145471632804529e+01
1.310576179427687560e+00,1.339110671456655943e+01
1.310592614075792417e+00,1.339868767716325948e+01
1.310609048723897718e+00,1.340627067028858121e+01
1.310625483372002797e+00,1.341161921833823101e+01
1.310641918020108099e+00,1.341608926850053152e+01
1.310658352668213178e+00,1.342047209633162730e+01
1.310674787316318479e+00,1.342346097420078443e+01
1.310691221964423780e+00,1.342645030630248471e+01
1.310707656612528860e+00,1.342909875046620982e+01
1.310724091260634161e+00,1.343123783868821697e+01
1.310740525908739240e+00,1.343337706091823947e+01
1.310756960556844541e+00,1.343495514935932178e+01
1.310773395204949399e+00,1.343633870624389637e+01
1.310789829853054700e+00,1.343752136585548485e+01
1.310806264501159779e+00,1.343652182304363585e+01
1.310822699149265080e+00,1.343552115577552897e+01
1.310839133797370160e+00,1.343769819918761499e+01
1.310855568445475461e+00,1.344416504878308771e+01
1.310872003093580762e+00,1.345063356718457293e+01
1.310888437741685841e+00,1.345202579698497125e+01
1.310904872389791143e+00,1.345187461942285800e+01
1.310921307037896222e+00,1.345121370322054588e+01
1.310937741686001523e+00,1.344635539288864479e+01
1.310954176334106380e+00,1.344149424543631000e+01
1.310970610982211682e+00,1.344065376798486255e+01
1.310987045630316761e+00,1.344474359388183160e+01
1.311003480278422062e+00,1.344883427393891751e+01
1.311019914926527363e+00,1.345373925819602690e+01
1.311036349574632442e+00,1.345886113381171434e+01
1.311052784222737744e+00,1.346399223152159230e+01
1.311069218870842823e+00,1.346917749224619598e+01
1.311085653518948124e+00,1.347436398949438541e+01
1.311102088167053203e+00,1.347458489641507207e+01
1.311118522815158505e+00,1.346925320852693453e+01
1.311134957463263362e+00,1.346391846218749500e+01
1.311151392111368663e+00,1.346566594641833348e+01
1.311167826759473964e+00,1.346904290381311498e+01
1.311184261407579044e+00,1.347210962458625261e+01
1.311200696055684345e+00,1.347346612517262088e+01
1.311217130703789424e+00,1.347482245692737379e+01
1.311233565351894725e+00,1.347759259698410617e+01
1.311249999999999805e+00,1.348180935199351183e+01
1.311266434648105106e+00,1.348602700427320045e+01
1.311282869296210185e+00,1.349094975892236903e+01
1.311299303944315486e+00,1.349601293648440326e+01
1.311315738592420788e+00,1.350024688026084263e+01
1.311332173240525645e+00,1.350057521409727102e+01
1.311348607888630946e+00,1.349630560322509787e+01
1.311365042536736025e+00,1.349416960478084704e+01
1.311381477184841327e+00,1.349479903235247669e+01
1.311397911832946406e+00,1.349542608725128368e+01
1.311414346481051707e+00,1.349187991027375411e+01
1.311430781129156786e+00,1.348763136180479449e+01
1.311447215777262087e+00,1.348348871118130710e+01
1.311463650425367389e+00,1.347978127275055016e+01
1.311480085073472468e+00,1.347607323945050162e+01
1.311496519721577769e+00,1.347388603028638521e+01
1.311512954369682626e+00,1.347301318997523190e+01
1.311529389017787928e+00,1.347213861175035277e+01
1.311545823665893007e+00,1.346782520580040199e+01
1.311562258313998308e+00,1.346302578611753553e+01
1.311578692962103387e+00,1.345912735348234790e+01
1.311595127610208689e+00,1.345849619871215985e+01
1.311611562258313990e+00,1.345786319901380246e+01
1.311627996906419069e+00,1.345578451567212497e+01
1.311644431554524370e+00,1.345255131999195264e+01
1.311660866202629450e+00,1.344931734047666438e+01
1.311677300850734751e+00,1.344447846281499004e+01
1.311693735498839608e+00,1.343945257851566488e+01
1.311710170146944909e+00,1.343507994929252902e+01
1.311726604795049989e+00,1.343282983054410984e+01
1.311743039443155290e+00,1.343057853316677885e+01
1.311759474091260369e+00,1.342817046120889124e+01
1.311775908739365670e+00,1.342564620987039703e+01
1.311792343387470972e+00,1.342312088887163313e+01
1.311808778035576051e+00,1.341969600882056390e+01
1.311825212683681352e+00,1.341618620459373901e+01
1.311841647331786431e+00,1.341108739512831072e+01
1.311858081979891733e+00,1.340131676627741975e+01
1.311874516627996590e+00,1.339154767608809316e+01
1.311890951276101891e+00,1.338428171103121578e+01
1.311907385924206970e+00,1.337857296728916445e+01
1.311923820572312271e+00,1.337276851441308878e+01
1.311940255220417573e+00,1.337486447885617302e+01
1.311956689868522652e+00,1.337753223231612409e+01
1.311973124516627953e+00,1.337929662253364071e+01
1.311989559164733032e+00,1.337864151564268411e+01
1.312005993812838334e+00,1.337798446468818270e+01
1.312022428460943413e+00,1.337461062388410404e+01
1.312038863109048714e+00,1.336950262301705195e+01
1.312055297757153571e+00,1.336439464750912975e+01
1.312071732405258873e+00,1.335303981570187659e+01
1.312088167053363952e+00,1.334135336187387999e+01
1.312104601701469253e+00,1.333365209784565764e+01
1.312121036349574554e+00,1.333579415682673464e+01
1.312137470997679634e+00,1.333793289875154997e+01
1.312153905645784935e+00,1.333245330599302925e+01
1.312170340293890014e+00,1.332244112162478977e+01
1.312186774941995315e+00,1.331243086486484017e+01
1.312203209590100172e+00,1.331395736420445708e+01
1.312219644238205474e+00,1.331589294931007750e+01
1.312236078886310553e+00,1.331751408479023091e+01
1.312252513534415854e+00,1.331841993814130731e+01
1.312268948182521155e+00,1.331932307820082073e+01
1.312285382830626235e+00,1.331735660630271667e+01
1.312301817478731536e+00,1.331379416727169662e+01
1.312318252126836615e+00,1.331023109202740606e+01
1.312334686774941916e+00,1.330005077697515148e+01
1.312351121423046996e+00,1.328974407294230886e+01
1.312367556071152297e+00,1.327821134771985534e+01
1.312383990719257154e+00,1.326406308263668876e+01
1.312400425367362455e+00,1.324991814668627121e+01
1.312416860015467757e+00,1.325095003205150412e+01
1.312433294663572836e+00,1.325988230171598303e+01
1.312449729311678137e+00,1.326880747170049801e+01
1.312466163959783216e+00,1.327021055197781862e+01
1.312482598607888518e+00,1.327157727564667589e+01
1.312499033255993597e+00,1.327154852111987182e+01
1.312515467904098898e+00,1.326873693813368504e+01
1.312531902552203977e+00,1.326592438004193220e+01
1.312548337200309279e+00,1.326269910504513128e+01
1.312564771848414580e+00,1.325927173276505400e+01
1.312581206496519437e+00,1.325583904464388674e+01
1.312597641144624738e+00,1.325192263147701688e+01
1.312614075792729817e+00,1.324800573254241876e+01
1.312630510440835119e+00,1.324313342985044528e+01
1.312646945088940198e+00,1.323646616089979489e+01
1.312663379737045499e+00,1.322979956750590880e+01
1.312679814385150578e+00,1.322722327001582521e+01
1.312696249033255880e+00,1.322652676620875667e+01
1.312712683681361181e+00,1.322577472015165156e+01
1.312729118329466260e+00,1.322269307234883939e+01
1.312745552977571561e+00,1.321961056541442403e+01
1.312761987625676419e+00,1.321634522959540092e+01
1.312778422273781720e+00,1.321275569988172549e+01
1.312794856921886799e+00,1.320916553731829524e+01
1.312811291569992100e+00,1.320204863603108514e+01
1.312827726218097180e+00,1.319340337404742591e+01
1.312844160866202481e+00,1.318464210295183392e+01
1.312860595514307782e+00,1.317262439458068357e+01
1.312877030162412861e+00,1.316060937844457790e+01
1.312893464810518163e+00,1.315334372105776595e+01
1.312909899458623242e+00,1.315409000149158381e+01
1.312926334106728543e+00,1.315483359754819759e+01
1.312942768754833400e+00,1.315615807458028108e+01
1.312959203402938702e+00,1.315771884414082038e+01
1.312975638051043781e+00,1.315896375325931267e+01
1.312992072699149082e+00,1.315375720325441300e+01
1.313008507347254161e+00,1.314855072748358822e+01
1.313024941995359463e+00,1.314334906654497281e+01
1.313041376643464764e+00,1.313815510632344719e+01
1.313057811291569843e+00,1.313296121609002398e+01
1.313074245939675144e+00,1.313137946036816572e+01
1.313090680587780223e+00,1.313119963413893743e+01
1.313107115235885525e+00,1.313075171008958897e+01
1.313123549883990382e+00,1.312589671932841817e+01
1.313139984532095683e+00,1.312104165152348223e+01
1.313156419180200762e+00,1.311554246295295023e+01
1.313172853828306064e+00,1.310905156312053421e+01
1.313189288476411365e+00,1.310256128300849099e+01
1.313205723124516444e+00,1.309998913071846971e+01
1.313222157772621745e+00,1.309886274368368220e+01
1.313238592420726825e+00,1.309785011747035810e+01
1.313255027068832126e+00,1.309845012141330756e+01
1.313271461716937205e+00,1.309904748292949783e+01
1.313287896365042506e+00,1.309871710591785110e+01
1.313304331013147364e+00,1.309701590311663466e+01
1.313320765661252665e+00,1.309531318101231534e+01
1.313337200309357744e+00,1.309209646893704715e+01
1.313353634957463045e+00,1.308834658976971355e+01
1.313370069605568347e+00,1.308458432051994969e+01
1.313386504253673426e+00,1.308067751553209312e+01
1.313402938901778727e+00,1.307677021033802767e+01
1.313419373549883806e+00,1.307312236859481658e+01
1.313435808197989108e+00,1.306984479591156756e+01
1.313452242846094187e+00,1.306656643611914603e+01
1.313468677494199488e+00,1.306179236111947617e+01
1.313485112142304345e+00,1.305651502739133818e+01
1.313501546790409646e+00,1.305106281311362437e+01
1.313517981438514948e+00,1.304370642430565219e+01
1.313534416086620027e+00,1.303635102171197602e+01
1.313550850734725328e+00,1.302794351903657422e+01
1.313567285382830407e+00,1.301808387349727347e+01
1.313583720030935709e+00,1.300822620741347535e+01
1.313600154679040788e+00,1.300391865133458502e+01
1.313616589327146089e+00,1.300140213271591527e+01
1.313633023975251168e+00,1.299974388162805994e+01
1.313649458623356470e+00,1.300660729304711438e+01
1.313665893271461771e+00,1.301346459410143197e+01
1.313682327919566628e+00,1.301475266314537826e+01
1.313698762567671929e+00,1.300858209414845135e+01
1.313715197215777009e+00,1.300241201993863882e+01
1.313731631863882310e+00,1.299684032314871729e+01
1.313748066511987389e+00,1.299145470846300832e+01
1.313764501160092690e+00,1.298632909030171767e+01
1.313780935808197770e+00,1.298358705862537299e+01
1.313797370456303071e+00,1.298084398340322920e+01
1.313813805104408372e+00,1.297600285872584180e+01
1.313830239752513451e+00,1.296815371326521671e+01
1.313846674400618753e+00,1.296030620340701311e+01
1.313863109048723610e+00,1.295639146934951391e+01
1.313879543696828911e+00,1.295365735147719555e+01
1.313895978344933990e+00,1.295023849171251307e+01
1.313912412993039291e+00,1.294093844654689995e+01
1.313928847641144371e+00,1.293164074762495197e+01
1.313945282289249672e+00,1.292813541190671778e+01
1.313961716937354973e+00,1.293201802156072588e+01
1.313978151585460052e+00,1.293589560468233479e+01
1.313994586233565354e+00,1.293437182909686101e+01
1.314011020881670433e+00,1.293127369150987782e+01
1.314027455529775734e+00,1.292829040090223813e+01
1.314043890177880591e+00,1.292624985794523873e+01
1.314060324825985893e+00,1.292420786169141600e+01
1.314076759474090972e+00,1.291983803645531736e+01
1.314093194122196273e+00,1.291255665065862246e+01
1.314109628770301574e+00,1.290527662597781777e+01
1.314126063418406654e+00,1.289706823948066727e+01
1.314142498066511955e+00,1.288859768869250111e+01
1.314158932714617034e+00,1.288099784670714953e+01
1.314175367362722335e+00,1.288018154231818713e+01
1.314191802010827415e+00,1.287936307354363130e+01
1.314208236658932716e+00,1.287856256455214066e+01
1.314224671307037573e+00,1.287778466194095905e+01
1.314241105955142874e+00,1.287700456747512057e+01
1.314257540603248176e+00,1.287107059112090823e+01
1.314273975251353255e+00,1.286370645728848849e+01
1.314290409899458556e+00,1.285722892473988210e+01
1.314306844547563635e+00,1.285743475966060601e+01
1.314323279195668936e+00,1.285763781270572004e+01
1.314339713843774016e+00,1.285508875976969811e+01
1.314356148491879317e+00,1.284919663803936984e+01
1.314372583139984174e+00,1.284330516796514310e+01
1.314389017788089475e+00,1.283511825698989028e+01
1.314405452436194555e+00,1.282630640587033710e+01
1.314421887084299856e+00,1.281801812429959675e+01
1.314438321732405157e+00,1.281356795678209792e+01
1.314454756380510236e+00,1.280911767200827001e+01
1.314471191028615538e+00,1.280616960168202745e+01
1.314487625676720617e+00,1.280502917283759423e+01
1.314504060324825918e+00,1.280388675103399443e+01
1.314520494972930997e+00,1.279971917556416194e+01
1.314536929621036299e+00,1.279473656427135353e+01
1.314553364269141156e+00,1.278968099803976699e+01
1.314569798917246457e+00,1.278409719236029041e+01
1.314586233565351536e+00,1.277851388052528492e+01
1.314602668213456838e+00,1.277363455529467551e+01
1.314619102861562139e+00,1.276959683892769348e+01
1.314635537509667218e+00,1.276555877709243347e+01
1.314651972157772519e+00,1.275224692685140049e+01
1.314668406805877598e+00,1.273646001942450035e+01
1.314684841453982900e+00,1.272286683993567102e+01
1.314701276102087979e+00,1.272493924296293244e+01
1.314717710750193280e+00,1.272700768652820358e+01
1.314734145398298137e+00,1.273013923353333965e+01
1.314750580046403439e+00,1.273453802315266437e+01
1.314767014694508740e+00,1.273893134306711339e+01
1.314783449342613819e+00,1.273096785410743870e+01
1.314799883990719120e+00,1.271971383724095972e+01
1.314816318638824200e+00,1.270958192357561067e+01
1.314832753286929501e+00,1.270743573830127104e+01
1.314849187935034580e+00,1.270528813230278153e+01
1.314865622583139881e+00,1.270407520116132716e+01
1.314882057231244961e+00,1.270397605571697319e+01
1.314898491879350262e+00,1.270387427138157221e+01
1.314914926527455563e+00,1.270337054994987902e+01
1.314931361175560420e+00,1.270275785789759304e+01
1.314947795823665722e+00,1.270170810258300342e+01
1.314964230471770801e+00,1.269753881901115200e+01
1.314980665119876102e+00,1.269336925645140468e+01
1.314997099767981181e+00,1.268870230327901361e+01
1.315013534416086483e+00,1.268344079783289402e+01
1.315029969064191562e+00,1.267817961496170476e+01
1.315046403712296863e+00,1.267236557223021975e+01
1.315062838360402164e+00,1.266640353977993350e+01
1.315079273008507244e+00,1.266077584020036717e+01
1.315095707656612545e+00,1.265757105579142383e+01
1.315112142304717402e+00,1.265436544774271965e+01
1.315128576952822703e+00,1.264864599850646876e+01
1.315145011600927782e+00,1.263990237589372789e+01
1.315161446249033084e+00,1.263116090603232600e+01
1.315177880897138163e+00,1.262861929996012478e+01
1.315194315545243464e+00,1.262775955369442116e+01
1.315210750193348765e+00,1.262626420353207202e+01
1.315227184841453845e+00,1.262007487231271696e+01
1.315243619489559146e+00,1.261388636998379376e+01
1.315260054137664225e+00,1.260448170572447957e+01
1.315276488785769526e+00,1.259116930829620529e+01
1.315292923433874384e+00,1.257786125445889525e+01
1.315309358081979685e+00,1.257911605815729139e+01
1.315325792730084764e+00,1.258438362774400865e+01
1.315342227378190065e+00,1.258901409332227672e+01
1.315358662026295367e+00,1.258882900818098349e+01
1.315375096674400446e+00,1.258864130065827247e+01
1.315391531322505747e+00,1.258529073775548390e+01
1.315407965970610826e+00,1.257804909135534999e+01
1.315424400618716128e+00,1.257080883747731903e+01
1.315440835266821207e+00,1.256473835721487298e+01
1.315457269914926508e+00,1.255899760404714804e+01
1.315473704563031365e+00,1.255404846466064406e+01
1.315490139211136666e+00,1.255535441888698855e+01
1.315506573859241968e+00,1.255665681123137745e+01
1.315523008507347047e+00,1.255347912425635926e+01
1.315539443155452348e+00,1.254469978884207215e+01
1.315555877803557427e+00,1.253592264851694615e+01
1.315572312451662729e+00,1.253222779982396240e+01
1.315588747099767808e+00,1.252999879719409115e+01
1.315605181747873109e+00,1.252731042693508456e+01
1.315621616395978188e+00,1.252082951172224767e+01
1.315638051044083490e+00,1.251434959196799923e+01
1.315654485692188347e+00,1.250920219019773683e+01
1.315670920340293648e+00,1.250575365438836073e+01
1.315687354988398949e+00,1.250230442302924594e+01
1.315703789636504029e+00,1.249407406283956412e+01
1.315720224284609330e+00,1.248442537655746776e+01
1.315736658932714409e+00,1.247533295411122367e+01
1.315753093580819710e+00,1.247109427787091462e+01
1.315769528228924790e+00,1.246685536041682951e+01
1.315785962877030091e+00,1.246634271886345147e+01
1.315802397525135170e+00,1.247069045951595534e+01
1.315818832173240471e+00,1.247503261115504536e+01
1.315835266821345328e+00,1.247422609142457617e+01
1.315851701469450630e+00,1.247183854905531852e+01
1.315868136117555931e+00,1.246913863130758493e+01
1.315884570765661010e+00,1.246351833330902359e+01
1.315901005413766311e+00,1.245789856423656161e+01
1.315917440061871391e+00,1.245108887490229321e+01
1.315933874709976692e+00,1.244268586142333533e+01
1.315950309358081771e+00,1.243428487438623797e+01
1.315966744006187072e+00,1.243224604692112401e+01
1.315983178654292152e+00,1.243223116379330939e+01
1.315999613302397453e+00,1.243190914049707274e+01
1.316016047950502754e+00,1.242848308179856076e+01
1.316032482598607611e+00,1.242505630489122304e+01
1.316048917246712913e+00,1.242049230146661998e+01
1.316065351894817992e+00,1.241436026077445121e+01
1.316081786542923293e+00,1.240822903549226375e+01
1.316098221191028372e+00,1.240084362261332096e+01
1.316114655839133674e+00,1.239304354419308751e+01
1.316131090487238753e+00,1.238559943592976254e+01
1.316147525135344054e+00,1.238214142579107957e+01
1.316163959783449355e+00,1.237868271605245241e+01
1.316180394431554435e+00,1.237618778371809114e+01
1.316196829079659736e+00,1.237506648728263947e+01
1.316213263727764593e+00,1.237394308702880252e+01
1.316229698375869894e+00,1.237154331605380087e+01
1.316246133023974973e+00,1.236870079953825297e+01
1.316262567672080275e+00,1.236582083231531470e+01
1.316279002320185354e+00,1.236247832971150729e+01
1.316295436968290655e+00,1.235913505380672639e+01
1.316311871616395957e+00,1.235578039494416380e+01
1.316328306264501036e+00,1.235240928217997514e+01
1.316344740912606337e+00,1.234903741125972054e+01
1.316361175560711416e+00,1.234543346831459765e+01
1.316377610208816717e+00,1.234174493084119639e+01
1.316394044856921575e+00,1.233779484961135609e+01
1.316410479505026876e+00,1.233001330919075400e+01
1.316426914153131955e+00,1.232223349163186832e+01
1.316443348801237256e+00,1.231555623277206912e+01
1.316459783449342558e+00,1.231057427158651407e+01
1.316476218097447637e+00,1.230559248698469510e+01
1.316492652745552938e+00,1.229902698625200408e+01
1.316509087393658017e+00,1.229185818639233219e+01
1.316525522041763319e+00,1.228486855694447577e+01
1.316541956689868398e+00,1.228101765013306590e+01
1.316558391337973699e+00,1.227716626674600597e+01
1.316574825986078556e+00,1.227427219621749188e+01
1.316591260634183858e+00,1.227291698796300601e+01
1.316607695282289159e+00,1.227155979723752388e+01
1.316624129930394238e+00,1.226396466101588167e+01
1.316640564578499539e+00,1.225386241007740828e+01
1.316656999226604619e+00,1.224426352068838142e+01
1.316673433874709920e+00,1.224589159426840368e+01
1.316689868522814999e+00,1.224751577876836528e+01
1.316706303170920300e+00,1.224795393055523007e+01
1.316722737819025157e+00,1.224639572910538199e+01
1.316739172467130459e+00,1.224483566173295301e+01
1.316755607115235982e+00,1.224067246066143078e+01
1.316772041763340839e+00,1.223540309960514350e+01
1.316788476411446140e+00,1.223023647165428862e+01
1.316804911059551220e+00,1.222827662676136740e+01
1.316821345707656521e+00,1.222631515855520945e+01
1.316837780355761600e+00,1.222052202570915647e+01
1.316854215003866901e+00,1.220792745992609518e+01
1.316870649651971981e+00,1.219533711237977869e+01
1.316887084300077282e+00,1.219273630322630630e+01
1.316903518948182139e+00,1.219463239910877661e+01
1.316919953596287440e+00,1.219638550558603463e+01
1.316936388244392742e+00,1.219073203699000985e+01
1.316952822892497821e+00,1.218507913253101371e+01
1.316969257540603122e+00,1.217915456877758373e+01
1.316985692188708201e+00,1.217271950930152791e+01
1.317002126836813503e+00,1.216628545898970337e+01
1.317018561484918582e+00,1.216298530319757809e+01
1.317034996133023883e+00,1.216118347681416800e+01
1.317051430781128962e+00,1.215938235668593848e+01
1.317067865429234264e+00,1.215805487753974212e+01
1.317084300077339121e+00,1.215672536938854265e+01
1.317100734725444422e+00,1.215212657422478593e+01
1.317117169373549723e+00,1.214100835164360959e+01
1.317133604021654802e+00,1.212989364854118435e+01
1.317150038669760104e+00,1.212297949708653810e+01
1.317166473317865183e+00,1.211820484806913356e+01
1.317182907965970484e+00,1.211343025995196321e+01
1.317199342614075563e+00,1.210935048615787757e+01
1.317215777262180865e+00,1.210527671900093161e+01
1.317232211910285944e+00,1.210358572005816313e+01
1.317248646558391245e+00,1.210696978076575725e+01
1.317265081206496546e+00,1.211034869850167794e+01
1.317281515854601404e+00,1.210872305739419019e+01
1.317297950502706705e+00,1.210437713926260805e+01
1.317314385150811784e+00,1.210003102432692046e+01
1.317330819798917085e+00,1.209521412702559040e+01
1.317347254447022165e+00,1.209038573022352381e+01
1.317363689095127466e+00,1.208534137392419083e+01
1.317380123743232545e+00,1.207980316191597758e+01
1.317396558391337846e+00,1.207426545357767722e+01
1.317412993039443148e+00,1.207172510446882896e+01
1.317429427687548227e+00,1.207092592248740281e+01
1.317445862335653528e+00,1.207012435261066408e+01
1.317462296983758385e+00,1.206425774753745372e+01
1.317478731631863687e+00,1.205818252738411189e+01
1.317495166279968766e+00,1.205310338172274243e+01
1.317511600928074067e+00,1.205048196379169134e+01
1.317528035576179146e+00,1.204785929939459521e+01
1.317544470224284447e+00,1.204455566630297625e+01
1.317560904872389749e+00,1.204082755285344497e+01
1.317577339520494828e+00,1.203709886807474660e+01
1.317593774168600129e+00,1.203164121686337396e+01
1.317610208816705208e+00,1.202608103266301853e+01
1.317626643464810510e+00,1.202031741456172043e+01
1.317643078112915367e+00,1.201400691052714187e+01
1.317659512761020668e+00,1.200769736115595165e+01
1.317675947409125747e+00,1.200158518505955740e+01
1.317692382057231049e+00,1.199568954827497080e+01
1.317708816705336350e+00,1.198989499081753962e+01
1.317725251353441429e+00,1.198361505423345363e+01
1.317741686001546730e+00,1.197729735093963299e+01
1.317758120649651810e+00,1.197322538089182942e+01
1.317774555297757111e+00,1.197575206921406554e+01
1.317790989945862190e+00,1.197827432746662879e+01
1.317807424593967491e+00,1.197710831060622994e+01
1.317823859242072349e+00,1.197328497724883256e+01
1.317840293890177650e+00,1.196946111898214760e+01
1.317856728538282951e+00,1.196401469841138088e+01
1.317873163186388030e+00,1.195840483537034515e+01
1.317889597834493332e+00,1.195253150761100791e+01
1.317906032482598411e+00,1.194580145236666446e+01
1.317922467130703712e+00,1.193907250172017953e+01
1.317938901778808791e+00,1.193120575085139734e+01
1.317955336426914092e+00,1.192245453643172759e+01
1.317971771075019172e+00,1.191370550394837657e+01
1.317988205723124473e+00,1.191630450971002375e+01
1.318004640371229774e+00,1.192031135250040563e+01
1.318021075019334631e+00,1.192125822475222918e+01
1.318037509667439933e+00,1.191112643999686860e+01
1.318053944315545012e+00,1.190099754690730904e+01
1.318070378963650313e+00,1.189590908824968807e+01
1.318086813611755392e+00,1.189506133786392361e+01
1.318103248259860694e+00,1.189421127486960472e+01
1.318119682907965773e+00,1.189486103480777679e+01
1.318136117556071074e+00,1.189573279503508196e+01
1.318152552204176153e+00,1.189489634799916296e+01
1.318168986852281455e+00,1.188707180632393445e+01
1.318185421500386756e+00,1.187924896840080535e+01
1.318201856148491613e+00,1.186909403921952055e+01
1.318218290796596914e+00,1.185681028352229838e+01
1.318234725444701994e+00,1.184453049948357872e+01
1.318251160092807295e+00,1.184415981888160196e+01
1.318267594740912374e+00,1.184590308709051776e+01
1.318284029389017675e+00,1.184707974384058460e+01
1.318300464037122754e+00,1.184560603065612128e+01
1.318316898685228056e+00,1.184413037583203199e+01
1.318333333333333135e+00,1.184102729317205771e+01
1.318349767981438436e+00,1.183630809549342011e+01
1.318366202629543738e+00,1.183158888538950215e+01
1.318382637277648595e+00,1.182678572827073715e+01
1.318399071925753896e+00,1.182196513479572708e+01
1.318415506573858975e+00,1.181728275307104603e+01
1.318431941221964276e+00,1.181336103370000679e+01
1.318448375870069356e+00,1.180943883825482033e+01
1.318464810518174657e+00,1.180588820200460098e+01
1.318481245166279736e+00,1.180274038892434696e+01
1.318497679814385037e+00,1.179959163997560623e+01
1.318514114462490339e+00,1.179663132941094084e+01
1.318530549110595418e+00,1.179371569413496346e+01
1.318546983758700719e+00,1.179024199290983788e+01
1.318563418406805576e+00,1.178308129324368814e+01
1.318579853054910878e+00,1.177592195851043400e+01
1.318596287703015957e+00,1.177191024865258662e+01
1.318612722351121258e+00,1.177163612017157490e+01
1.318629156999226337e+00,1.177135927665887216e+01
1.318645591647331639e+00,1.176703005864219342e+01
1.318662026295436940e+00,1.176157550213386394e+01
1.318678460943542019e+00,1.175527690525421853e+01
1.318694895591647320e+00,1.174200645954139688e+01
1.318711330239752400e+00,1.172874052568323933e+01
1.318727764887857701e+00,1.172220493786265649e+01
1.318744199535962558e+00,1.172446018189291017e+01
1.318760634184067859e+00,1.172671105035187544e+01
1.318777068832172938e+00,1.172854102617129257e+01
1.318793503480278240e+00,1.173023451417155272e+01
1.318809938128383541e+00,1.173146195342504505e+01
1.318826372776488620e+00,1.172764733341296228e+01
1.318842807424593921e+00,1.172383216400987926e+01
1.318859242072699001e+00,1.171688948291480692e+01
1.318875676720804302e+00,1.170543340356561757e+01
1.318892111368909159e+00,1.169398097243241530e+01
1.318908546017014682e+00,1.169011097825932843e+01
1.318924980665119540e+00,1.168887802955824817e+01
1.318941415313224841e+00,1.168772898937607962e+01
1.318957849961330142e+00,1.168794756195341833e+01
1.318974284609435221e+00,1.168816285398000332e+01
1.318990719257540523e+00,1.168485763379775122e+01
1.319007153905645602e+00,1.167591152929229104e+01
1.319023588553750903e+00,1.166696808380899242e+01
1.319040023201855982e+00,1.166259076782938564e+01
1.319056457849961284e+00,1.166008728772505698e+01
1.319072892498066141e+00,1.165756362825054637e+01
1.319089327146171442e+00,1.165449826625945740e+01
1.319105761794276743e+00,1.165143186579036794e+01
1.319122196442381822e+00,1.164823393282589059e+01
1.319138631090487124e+00,1.164480128719121232e+01
1.319155065738592203e+00,1.164136784486459675e+01
1.319171500386697504e+00,1.163250929474159356e+01
1.319187935034802583e+00,1.162113259742076288e+01
1.319204369682907885e+00,1.160979509348663541e+01
1.319220804331012964e+00,1.160336998074100734e+01
1.319237238979118265e+00,1.159694600653748253e+01
1.319253673627223566e+00,1.159199695203648695e+01
1.319270108275328424e+00,1.159002030008937112e+01
1.319286542923433725e+00,1.158804187191266166e+01
1.319302977571538804e+00,1.158553818048486939e+01
1.319319412219644105e+00,1.158275831225023644e+01
1.319335846867749185e+00,1.158054960068680295e+01
1.319352281515854486e+00,1.157835879573145199e+01
1.319368716163959565e+00,1.157610066983150965e+01
1.319385150812064866e+00,1.157573738417290876e+01
1.319401585460169946e+00,1.157971385384839813e+01
1.319418020108275247e+00,1.158369012147991128e+01
1.319434454756380548e+00,1.158596897377650237e+01
1.319450889404485405e+00,1.158724206346972174e+01
1.319467324052590707e+00,1.158851508627989091e+01
1.319483758700695786e+00,1.158990406553008512e+01
1.319500193348801087e+00,1.159129884776797326e+01
1.319516627996906166e+00,1.159107958049719755e+01
1.319533062645011467e+00,1.158661876569885685e+01
1.319549497293116547e+00,1.158215787124476215e+01
1.319565931941221848e+00,1.158187962936966819e+01
1.319582366589326927e+00,1.158439744262862980e+01
1.319598801237432228e+00,1.158691513783690219e+01
1.319615235885537530e+00,1.158772568756635479e+01
1.319631670533642387e+00,1.158839374322069204e+01
1.319648105181747688e+00,1.158857646069546199e+01
1.319664539829852767e+00,1.158727573643891695e+01
1.319680974477958069e+00,1.158597498997509057e+01
1.319697409126063148e+00,1.158139838620449957e+01
1.319713843774168449e+00,1.157434997973285995e+01
1.319730278422273528e+00,1.156730135488656153e+01
1.319746713070378830e+00,1.157047275649039442e+01
1.319763147718484131e+00,1.157486390337167492e+01
1.319779582366589210e+00,1.157839329518753679e+01
1.319796017014694511e+00,1.157880618449530274e+01
1.319812451662799369e+00,1.157921903087077276e+01
1.319828886310904670e+00,1.157900642414854353e+01
1.319845320959009749e+00,1.157826058782488587e+01
1.319861755607115050e+00,1.157751472661469094e+01
1.319878190255220130e+00,1.157790632916065121e+01
1.319894624903325431e+00,1.157847863271477351e+01
1.319911059551430732e+00,1.157726991260647686e+01
1.319927494199535811e+00,1.156825959305466256e+01
1.319943928847641113e+00,1.155924889508813536e+01
1.319960363495746192e+00,1.155248852342007382e+01
1.319976798143851493e+00,1.154790055647385216e+01
1.319993232791956350e+00,1.154331250573693346e+01
1.320009667440061651e+00,1.154483131157284248e+01
1.320026102088166731e+00,1.154758644593797712e+01
1.320042536736272032e+00,1.155076116712808698e+01
1.320058971384377333e+00,1.155623513740995101e+01
1.320075406032482412e+00,1.156170879037876453e+01
1.320091840680587714e+00,1.156626370762893252e+01
1.320108275328692793e+00,1.156981151200702662e+01
1.320124709976798094e+00,1.157335914079404660e+01
1.320141144624903173e+00,1.157221566867695728e+01
1.320157579273008475e+00,1.156989625820996004e+01
1.320174013921113332e+00,1.156720991133011900e+01
1.320190448569218633e+00,1.156188428177388694e+01
1.320206883217323934e+00,1.155655853650265286e+01
1.320223317865429014e+00,1.155535103783836526e+01
1.320239752513534315e+00,1.155929185092751688e+01
1.320256187161639394e+00,1.156323246302583563e+01
1.320272621809744695e+00,1.155998299989754408e+01
1.320289056457849775e+00,1.155454586323714672e+01
1.320305491105955076e+00,1.154934929778809227e+01
1.320321925754060155e+00,1.154661929438679913e+01
1.320338360402165456e+00,1.154388925885763584e+01
1.320354795050270758e+00,1.154324888603853871e+01
1.320371229698375615e+00,1.154560283777177609e+01
1.320387664346480916e+00,1.154795667855221630e+01
1.320404098994585995e+00,1.154688171214672998e+01
1.320420533642691296e+00,1.154455793742246428e+01
1.320436968290796376e+00,1.154237744815418409e+01
1.320453402938901677e+00,1.154266106001841408e+01
1.320469837587006756e+00,1.154294463169669349e+01
1.320486272235112057e+00,1.154434358226628277e+01
1.320502706883217359e+00,1.154758691896745404e+01
1.320519141531322438e+00,1.155083009780799941e+01
1.320535576179427739e+00,1.155267387014850655e+01
1.320552010827532596e+00,1.155391386699192502e+01
1.320568445475637898e+00,1.155502384967096852e+01
1.320584880123742977e+00,1.154984022721167314e+01
1.320601314771848278e+00,1.154465649646985703e+01
1.320617749419953357e+00,1.154204052694796800e+01
1.320634184068058659e+00,1.154436928567350229e+01
1.320650618716163738e+00,1.154669793435359715e+01
1.320667053364269039e+00,1.154959802612510877e+01
1.320683488012374340e+00,1.155278807778317329e+01
1.320699922660479420e+00,1.155597797439608243e+01
1.320716357308584721e+00,1.155432214141152159e+01
1.320732791956689578e+00,1.155259102965994522e+01
1.320749226604794879e+00,1.155108324701452283e+01
1.320765661252899958e+00,1.155008190910969468e+01
1.320782095901005260e+00,1.154908054830420561e+01
1.320798530549110339e+00,1.154884930193866843e+01
1.320814965197215640e+00,1.154907569181266780e+01
1.320831399845320719e+00,1.154930204258544357e+01
1.320847834493426021e+00,1.154792119611230206e+01
1.320864269141531322e+00,1.154645287245267582e+01
1.320880703789636401e+00,1.154559912896420037e+01
1.320897138437741702e+00,1.154641196223971811e+01
1.320913573085846560e+00,1.154722474204390537e+01
1.320930007733951861e+00,1.154638506625598637e+01
1.320946442382056940e+00,1.154439889759277449e+01
1.320962877030162241e+00,1.154241270562553900e+01
1.320979311678267321e+00,1.154281705831713545e+01
1.320995746326372622e+00,1.154345425878447884e+01
1.321012180974477923e+00,1.154417967124485855e+01
1.321028615622583002e+00,1.154519718824066210e+01
1.321045050270688304e+00,1.154621464567990152e+01
1.321061484918793383e+00,1.154618517074114514e+01
1.321077919566898684e+00,1.154530832356109116e+01
1.321094354215003541e+00,1.154443145274404792e+01
1.321110788863108843e+00,1.154437416782115200e+01
1.321127223511213922e+00,1.154443579195209502e+01
1.321143658159319223e+00,1.154435549273075168e+01
1.321160092807424524e+00,1.154368494654028510e+01
1.321176527455529603e+00,1.154301437496521210e+01
1.321192962103634905e+00,1.154247443879427415e+01
1.321209396751739984e+00,1.154205790699830914e+01
1.321225831399845285e+00,1.154164134692512178e+01
1.321242266047950142e+00,1.153507500319323320e+01
1.321258700696055444e+00,1.152728895596678527e+01
1.321275135344160523e+00,1.152043733754280730e+01
1.321291569992265824e+00,1.151869074965118678e+01
1.321308004640371125e+00,1.151694413990130883e+01
1.321324439288476205e+00,1.151645874409763870e+01
1.321340873936581506e+00,1.151736769624285905e+01
1.321357308584686585e+00,1.151827659200587739e+01
1.321373743232791886e+00,1.152322520280478457e+01
1.321390177880896966e+00,1.152921530271147255e+01
1.321406612529002267e+00,1.153452655710027130e+01
1.321423047177107124e+00,1.153461486639896982e+01
1.321439481825212425e+00,1.153470313925573087e+01
1.321455916473317727e+00,1.153312268283680631e+01
1.321472351121422806e+00,1.152937340022187840e+01
1.321488785769528107e+00,1.152562406413637497e+01
1.321505220417633186e+00,1.152509466943104499e+01
1.321521655065738488e+00,1.152561210132744840e+01
1.321538089713843567e+00,1.152579692602766492e+01
1.321554524361948868e+00,1.152184060235989804e+01
1.321570959010053947e+00,1.151788421923780170e+01
1.321587393658159248e+00,1.151640240407470372e+01
1.321603828306264550e+00,1.151872722189679266e+01
1.321620262954369407e+00,1.152105192890836705e+01
1.321636697602474708e+00,1.152183992572262383e+01
1.321653132250579787e+00,1.152201076998740170e+01
1.321669566898685089e+00,1.152213046991774270e+01
1.321686001546790168e+00,1.152074843654988356e+01
1.321702436194895469e+00,1.151936638188221984e+01
1.321718870843000548e+00,1.151928501239399871e+01
1.321735305491105850e+00,1.152159558825115582e+01
1.321751740139211151e+00,1.152390605382099587e+01
1.321768174787316230e+00,1.152453401179738712e+01
1.321784609435421531e+00,1.152433887317428329e+01
1.321801044083526389e+00,1.152414370307464786e+01
1.321817478731631690e+00,1.151709374531553820e+01
1.321833913379736769e+00,1.150997876644119877e+01
1.321850348027842070e+00,1.150480213122225059e+01
1.321866782675947150e+00,1.150394605818741844e+01
1.321883217324052451e+00,1.150308996157830776e+01
1.321899651972157530e+00,1.150469529002692859e+01
1.321916086620262831e+00,1.150775399141475575e+01
1.321932521268368133e+00,1.151081254369325890e+01
1.321948955916473212e+00,1.151120523962333486e+01
1.321965390564578513e+00,1.151145056596637239e+01
1.321981825212683370e+00,1.151135024700151277e+01
1.321998259860788671e+00,1.151029819331102821e+01
1.322014694508893751e+00,1.150924611734107117e+01
1.322031129156999052e+00,1.150604292655117789e+01
1.322047563805104131e+00,1.150131439605466532e+01
1.322063998453209432e+00,1.149658577947830551e+01
1.322080433101314512e+00,1.149738593800792330e+01
1.322096867749419813e+00,1.149877473234050740e+01
1.322113302397525114e+00,1.149979063390339817e+01
1.322129737045630193e+00,1.149950219340929536e+01
1.322146171693735495e+00,1.149921372291415089e+01
1.322162606341840352e+00,1.149658285008494474e+01
1.322179040989945653e+00,1.149196271864031260e+01
1.322195475638050732e+00,1.148734250562032777e+01
1.322211910286156034e+00,1.148967127635457075e+01
1.322228344934261113e+00,1.149313942775568620e+01
1.322244779582366414e+00,1.149636464815221260e+01
1.322261214230471715e+00,1.149846411246877409e+01
1.322277648878576795e+00,1.150056347569428006e+01
1.322294083526682096e+00,1.150297580430051880e+01
1.322310518174787175e+00,1.150570667186032203e+01
1.322326952822892476e+00,1.150843740763870748e+01
1.322343387470997333e+00,1.150790941003750945e+01
1.322359822119102635e+00,1.150663519003335189e+01
1.322376256767207714e+00,1.150473147687618791e+01
1.322392691415313015e+00,1.149867605955337524e+01
1.322409126063418316e+00,1.149262049267815122e+01
1.322425560711523396e+00,1.148997559807075497e+01
1.322441995359628697e+00,1.149150644594111093e+01
1.322458430007733776e+00,1.149303721593934569e+01
1.322474864655839077e+00,1.149566340025391753e+01
1.322491299303944157e+00,1.149862141327092147e+01
1.322507733952049458e+00,1.150124042588859652e+01
1.322524168600154315e+00,1.150021739247873853e+01
1.322540603248259616e+00,1.149919433675281866e+01
1.322557037896364918e+00,1.149887411907025303e+01
1.322573472544469997e+00,1.149959592921097240e+01
1.322589907192575298e+00,1.150031768774635310e+01
1.322606341840680377e+00,1.149790117557705038e+01
1.322622776488785679e+00,1.149426636554925096e+01
1.322639211136890758e+00,1.149062116343857198e+01
1.322655645784996059e+00,1.148671258152876362e+01
1.322672080433101138e+00,1.148280394309735009e+01
1.322688515081206440e+00,1.148185712967131877e+01
1.322704949729311741e+00,1.148628760722352382e+01
1.322721384377416598e+00,1.149071784533974849e+01
1.322737819025521899e+00,1.149204384283200575e+01
1.322754253673626978e+00,1.149185804570389813e+01
1.322770688321732280e+00,1.149167221692021101e+01
1.322787122969837359e+00,1.148677179233181356e+01
1.322803557617942660e+00,1.148182209111776153e+01
1.322819992266047739e+00,1.147795710961366211e+01
1.322836426914153041e+00,1.147654308550775859e+01
1.322852861562258342e+00,1.147512904064007344e+01
1.322869296210363421e+00,1.147471827530038802e+01
1.322885730858468722e+00,1.147491249937657010e+01
1.322902165506573580e+00,1.147510668467491790e+01
1.322918600154678881e+00,1.147656840506686926e+01
1.322935034802783960e+00,1.147810985933747752e+01
1.322951469450889261e+00,1.147913204605166904e+01
1.322967904098994341e+00,1.147865783577251975e+01
1.322984338747099642e+00,1.147818359809306799e+01
1.323000773395204943e+00,1.147660562168698739e+01
1.323017208043310022e+00,1.147420969205639096e+01
1.323033642691415324e+00,1.147181373702718332e+01
1.323050077339520403e+00,1.146751901959386366e+01
1.323066511987625704e+00,1.146299195724353659e+01
1.323082946635730561e+00,1.145800350666659462e+01
1.323099381283835863e+00,1.145125397660857480e+01
1.323115815931940942e+00,1.144450425656713399e+01
1.323132250580046243e+00,1.144648871520873357e+01
1.323148685228151322e+00,1.145640517317618290e+01
1.323165119876256623e+00,1.146632079962453865e+01
1.323181554524361925e+00,1.147069612650247805e+01
1.323197989172467004e+00,1.147401963990385987e+01
1.323214423820572305e+00,1.147697581893381091e+01
1.323230858468677384e+00,1.147795639862819783e+01
1.323247293116782686e+00,1.147893691885090028e+01
1.323263727764887543e+00,1.147739876713578866e+01
1.323280162412992844e+00,1.147305383448267690e+01
1.323296597061097923e+00,1.146870883206655911e+01
1.323313031709203225e+00,1.146642600033989545e+01
1.323329466357308304e+00,1.146469428461732498e+01
1.323345901005413605e+00,1.146360546816067050e+01
1.323362335653518906e+00,1.146798825055394566e+01
1.323378770301623986e+00,1.147237079585312181e+01
1.323395204949729287e+00,1.147414714802234847e+01
1.323411639597834144e+00,1.147234031469730375e+01
1.323428074245939667e+00,1.147053346042241451e+01
1.323444508894044525e+00,1.146892451952113667e+01
1.323460943542149826e+00,1.146738622334703450e+01
1.323477378190254905e+00,1.146569992001940363e+01
1.323493812838360206e+00,1.146135373347597586e+01
1.323510247486465508e+00,1.145700747746200854e+01
1.323526682134570587e+00,1.145531678425917477e+01
1.323543116782675888e+00,1.145817936167144779e+01
1.323559551430780967e+00,1.146104179886665086e+01
1.323575986078886269e+00,1.146276554443433859e+01
1.323592420726991126e+00,1.146396318162698513e+01
1.323608855375096427e+00,1.146516075212123553e+01
1.323625290023201506e+00,1.146210113351832049e+01
1.323641724671306807e+00,1.145903924481494762e+01
1.323658159319412109e+00,1.145766589733649354e+01
1.323674593967517188e+00,1.145996609906194585e+01
1.323691028615622489e+00,1.146226618911813411e+01
1.323707463263727568e+00,1.146068267761924453e+01
1.323723897911832870e+00,1.145682036651280455e+01
1.323740332559937949e+00,1.145295800165905042e+01
1.323756767208043250e+00,1.145192662310259912e+01
1.323773201856148107e+00,1.145105855075762058e+01
1.323789636504253409e+00,1.145143245563587087e+01
1.323806071152358710e+00,1.145533055550318835e+01
1.323822505800463789e+00,1.145922845163780401e+01
1.323838940448569090e+00,1.145610630053038115e+01
1.323855375096674170e+00,1.144780887087489596e+01
1.323871809744779471e+00,1.143951113824977384e+01
1.323888244392884550e+00,1.144009590145503275e+01
1.323904679040989851e+00,1.144177192584835012e+01
1.323921113689094931e+00,1.144091844398284152e+01
1.323937548337200232e+00,1.143028310742189646e+01
1.323953982985305533e+00,1.141964723859841513e+01
1.323970417633410390e+00,1.141585630875442448e+01
1.323986852281515691e+00,1.141837848606098760e+01
1.324003286929620771e+00,1.142123887813356120e+01
1.324019721577726072e+00,1.143117314126237005e+01
1.324036156225831151e+00,1.144247206611912482e+01
1.324052590873936452e+00,1.145240229263383469e+01
1.324069025522041532e+00,1.145454959400851003e+01
1.324085460170146833e+00,1.145669695128909460e+01
1.324101894818252134e+00,1.145692143792198259e+01
1.324118329466357213e+00,1.145486703576297494e+01
1.324134764114462515e+00,1.145249988692362209e+01
1.324151198762567372e+00,1.144992589086439239e+01
1.324167633410672673e+00,1.144729294317908241e+01
1.324184068058777752e+00,1.144471524908526305e+01
1.324200502706883054e+00,1.144267878715632314e+01
1.324216937354988133e+00,1.144064222784013474e+01
1.324233372003093434e+00,1.144008705895082834e+01
1.324249806651198735e+00,1.144168974750451184e+01
1.324266241299303815e+00,1.144329237091253404e+01
1.324282675947409116e+00,1.144396818912215075e+01
1.324299110595514195e+00,1.144428572155552537e+01
1.324315545243619496e+00,1.144463224553900815e+01
1.324331979891724353e+00,1.144577244573713237e+01
1.324348414539829655e+00,1.144691258572509973e+01
1.324364849187934734e+00,1.144712706532017776e+01
1.324381283836040035e+00,1.144561699758737916e+01
1.324397718484145114e+00,1.144410684745439255e+01
1.324414153132250416e+00,1.144484073349905984e+01
1.324430587780355717e+00,1.144671430407094626e+01
1.324447022428460796e+00,1.144858780507874485e+01
1.324463457076566097e+00,1.144783952815223493e+01
1.324479891724671177e+00,1.144702936828932671e+01
1.324496326372776478e+00,1.144652285018727333e+01
1.324512761020881335e+00,1.144675735330083910e+01
1.324529195668986636e+00,1.144699179836296743e+01
1.324545630317091716e+00,1.144138958619176982e+01
1.324562064965197017e+00,1.143196484433300419e+01
1.324578499613302096e+00,1.142253943673769534e+01
1.324594934261407397e+00,1.141964307720099470e+01
1.324611368909512699e+00,1.141733114770701363e+01
1.324627803557617778e+00,1.141742461081300952e+01
1.324644238205723079e+00,1.142551430955836800e+01
1.324660672853828158e+00,1.143360359134207549e+01
1.324677107501933460e+00,1.143800018625020876e+01
1.324693542150038317e+00,1.143930927098501371e+01
1.324709976798143618e+00,1.144061829369372774e+01
1.324726411446248697e+00,1.143998135508468472e+01
1.324742846094353999e+00,1.143902189883936948e+01
1.324759280742459300e+00,1.143839190974642683e+01
1.324775715390564379e+00,1.143935915299168826e+01
1.324792150038669680e+00,1.144032633697642076e+01
1.324808584686774759e+00,1.143756940945303313e+01
1.324825019334880061e+00,1.143084415602185011e+01
1.324841453982985140e+00,1.142411852432358366e+01
1.324857888631090441e+00,1.142608543204790905e+01
1.324874323279195298e+00,1.143026445814531655e+01
1.324890757927300600e+00,1.143406765212883158e+01
1.324907192575405901e+00,1.143483130491899935e+01
1.324923627223510980e+00,1.143559489940486351e+01
1.324940061871616281e+00,1.143411474784263504e+01
1.324956496519721361e+00,1.142957161125588783e+01
1.324972931167826662e+00,1.142502826182798970e+01
1.324989365815931741e+00,1.142066198072393313e+01
1.325005800464037042e+00,1.141635923067980052e+01
1.325022235112142122e+00,1.141242903646423024e+01
1.325038669760247423e+00,1.141585978888296893e+01
1.325055104408352724e+00,1.141929042871941391e+01
1.325071539056457581e+00,1.142246911380802743e+01
1.325087973704562883e+00,1.142520134928775910e+01
1.325104408352667962e+00,1.142793349479671505e+01
1.325120843000773263e+00,1.142763490467595133e+01
1.325137277648878342e+00,1.142586510089139118e+01
1.325153712296983644e+00,1.142409520880403662e+01
1.325170146945088723e+00,1.142589348781027425e+01
1.325186581593194024e+00,1.142774406374668850e+01
1.325203016241299325e+00,1.142747817110704744e+01
1.325219450889404404e+00,1.142222171036799416e+01
1.325235885537509706e+00,1.141696499032291534e+01
1.325252320185614563e+00,1.141346118596040249e+01
1.325268754833719864e+00,1.141107811262187255e+01
1.325285189481824943e+00,1.140869493204831286e+01
1.325301624129930245e+00,1.140721179825229825e+01
1.325318058778035324e+00,1.140580464712325615e+01
1.325334493426140625e+00,1.140347764989452095e+01
1.325350928074245926e+00,1.139814135298879805e+01
1.325367362722351006e+00,1.139280479166028748e+01
1.325383797370456307e+00,1.139534735671087340e+01
1.325400232018561386e+00,1.140444110126424704e+01
1.325416666666666687e+00,1.141353432343857044e+01
1.325433101314771545e+00,1.141251234817273286e+01
1.325449535962876846e+00,1.140981404991122261e+01
1.325465970610981925e+00,1.140739094101053119e+01
1.325482405259087226e+00,1.140631553926166930e+01
1.325498839907192528e+00,1.140524006565944681e+01
1.325515274555297607e+00,1.140609833552902153e+01
1.325531709203402908e+00,1.140904082368635741e+01
1.325548143851507987e+00,1.141198321487644662e+01
1.325564578499613289e+00,1.141292569488060593e+01
1.325581013147718368e+00,1.141334547862711446e+01
1.325597447795823669e+00,1.141290849286832199e+01
1.325613882443928526e+00,1.141015594267269506e+01
1.325630317092033827e+00,1.140740344953085561e+01
1.325646751740138907e+00,1.140699683092696581e+01
1.325663186388244208e+00,1.140988803016064956e+01
1.325679621036349509e+00,1.141277869323581484e+01
1.325696055684454588e+00,1.141517913782096905e+01
1.325712490332559890e+00,1.141739516818052103e+01
1.325728924980664969e+00,1.141940059059649748e+01
1.325745359628770270e+00,1.141610713712556091e+01
1.325761794276875127e+00,1.141281377711834111e+01
1.325778228924980429e+00,1.140928872877779199e+01
1.325794663573085508e+00,1.140533194089631053e+01
1.325811098221190809e+00,1.140137528630499197e+01
1.325827532869295888e+00,1.140202094239847597e+01
1.325843967517401190e+00,1.140503376564027782e+01
1.325860402165506491e+00,1.140804603430889941e+01
1.325876836813611570e+00,1.140664509505752555e+01
1.325893271461716871e+00,1.140511339535234292e+01
1.325909706109821951e+00,1.140324181997822173e+01
1.325926140757927252e+00,1.140050514615300514e+01
1.325942575406032109e+00,1.139776852910890881e+01
1.325959010054137410e+00,1.139756157082476840e+01
1.325975444702242489e+00,1.139909168608444290e+01
1.325991879350347791e+00,1.140062144300826397e+01
1.326008313998453092e+00,1.139905494361146943e+01
1.326024748646558171e+00,1.139715759423714658e+01
1.326041183294663472e+00,1.139469588616546680e+01
1.326057617942768552e+00,1.139016167908034838e+01
1.326074052590873853e+00,1.138562763684904056e+01
1.326090487238978932e+00,1.137952907694167770e+01
1.326106921887084233e+00,1.137201233676808343e+01
1.326123356535189091e+00,1.136449585242637639e+01
1.326139791183294392e+00,1.136793841711769026e+01
1.326156225831399693e+00,1.137354729676536813e+01
1.326172660479504772e+00,1.137784945902160594e+01
1.326189095127610074e+00,1.137446488595069560e+01
1.326205529775715153e+00,1.137108041419867810e+01
1.326221964423820454e+00,1.136942468341422519e+01
1.326238399071925533e+00,1.136983549537926841e+01
1.326254833720030835e+00,1.137024607940960408e+01
1.326271268368135914e+00,1.137475525402733290e+01
1.326287703016241215e+00,1.138051886203108332e+01
1.326304137664346516e+00,1.138561257020547934e+01
1.326320572312451374e+00,1.138252830160493900e+01
1.326337006960556675e+00,1.137944411502802389e+01
1.326353441608661754e+00,1.137745104153475850e+01
1.326369876256767055e+00,1.137719655445252798e+01
1.326386310904872134e+00,1.137694190972183961e+01
1.326402745552977436e+00,1.137692197594592791e+01
1.326419180201082515e+00,1.137700473503015886e+01
1.326435614849187816e+00,1.137705887607912913e+01
1.326452049497293117e+00,1.137163573137443429e+01
1.326468484145398197e+00,1.136621279290115538e+01
1.326484918793503498e+00,1.136033521173243521e+01
1.326501353441608355e+00,1.135346815711397461e+01
1.326517788089713656e+00,1.134660135194729058e+01
1.326534222737818736e+00,1.134545025967414844e+01
1.326550657385924037e+00,1.134773606590853667e+01
1.326567092034029116e+00,1.135002141390261166e+01
1.326583526682134417e+00,1.135270595411635952e+01
1.326599961330239719e+00,1.135541825580773256e+01
1.326616395978344798e+00,1.135807771390762255e+01
1.326632830626450099e+00,1.136057395285492788e+01
1.326649265274555178e+00,1.136306970431436447e+01
1.326665699922660480e+00,1.136010121994979016e+01
1.326682134570765337e+00,1.135271046591704369e+01
1.326698569218870638e+00,1.134531997224834221e+01
1.326715003866975717e+00,1.134273006537974737e+01
1.326731438515081019e+00,1.134090937072108396e+01
1.326747873163186320e+00,1.134040454866582692e+01
1.326764307811291399e+00,1.134627617479858408e+01
1.326780742459396700e+00,1.135214677944642148e+01
1.326797177107501780e+00,1.135201055460328767e+01
1.326813611755607081e+00,1.134537029649246342e+01
1.326830046403712160e+00,1.133873028574749142e+01
1.326846481051817461e+00,1.133326349400929089e+01
1.326862915699922318e+00,1.132811057722350156e+01
1.326879350348027620e+00,1.132396683976980611e+01
1.326895784996132699e+00,1.132911742064896110e+01
1.326912219644238000e+00,1.133426710462106790e+01
1.326928654292343301e+00,1.133417932879570422e+01
1.326945088940448381e+00,1.132645099121113397e+01
1.326961523588553682e+00,1.131872292135734703e+01
1.326977958236658761e+00,1.131356538345740859e+01
1.326994392884764062e+00,1.130943054689188898e+01
1.327010827532869142e+00,1.130555909258671399e+01
1.327027262180974443e+00,1.131241692050139669e+01
1.327043696829079300e+00,1.131927354122903573e+01
1.327060131477184601e+00,1.132279550725657735e+01
1.327076566125289681e+00,1.131962509310800158e+01
1.327093000773394982e+00,1.131645476993752730e+01
1.327109435421500283e+00,1.131455534306927468e+01
1.327125870069605362e+00,1.131336783147066605e+01
1.327142304717710664e+00,1.131218025296771046e+01
1.327158739365815743e+00,1.131445712057512587e+01
1.327175174013921044e+00,1.131691878973539822e+01
1.327191608662026123e+00,1.131892985177952760e+01
1.327208043310131425e+00,1.131964253688598276e+01
1.327224477958236282e+00,1.132035495741369147e+01
1.327240912606341583e+00,1.132233832316665634e+01
1.327257347254446884e+00,1.132529748737236375e+01
1.327273781902551963e+00,1.132825609525606936e+01
1.327290216550657265e+00,1.132652004274918589e+01
1.327306651198762344e+00,1.132410527082552321e+01
1.327323085846867645e+00,1.132197276765669081e+01
1.327339520494972724e+00,1.132111144594353114e+01
1.327355955143078026e+00,1.132025002630893340e+01
1.327372389791183105e+00,1.131706479618691219e+01
1.327388824439288406e+00,1.131145691162327083e+01
1.327405259087393707e+00,1.130584924777168965e+01
1.327421693735498565e+00,1.130823272772478916e+01
1.327438128383603866e+00,1.131264678699282022e+01
1.327454563031708945e+00,1.131656357480613195e+01
1.327470997679814246e+00,1.131624900975696768e+01
1.327487432327919326e+00,1.131593429202074219e+01
1.327503866976024627e+00,1.131548905994397458e+01
1.327520301624129706e+00,1.131485815629306657e+01
1.327536736272235007e+00,1.131422713201341956e+01
1.327553170920340309e+00,1.131326869886413355e+01
1.327569605568445388e+00,1.131218301839385099e+01
1.327586040216550689e+00,1.131099073528068288e+01
1.327602474864655546e+00,1.130605067191271118e+01
1.327618909512760847e+00,1.130111080269427859e+01
1.327635344160865927e+00,1.129635597252285706e+01
1.327651778808971228e+00,1.129196829379345779e+01
1.327668213457076307e+00,1.128758078220097438e+01
1.327684648105181608e+00,1.128710559261819135e+01
1.327701082753286910e+00,1.128880989156678716e+01
1.327717517401391989e+00,1.129051380289286577e+01
1.327733952049497290e+00,1.128110503625333827e+01
1.327750386697602369e+00,1.127110427127004755e+01
1.327766821345707671e+00,1.126534309341943363e+01
1.327783255993812528e+00,1.127187399598121154e+01
1.327799690641917829e+00,1.127840374359982256e+01
1.327816125290022908e+00,1.128197232979150222e+01
1.327832559938128210e+00,1.128324658708112693e+01
1.327848994586233511e+00,1.128452051049566762e+01
1.327865429234338590e+00,1.128085894630254060e+01
1.327881863882443891e+00,1.127646210050647468e+01
1.327898298530548971e+00,1.127221455947438677e+01
1.327914733178654272e+00,1.126865984569289658e+01
1.327931167826759129e+00,1.126510525170396626e+01
1.327947602474864652e+00,1.126246468596914418e+01
1.327964037122969509e+00,1.126079915345736815e+01
1.327980471771074811e+00,1.125913359776907363e+01
1.327996906419180112e+00,1.126440561425352271e+01
1.328013341067285191e+00,1.127151522298450814e+01
1.328029775715390493e+00,1.127789363448345661e+01
1.328046210363495572e+00,1.127747891253016022e+01
1.328062645011600873e+00,1.127706404777750215e+01
1.328079079659705952e+00,1.127378652628674160e+01
1.328095514307811253e+00,1.126627668938874294e+01
1.328111948955916111e+00,1.125876713051754585e+01
1.328128383604021412e+00,1.125492405569980292e+01
1.328144818252126491e+00,1.125257984065472350e+01
1.328161252900231792e+00,1.125031344783266718e+01
1.328177687548337094e+00,1.125281338212934656e+01
1.328194122196442173e+00,1.125531281965814223e+01
1.328210556844547474e+00,1.125620880018978021e+01
1.328226991492652553e+00,1.125373311922413855e+01
1.328243426140757855e+00,1.125125748251925195e+01
1.328259860788862934e+00,1.124915874233181867e+01
1.328276295436968235e+00,1.124728289876293452e+01
1.328292730085073092e+00,1.124540705059991552e+01
1.328309164733178394e+00,1.124702540246036264e+01
1.328325599381283695e+00,1.124888886411877564e+01
1.328342034029388774e+00,1.125039510767679118e+01
1.328358468677494075e+00,1.125077256310515672e+01
1.328374903325599155e+00,1.125114978952560385e+01
1.328391337973704456e+00,1.125230255874882346e+01
1.328407772621809535e+00,1.125409991630084150e+01
1.328424207269914836e+00,1.125589687076357315e+01
1.328440641918019915e+00,1.125529731639930020e+01
1.328457076566125217e+00,1.125428074700217529e+01
1.328473511214230074e+00,1.125229037333003212e+01
1.328489945862335375e+00,1.124508851835016365e+01
1.328506380510440676e+00,1.123788694034792890e+01
1.328522815158545756e+00,1.123614794208451961e+01
1.328539249806651057e+00,1.124074387501895700e+01
1.328555684454756136e+00,1.124533898781330699e+01
1.328572119102861437e+00,1.124408670591984105e+01
1.328588553750966517e+00,1.124107264822499630e+01
1.328604988399071818e+00,1.123811599227182434e+01
1.328621423047176897e+00,1.123587838106531045e+01
1.328637857695282198e+00,1.123364079602711030e+01
1.328654292343387500e+00,1.123213142795560415e+01
1.328670726991492357e+00,1.123181462203851133e+01
1.328687161639597658e+00,1.123149766265376215e+01
1.328703596287702737e+00,1.122685725521188083e+01
1.328720030935808039e+00,1.122022253958009586e+01
1.328736465583913118e+00,1.121358809015511859e+01
1.328752900232018419e+00,1.121561723615945638e+01
1.328769334880123498e+00,1.121773886563506473e+01
1.328785769528228800e+00,1.121833250052172559e+01
1.328802204176334101e+00,1.121526508506073405e+01
1.328818638824439180e+00,1.121219776004247670e+01
1.328835073472544481e+00,1.121443232703031612e+01
1.328851508120649338e+00,1.122021077606629724e+01
1.328867942768754640e+00,1.122598819617071975e+01
1.328884377416859719e+00,1.122421619425784733e+01
1.328900812064965020e+00,1.122164399669324553e+01
1.328917246713070099e+00,1.121899851310775276e+01
1.328933681361175401e+00,1.121607531420849213e+01
1.328950116009280702e+00,1.121315219561558152e+01
1.328966550657385781e+00,1.121328364230540586e+01
1.328982985305491082e+00,1.121630822258688553e+01
1.328999419953596162e+00,1.121933222547793640e+01
1.329015854601701463e+00,1.121575865627660207e+01
1.329032289249806320e+00,1.121071806909202095e+01
1.329048723897911621e+00,1.120629155315691783e+01
1.329065158546016701e+00,1.120626065648309400e+01
1.329081593194122002e+00,1.120622957509949735e+01
1.329098027842227303e+00,1.120186693300261105e+01
1.329114462490332382e+00,1.119169099605489137e+01
1.329130897138437684e+00,1.118151535043222999e+01
1.329147331786542763e+00,1.118347826062117711e+01
1.329163766434648064e+00,1.118990135301307909e+01
1.329180201082753143e+00,1.119605873946177610e+01
1.329196635730858445e+00,1.119501061782570339e+01
1.329213070378963302e+00,1.119396241677158699e+01
1.329229505027068603e+00,1.119235911141402617e+01
1.329245939675173904e+00,1.118967615274372385e+01
1.329262374323278983e+00,1.118699325742071693e+01
1.329278808971384285e+00,1.118851310249131181e+01
1.329295243619489364e+00,1.119235988139310223e+01
1.329311678267594665e+00,1.119620595494565229e+01
1.329328112915699744e+00,1.119257262492540583e+01
1.329344547563805046e+00,1.118852508662195611e+01
1.329360982211910125e+00,1.118530138512944561e+01
1.329377416860015426e+00,1.118453152285655783e+01
1.329393851508120283e+00,1.118376155354701673e+01
1.329410286156225585e+00,1.118142297684498487e+01
1.329426720804330886e+00,1.117782713756603563e+01
1.329443155452435965e+00,1.117423142776853240e+01
1.329459590100541266e+00,1.117686292585670493e+01
1.329476024748646346e+00,1.118051813330620625e+01
1.329492459396751647e+00,1.118397585506952119e+01
1.329508894044856726e+00,1.118641721336250860e+01
1.329525328692962027e+00,1.118885807505257546e+01
1.329541763341067107e+00,1.118705229152880598e+01
1.329558197989172408e+00,1.118037700420228120e+01
1.329574632637277709e+00,1.117370199243137385e+01
1.329591067285382566e+00,1.117308253894759318e+01
1.329607501933487868e+00,1.117427987746953022e+01
1.329623936581592947e+00,1.117466818524999361e+01
1.329640371229698248e+00,1.116471137201784991e+01
1.329656805877803327e+00,1.115475486154633700e+01
1.329673240525908628e+00,1.114949150927158250e+01
1.329689675174013708e+00,1.115202595129366792e+01
1.329706109822119009e+00,1.115455988280695188e+01
1.329722544470224088e+00,1.115920211412141150e+01
1.329738979118329389e+00,1.116484110041639966e+01
1.329755413766434691e+00,1.117047907279778407e+01
1.329771848414539548e+00,1.117174195147899241e+01
1.329788283062644849e+00,1.117292365246295027e+01
1.329804717710749928e+00,1.117393999385919301e+01
1.329821152358855230e+00,1.117454163733786210e+01
1.329837587006960309e+00,1.117514302198555143e+01
1.329854021655065610e+00,1.117365786720588261e+01
1.329870456303170689e+00,1.117070873692763655e+01
1.329886890951275991e+00,1.116775969201952456e+01
1.329903325599381292e+00,1.116447061225157533e+01
1.329919760247486371e+00,1.116132877148445601e+01
1.329936194895591672e+00,1.115851037946029223e+01
1.329952629543696530e+00,1.115703353228648353e+01
1.329969064191801831e+00,1.115555661600325799e+01
1.329985498839906910e+00,1.115329382659516178e+01
1.330001933488012211e+00,1.115023142938428435e+01
1.330018368136117290e+00,1.114716903943138959e+01
1.330034802784222592e+00,1.113957881396266991e+01
1.330051237432327893e+00,1.113084373584514708e+01
1.330067672080432972e+00,1.112358138722436607e+01
1.330084106728538274e+00,1.112948726127501864e+01
1.330100541376643353e+00,1.113539229998240465e+01
1.330116976024748654e+00,1.113872140386198950e+01
1.330133410672853511e+00,1.113823337637040112e+01
1.330149845320958812e+00,1.113774521653217775e+01
1.330166279969063892e+00,1.113972867684613810e+01
1.330182714617169193e+00,1.114274554200897782e+01
1.330199149265274494e+00,1.114576195214823962e+01
1.330215583913379573e+00,1.114874814920880119e+01
1.330232018561484875e+00,1.115161060283135441e+01
1.330248453209589954e+00,1.115197013519412828e+01
1.330264887857695255e+00,1.114674145626723067e+01
1.330281322505800112e+00,1.114151298676617685e+01
1.330297757153905414e+00,1.113853353752819331e+01
1.330314191802010493e+00,1.113698452821958007e+01
1.330330626450115794e+00,1.113543549632695395e+01
1.330347061098221095e+00,1.113400562131639937e+01
1.330363495746326175e+00,1.113258705856385156e+01
1.330379930394431476e+00,1.113076673291733165e+01
1.330396365042536555e+00,1.112747859449126686e+01
1.330412799690641856e+00,1.112419056462888278e+01
1.330429234338746936e+00,1.112566915999433625e+01
1.330445668986852237e+00,1.113160807149735199e+01
1.330462103634957094e+00,1.113754596738781366e+01
1.330478538283062395e+00,1.113648548447280895e+01
1.330494972931167696e+00,1.113386983909270533e+01
1.330511407579272776e+00,1.113062257182845549e+01
1.330527842227378077e+00,1.112272820250099237e+01
1.330544276875483156e+00,1.111483410886811818e+01
1.330560711523588457e+00,1.110893415902601689e+01
1.330577146171693537e+00,1.110577546933692084e+01
1.330593580819798838e+00,1.110261688052479379e+01
1.330610015467903917e+00,1.110470217671515236e+01
1.330626450116009218e+00,1.110880188224265375e+01
1.330642884764114076e+00,1.111279344814462711e+01
1.330659319412219377e+00,1.111235048527059277e+01
1.330675754060324678e+00,1.111190739685506301e+01
1.330692188708429757e+00,1.111087663041409712e+01
1.330708623356535059e+00,1.110862434077535177e+01
1.330725058004640138e+00,1.110637208679429300e+01
1.330741492652745439e+00,1.110392513670889514e+01
1.330757927300850518e+00,1.110136182653737258e+01
1.330774361948955820e+00,1.109879857583412388e+01
1.330790796597060899e+00,1.110060256336362094e+01
1.330807231245166200e+00,1.110275107789755467e+01
1.330823665893271501e+00,1.110458439009286913e+01
1.330840100541376358e+00,1.110534964306740058e+01
1.330856535189481660e+00,1.110611463974090718e+01
1.330872969837586739e+00,1.110471048897447943e+01
1.330889404485692040e+00,1.110137098062125460e+01
1.330905839133797119e+00,1.109803158589479466e+01
1.330922273781902421e+00,1.109462648661114237e+01
1.330938708430007500e+00,1.109120794361445839e+01
1.330955143078112801e+00,1.108853205937136543e+01
1.330971577726217880e+00,1.109083713523100201e+01
1.330988012374323182e+00,1.109314176158674314e+01
1.331004447022428483e+00,1.109165459154233169e+01
1.331020881670533340e+00,1.108514688073944043e+01
1.331037316318638641e+00,1.107863942755869324e+01
1.331053750966743721e+00,1.108042429284254204e+01
1.331070185614849022e+00,1.108526435760929019e+01
1.331086620262954101e+00,1.108997582404284898e+01
1.331103054911059402e+00,1.109069132385265988e+01
1.331119489559164482e+00,1.109140657233727723e+01
1.331135924207269783e+00,1.109188836171724901e+01
1.331152358855375084e+00,1.109189916584929314e+01
1.331168793503480163e+00,1.109190979670618127e+01
1.331185228151585465e+00,1.108573282512950797e+01
1.331201662799690322e+00,1.107594423467974387e+01
1.331218097447795623e+00,1.106615592161925221e+01
1.331234532095900702e+00,1.106270908238665029e+01
1.331250966744006003e+00,1.105972900129425263e+01
1.331267401392111083e+00,1.105801996643198848e+01
1.331283836040216384e+00,1.106053157761269468e+01
1.331300270688321685e+00,1.106304270956567848e+01
1.331316705336426764e+00,1.106554079460805262e+01
1.331333139984532066e+00,1.106802731756982539e+01
1.331349574632637145e+00,1.107051336432291677e+01
1.331366009280742446e+00,1.106652001435123012e+01
1.331382443928847303e+00,1.106121040345772677e+01
1.331398878576952605e+00,1.105716516368920743e+01
1.331415313225057684e+00,1.106151604515847175e+01
1.331431747873162985e+00,1.106586617150583152e+01
1.331448182521268286e+00,1.107076070029186710e+01
1.331464617169373366e+00,1.107637560565791190e+01
1.331481051817478667e+00,1.108198954178663875e+01
1.331497486465583746e+00,1.108297984876348963e+01
1.331513921113689047e+00,1.108225975152064358e+01
1.331530355761794127e+00,1.108142274402973371e+01
1.331546790409899428e+00,1.107673421647195333e+01
1.331563225058004285e+00,1.107204588216734642e+01
1.331579659706109586e+00,1.106748029482469953e+01
1.331596094354214888e+00,1.106316513396326684e+01
1.331612529002319967e+00,1.105885014760601237e+01
1.331628963650425268e+00,1.105627181435061601e+01
1.331645398298530347e+00,1.105472219346294516e+01
1.331661832946635649e+00,1.105317255117410902e+01
1.331678267594740728e+00,1.104859293833745859e+01
1.331694702242846029e+00,1.104377548759725869e+01
1.331711136890951108e+00,1.103833698039758460e+01
1.331727571539056409e+00,1.103077376376166008e+01
1.331744006187161711e+00,1.102321083245497313e+01
1.331760440835266568e+00,1.102318906096023454e+01
1.331776875483371869e+00,1.102998308037837560e+01
1.331793310131476948e+00,1.103677591004809599e+01
1.331809744779582250e+00,1.104218991117815563e+01
1.331826179427687329e+00,1.104730894730541735e+01
1.331842614075792630e+00,1.105146997078582061e+01
1.331859048723897709e+00,1.104880091978578882e+01
1.331875483372003011e+00,1.104613193870809695e+01
1.331891918020108090e+00,1.103992300580729236e+01
1.331908352668213391e+00,1.102885787225807412e+01
1.331924787316318692e+00,1.101779299855976468e+01
1.331941221964423550e+00,1.101805109612283218e+01
1.331957656612528851e+00,1.102270647249948254e+01
1.331974091260633930e+00,1.102716419790128732e+01
1.331990525908739231e+00,1.102135799938414529e+01
1.332006960556844311e+00,1.101555204500281171e+01
1.332023395204949612e+00,1.101331578110521825e+01
1.332039829853054691e+00,1.101876006642480377e+01
1.332056264501159992e+00,1.102420340675726607e+01
1.332072699149265294e+00,1.102690669940710855e+01
1.332089133797370373e+00,1.102789918800456270e+01
1.332105568445475674e+00,1.102889138966519056e+01
1.332122003093580531e+00,1.102421521611596589e+01
1.332138437741685832e+00,1.101900502278806471e+01
1.332154872389790912e+00,1.101642430192546485e+01
1.332171307037896213e+00,1.102361490386257437e+01
1.332187741686001292e+00,1.103080423346288086e+01
1.332204176334106593e+00,1.103357479793896445e+01
1.332220610982211673e+00,1.103210249067644888e+01
1.332237045630316974e+00,1.103063015538200808e+01
1.332253480278422275e+00,1.102181631731456690e+01
1.332269914926527354e+00,1.101125964424334924e+01
1.332286349574632656e+00,1.100124801535923424e+01
1.332302784222737513e+00,1.099582968991595422e+01
1.332319218870842814e+00,1.099041159608205653e+01
1.332335653518947893e+00,1.098781345868755643e+01
1.332352088167053195e+00,1.098937816856812688e+01
1.332368522815158274e+00,1.099094251983343717e+01
1.332384957463263575e+00,1.099261358053544058e+01
1.332401392111368876e+00,1.099432981765387396e+01
1.332417826759473956e+00,1.099604567629248209e+01
1.332434261407579257e+00,1.100072541690024686e+01
1.332450696055684336e+00,1.100540672915840368e+01
1.332467130703789637e+00,1.100873749902511278e+01
1.332483565351894494e+00,1.100886897022764188e+01
1.332499999999999796e+00,1.100900025270389726e+01
1.332516434648104875e+00,1.100504646459101110e+01
1.332532869296210176e+00,1.099830257286538426e+01
1.332549303944315477e+00,1.099155895833851915e+01
1.332565738592420557e+00,1.098560147476354132e+01
1.332582173240525858e+00,1.097973981919299646e+01
1.332598607888630937e+00,1.097577829094750079e+01
1.332615042536736238e+00,1.097997936480689596e+01
1.332631477184841096e+00,1.098417969741720235e+01
1.332647911832946397e+00,1.098963134798924024e+01
1.332664346481051476e+00,1.099640624357640384e+01
1.332680781129156777e+00,1.100317994145732925e+01
1.332697215777262079e+00,1.100498208281622503e+01
1.332713650425367158e+00,1.100540712886932759e+01
1.332730085073472459e+00,1.100527129898799217e+01
1.332746519721577538e+00,1.099869493017095756e+01
1.332762954369682840e+00,1.099211883590186467e+01
1.332779389017787919e+00,1.098958787331873665e+01
1.332795823665893220e+00,1.099374042745024660e+01
1.332812258313998077e+00,1.099789224621462758e+01
1.332828692962103379e+00,1.099667409923577388e+01
1.332845127610208680e+00,1.099285682107164952e+01
1.332861562258313759e+00,1.098903969467953345e+01
1.332877996906419060e+00,1.098653735822954935e+01
1.332894431554524139e+00,1.098407494870940049e+01
1.332910866202629441e+00,1.098119083415922681e+01
1.332927300850734520e+00,1.097715010898611077e+01
1.332943735498839821e+00,1.097310954968115482e+01
1.332960170146944900e+00,1.097336408531674756e+01
1.332976604795050202e+00,1.097694162841373533e+01
1.332993039443155503e+00,1.098051852522323557e+01
1.333009474091260360e+00,1.097974603134320049e+01
1.333025908739365661e+00,1.097826671044574987e+01
1.333042343387470741e+00,1.097691919494848989e+01
1.333058778035576042e+00,1.097628170471588582e+01
1.333075212683681121e+00,1.097564410650869959e+01
1.333091647331786422e+00,1.097397088400645693e+01
1.333108081979891502e+00,1.097104651992093061e+01
1.333124516627996803e+00,1.096812224825880477e+01
1.333140951276101882e+00,1.096678516281878224e+01
1.333157385924207183e+00,1.096597974114676077e+01
1.333173820572312485e+00,1.096520960817479562e+01
1.333190255220417342e+00,1.096518698773333078e+01
1.333206689868522643e+00,1.096516419424616018e+01
1.333223124516627722e+00,1.096294454251153283e+01
1.333239559164733024e+00,1.095648360468371862e+01
1.333255993812838103e+00,1.095002294270283727e+01
1.333272428460943404e+00,1.094696294873607556e+01
1.333288863109048483e+00,1.094583988826104815e+01
1.333305297757153784e+00,1.094471676803116722e+01
1.333321732405259086e+00,1.094674021174301970e+01
1.333338167053364165e+00,1.094898942408245190e+01
1.333354601701469466e+00,1.095103249691500302e+01
1.333371036349574323e+00,1.095238129180974518e+01
1.333387470997679625e+00,1.095372975103065905e+01
1.333403905645784704e+00,1.095125565115055188e+01
1.333420340293890005e+00,1.094531371326195135e+01
1.333436774941995084e+00,1.093937203555194948e+01
1.333453209590100386e+00,1.094008280206406525e+01
1.333469644238205465e+00,1.094225451941949068e+01
1.333486078886310766e+00,1.094410683341659052e+01
1.333502513534416067e+00,1.094351292727143310e+01
1.333518948182521147e+00,1.094291890846416671e+01
1.333535382830626448e+00,1.094325990619091904e+01
1.333551817478731305e+00,1.094067774161469053e+01
1.333568252126836606e+00,1.093518906963181259e+01
1.333584686774941686e+00,1.092813990862791584e+01
1.333601121423046987e+00,1.092044091814698703e+01
1.333617556071152066e+00,1.091274018325808015e+01
1.333633990719257367e+00,1.090473415964070369e+01
1.333650425367362669e+00,1.089672718140622898e+01
1.333666860015467748e+00,1.088774112212344036e+01
1.333683294663573049e+00,1.087643428966926429e+01
1.333699729311678128e+00,1.086513097696777308e+01
1.333716163959783430e+00,1.085552320652320724e+01
1.333732598607888287e+00,1.084708503790490575e+01
1.333749033255993588e+00,1.083864651173573712e+01
1.333765467904098667e+00,1.083130714327592159e+01
1.333781902552203968e+00,1.082410685937576211e+01
1.333798337200309270e+00,1.081744845065654914e+01
1.333814771848414349e+00,1.081324521929727211e+01
1.333831206496519650e+00,1.080903566104742097e+01
1.333847641144624729e+00,1.080176309004858304e+01
1.333864075792730031e+00,1.079112445341338855e+01
1.333880510440835110e+00,1.078048845960072377e+01
1.333896945088940411e+00,1.077262572694613496e+01
1.333913379737045268e+00,1.076558643366434254e+01
1.333929814385150570e+00,1.075848371190147290e+01
1.333946249033255871e+00,1.075050146537866347e+01
1.333962683681360950e+00,1.074251820574730765e+01
1.333979118329466251e+00,1.073247799575192829e+01
1.333995552977571331e+00,1.071878017405764894e+01
1.334011987625676632e+00,1.070508914557148472e+01
1.334028422273781711e+00,1.069480188453543867e+01
1.334044856921887012e+00,1.068631320713851274e+01
1.334061291569992092e+00,1.067782423550356263e+01
1.334077726218097393e+00,1.067450122574167182e+01
1.334094160866202694e+00,1.067145222524320403e+01
1.334110595514307551e+00,1.066611376441028725e+01
1.334127030162412852e+00,1.065364709329983484e+01
1.334143464810517932e+00,1.064118560491038146e+01
1.334159899458623233e+00,1.063131445938144459e+01
1.334176334106728312e+00,1.062367606839863754e+01
1.334192768754833613e+00,1.061603617244989017e+01
1.334209203402938693e+00,1.060551650863410877e+01
1.334225638051043994e+00,1.059441271099995063e+01
1.334242072699149295e+00,1.058365618499742666e+01
1.334258507347254374e+00,1.057531853305044045e+01
1.334274941995359676e+00,1.056698036976830402e+01
1.334291376643464533e+00,1.056168246309307079e+01
1.334307811291569834e+00,1.056060292253711808e+01
1.334324245939674913e+00,1.055951221532149908e+01
1.334340680587780215e+00,1.055568988254819729e+01
1.334357115235885294e+00,1.055076153701349106e+01
1.334373549883990595e+00,1.054579115543627665e+01
1.334389984532095674e+00,1.053458999295505372e+01
1.334406419180200976e+00,1.052339232080093367e+01
1.334422853828306277e+00,1.051230165732222233e+01
1.334439288476411356e+00,1.050145638309040130e+01
1.334455723124516657e+00,1.049061412042820329e+01
1.334472157772621514e+00,1.047830763441817759e+01
1.334488592420726816e+00,1.046499937644182943e+01
1.334505027068831895e+00,1.045169757449055048e+01
1.334521461716937196e+00,1.044319289989041799e+01
1.334537896365042275e+00,1.043530218103812324e+01
1.334554331013147577e+00,1.042760236833582255e+01
1.334570765661252878e+00,1.042077809408529809e+01
1.334587200309357957e+00,1.041395109260690965e+01
1.334603634957463258e+00,1.040853249768756683e+01
1.334620069605568338e+00,1.040468154306880422e+01
1.334636504253673639e+00,1.040082342894343803e+01
1.334652938901778496e+00,1.039865073152011199e+01
1.334669373549883797e+00,1.039698514136114227e+01
1.334685808197988877e+00,1.039455864983874989e+01
1.334702242846094178e+00,1.038015771310058355e+01
1.334718677494199257e+00,1.036576479711078491e+01
1.334735112142304558e+00,1.035212337250031922e+01
1.334751546790409860e+00,1.033982636116368958e+01
1.334767981438514939e+00,1.032753097296386890e+01
1.334784416086620240e+00,1.031720008004824329e+01
1.334800850734725097e+00,1.030795037133773384e+01
1.334817285382830399e+00,1.029870145824944139e+01
1.334833720030935478e+00,1.028880684512387944e+01
1.334850154679040779e+00,1.027887092720729711e+01
1.334866589327145858e+00,1.027017940280788011e+01
1.334883023975251159e+00,1.026563991816698085e+01
1.334899458623356461e+00,1.026109419439588422e+01
1.334915893271461540e+00,1.025556417992263114e+01
1.334932327919566841e+00,1.024913739215918795e+01
1.334948762567671920e+00,1.024270719705312338e+01
1.334965197215777222e+00,1.023355559729925091e+01
1.334981631863882079e+00,1.022378936035627817e+01
1.334998066511987380e+00,1.021448169975344911e+01
1.335014501160092459e+00,1.020895974903407222e+01
1.335030935808197761e+00,1.020343299856479291e+01
1.335047370456303062e+00,1.019540925787785390e+01
1.335063805104408141e+00,1.018364853950463456e+01
1.335080239752513442e+00,1.017189229240834081e+01
1.335096674400618522e+00,1.016245772466800013e+01
1.335113109048723823e+00,1.015405374622041457e+01
1.335129543696828902e+00,1.014564930674211141e+01
1.335145978344934203e+00,1.014152923424167341e+01
1.335162412993039061e+00,1.013747025754982722e+01
1.335178847641144362e+00,1.013284143220687206e+01
1.335195282289249663e+00,1.012673432708562871e+01
1.335211716937354742e+00,1.012062325386950867e+01
1.335228151585460044e+00,1.011331303185682273e+01
1.335244586233565123e+00,1.010509362582160797e+01
1.335261020881670424e+00,1.009687345126101299e+01
1.335277455529775503e+00,1.008080814451261276e+01
1.335293890177880805e+00,1.006347984835858611e+01
1.335310324825985884e+00,1.004772749702820711e+01
1.335326759474091185e+00,1.004070219831180744e+01
1.335343194122196486e+00,1.003367433522589280e+01
1.335359628770301343e+00,1.002802225889995036e+01
1.335376063418406645e+00,1.002409239281224096e+01
1.335392498066511724e+00,1.002015512786026719e+01
1.335408932714617025e+00,1.001325905918934644e+01
1.335425367362722104e+00,1.000529830072144044e+01
1.335441802010827406e+00,9.997243535305338824e+00
1.335458236658932485e+00,9.985815430387697589e+00
1.335474671307037786e+00,9.974391399667247526e+00
1.335491105955143087e+00,9.964105455764041608e+00
1.335507540603248167e+00,9.956250223214782480e+00
1.335523975251353468e+00,9.948393666131389423e+00
1.335540409899458325e+00,9.941986962257368887e+00
1.335556844547563626e+00,9.936505708039547358e+00
1.335573279195668706e+00,9.931019420184625801e+00
1.335589713843774007e+00,9.921816688186821054e+00
1.335606148491879086e+00,9.912205862574442250e+00
1.335622583139984387e+00,9.902194626390016907e+00
1.335639017788089467e+00,9.890494339902163645e+00
1.335655452436194768e+00,9.878798583659252230e+00
1.335671887084300069e+00,9.868049679000165497e+00
1.335688321732405148e+00,9.858312217799397814e+00
1.335704756380510450e+00,9.848576327163405253e+00
1.335721191028615307e+00,9.842933757977332832e+00
1.335737625676720608e+00,9.838481145332270472e+00
1.335754060324825687e+00,9.833635546122632576e+00
1.335770494972930988e+00,9.823210040930185016e+00
1.335786929621036068e+00,9.812787159665159464e+00
1.335803364269141369e+00,9.802120297543103433e+00
1.335819798917246670e+00,9.791009670371936480e+00
1.335836233565351749e+00,9.779902733148775340e+00
1.335852668213457051e+00,9.769916926079071473e+00
1.335869102861562130e+00,9.760544400707935608e+00
1.335885537509667431e+00,9.751172902235236251e+00
1.335901972157772288e+00,9.746937973728709181e+00
1.335918406805877590e+00,9.743042021495874394e+00
1.335934841453982669e+00,9.738247341559000958e+00
1.335951276102087970e+00,9.730419647207620315e+00
1.335967710750193049e+00,9.722590540466763187e+00
1.335984145398298351e+00,9.712950578649824251e+00
1.336000580046403652e+00,9.701627710368191160e+00
1.336017014694508731e+00,9.690308894122496852e+00
1.336033449342614032e+00,9.688617599256737378e+00
1.336049883990719112e+00,9.689198650794059731e+00
1.336066318638824413e+00,9.688965549900180108e+00
1.336082753286929270e+00,9.681396775091664963e+00
1.336099187935034571e+00,9.673826135306756058e+00
1.336115622583139650e+00,9.664950981692573606e+00
1.336132057231244952e+00,9.654026598040783114e+00
1.336148491879350253e+00,9.643105649069468654e+00
1.336164926527455332e+00,9.634443718772901732e+00
1.336181361175560633e+00,9.626849701514863966e+00
1.336197795823665713e+00,9.619253852619381817e+00
1.336214230471771014e+00,9.613074854805923053e+00
1.336230665119876093e+00,9.606937876214093563e+00
1.336247099767981394e+00,9.600838478129276155e+00
1.336263534416086252e+00,9.594854668490929939e+00
1.336279969064191553e+00,9.588866386828588162e+00
1.336296403712296854e+00,9.578648108741262490e+00
1.336312838360401933e+00,9.564950869025455660e+00
1.336329273008507235e+00,9.551261421729588363e+00
1.336345707656612314e+00,9.536707441155265030e+00
1.336362142304717615e+00,9.521954364925441894e+00
1.336378576952822694e+00,9.508149176959612703e+00
1.336395011600927996e+00,9.500771721526310998e+00
1.336411446249033075e+00,9.493392040088984629e+00
1.336427880897138376e+00,9.485209309037465175e+00
1.336444315545243677e+00,9.475906629819176530e+00
1.336460750193348535e+00,9.466604933071096184e+00
1.336477184841453836e+00,9.457086023112079687e+00
1.336493619489558915e+00,9.447477830083833794e+00
1.336510054137664216e+00,9.437871134205654045e+00
1.336526488785769295e+00,9.432053090566405729e+00
1.336542923433874597e+00,9.426246535885143274e+00
1.336559358081979676e+00,9.420420000249198011e+00
1.336575792730084977e+00,9.414550817269224936e+00
1.336592227378190278e+00,9.408676797339333930e+00
1.336608662026295358e+00,9.398985222671759843e+00
1.336625096674400659e+00,9.386469019644302136e+00
1.336641531322505516e+00,9.373959128255485496e+00
1.336657965970610817e+00,9.372394363898175484e+00
1.336674400618715897e+00,9.372549549211065312e+00
1.336690835266821198e+00,9.371004457252084308e+00
1.336707269914926277e+00,9.360065403708841103e+00
1.336723704563031578e+00,9.349130056082051610e+00
1.336740139211136880e+00,9.341314563991543807e+00
1.336756573859241959e+00,9.337444453977081338e+00
1.336773008507347260e+00,9.333565933341201770e+00
1.336789443155452339e+00,9.323300549626155842e+00
1.336805877803557641e+00,9.310678235556933302e+00
1.336822312451662498e+00,9.298119009335321650e+00
1.336838747099767799e+00,9.288570315021413393e+00
1.336855181747872878e+00,9.279023013505486972e+00
1.336871616395978180e+00,9.269765110366552818e+00
1.336888051044083259e+00,9.261157312300825950e+00
1.336904485692188560e+00,9.252549306498158543e+00
1.336920920340293861e+00,9.241415972176579174e+00
1.336937354988398940e+00,9.228573592672832504e+00
1.336953789636504242e+00,9.215738184851812065e+00
1.336970224284609321e+00,9.203509866026379882e+00
1.336986658932714622e+00,9.191366150728383033e+00
1.337003093580819479e+00,9.180351246501810891e+00
1.337019528228924781e+00,9.174725809306305990e+00
1.337035962877029860e+00,9.169094981507461384e+00
1.337052397525135161e+00,9.161935289195895393e+00
1.337068832173240462e+00,9.152990637592104406e+00
1.337085266821345542e+00,9.144046380611662528e+00
1.337101701469450843e+00,9.134967752937248164e+00
1.337118136117555922e+00,9.125844586349211696e+00
1.337134570765661223e+00,9.116844657525867035e+00
1.337151005413766081e+00,9.111044173033455706e+00
1.337167440061871382e+00,9.105238555631560260e+00
1.337183874709976461e+00,9.097702884077630614e+00
1.337200309358081762e+00,9.086583169871797594e+00
1.337216744006186842e+00,9.075467612897007541e+00
1.337233178654292143e+00,9.065528669965299713e+00
1.337249613302397444e+00,9.056332316061187271e+00
1.337266047950502523e+00,9.047136803997508636e+00
1.337282482598607825e+00,9.039694927676087843e+00
1.337298917246712904e+00,9.032444278900213064e+00
1.337315351894818205e+00,9.024409488016688741e+00
1.337331786542923062e+00,9.013006414064806293e+00
1.337348221191028363e+00,9.001608030475715339e+00
1.337364655839133443e+00,8.992217552702287620e+00
1.337381090487238744e+00,8.985032625133984041e+00
1.337397525135344045e+00,8.977844982645342142e+00
1.337413959783449124e+00,8.974672842379726845e+00
1.337430394431554426e+00,8.972735062190084321e+00
1.337446829079659505e+00,8.970533407709021745e+00
1.337463263727764806e+00,8.963625068156794384e+00
1.337479698375869885e+00,8.956713464428133875e+00
1.337496133023975187e+00,8.949419802436660021e+00
1.337512567672080044e+00,8.941382751140231733e+00
1.337529002320185345e+00,8.933344447808268640e+00
1.337545436968290646e+00,8.925238364299085347e+00
1.337561871616395726e+00,8.917091332222700117e+00
1.337578306264501027e+00,8.908943238600331327e+00
1.337594740912606106e+00,8.897877498155699172e+00
1.337611175560711407e+00,8.886536741945453954e+00
1.337627610208816487e+00,8.874178881273886432e+00
1.337644044856921788e+00,8.857735124632693413e+00
1.337660479505026867e+00,8.841304873861773217e+00
1.337676914153132168e+00,8.831098152607403051e+00
1.337693348801237470e+00,8.827439954926063592e+00
1.337709783449342327e+00,8.823772471112627969e+00
1.337726218097447628e+00,8.821435608759800928e+00
1.337742652745552707e+00,8.819478938641120536e+00
1.337759087393658008e+00,8.816813903323952317e+00
1.337775522041763088e+00,8.803308559566291436e+00
1.337791956689868389e+00,8.789811715879107368e+00
1.337808391337973468e+00,8.777120016195153696e+00
1.337824825986078769e+00,8.765933027037906555e+00
1.337841260634184071e+00,8.754750474183005338e+00
1.337857695282289150e+00,8.746281105743223705e+00
1.337874129930394451e+00,8.739375711646193423e+00
1.337890564578499308e+00,8.732466973600027771e+00
1.337906999226604610e+00,8.720666748513471234e+00
1.337923433874709689e+00,8.708448582132483295e+00
1.337939868522814990e+00,8.697335820219326052e+00
1.337956303170920069e+00,8.690444097461783812e+00
1.337972737819025371e+00,8.683548997620249565e+00
1.337989172467130672e+00,8.678725880821279048e+00
1.338005607115235751e+00,8.676027647642660767e+00
1.338022041763341052e+00,8.673318080960203957e+00
1.338038476411446132e+00,8.668759109948981134e+00
1.338054911059551433e+00,8.663672052388630362e+00
1.338071345707656290e+00,8.657905104007561192e+00
1.338087780355761591e+00,8.642521984144066138e+00
1.338104215003866670e+00,8.627150879818263007e+00
1.338120649651971972e+00,8.613034004995110848e+00
1.338137084300077051e+00,8.601216756924550566e+00
1.338153518948182352e+00,8.589405187986113077e+00
1.338169953596287653e+00,8.579095059827478664e+00
1.338186388244392733e+00,8.569637721427863397e+00
1.338202822892498034e+00,8.560181750983856475e+00
1.338219257540603113e+00,8.557813481008031076e+00
1.338235692188708414e+00,8.556020449379067472e+00
1.338252126836813272e+00,8.551523474533359703e+00
1.338268561484918573e+00,8.536855709217761046e+00
1.338284996133023652e+00,8.522198845050127147e+00
1.338301430781128953e+00,8.512992412454893909e+00
1.338317865429234255e+00,8.509332757443077710e+00
1.338334300077339334e+00,8.505663410909992450e+00
1.338350734725444635e+00,8.503920044588445748e+00
1.338367169373549714e+00,8.502706923676649708e+00
1.338383604021655016e+00,8.501027575020712490e+00
1.338400038669760095e+00,8.492957451805578373e+00
1.338416473317865396e+00,8.484886024930984760e+00
1.338432907965970253e+00,8.474541037088084039e+00
1.338449342614075555e+00,8.460010897603440938e+00
1.338465777262180634e+00,8.445491509287668563e+00
1.338482211910285935e+00,8.431540468680029932e+00
1.338498646558391236e+00,8.417916784456451751e+00
1.338515081206496316e+00,8.404302255326436821e+00
1.338531515854601617e+00,8.398628743959138276e+00
1.338547950502706696e+00,8.393618497654884436e+00
1.338564385150811997e+00,8.386931209153381417e+00
1.338580819798917076e+00,8.373861239708862314e+00
1.338597254447022378e+00,8.360799451441586427e+00
1.338613689095127235e+00,8.349315456218926457e+00
1.338630123743232536e+00,8.339453351174439533e+00
1.338646558391337837e+00,8.329593421547871301e+00
1.338662993039442917e+00,8.324861724045014455e+00
1.338679427687548218e+00,8.321588677457702588e+00
1.338695862335653297e+00,8.318240013251751108e+00
1.338712296983758598e+00,8.313904191771987584e+00
1.338728731631863678e+00,8.309559737569154336e+00
1.338745166279968979e+00,8.303672116071394882e+00
1.338761600928074058e+00,8.294895086219121083e+00
1.338778035576179359e+00,8.286118106338712153e+00
1.338794470224284661e+00,8.276498709100655660e+00
1.338810904872389518e+00,8.266390471223418857e+00
1.338827339520494819e+00,8.256284865233416426e+00
1.338843774168599898e+00,8.242658305701084487e+00
1.338860208816705200e+00,8.228720089043280339e+00
1.338876643464810279e+00,8.216538525253429981e+00
1.338893078112915580e+00,8.211299769718367614e+00
1.338909512761020659e+00,8.206054098436549538e+00
1.338925947409125961e+00,8.198218621735437139e+00
1.338942382057231262e+00,8.187645776380691132e+00
1.338958816705336341e+00,8.177076509185472020e+00
1.338975251353441642e+00,8.165926904409497311e+00
1.338991686001546499e+00,8.154607567305049542e+00
1.339008120649651801e+00,8.143899975126233315e+00
1.339024555297756880e+00,8.143798954222479125e+00
1.339040989945862181e+00,8.143680421810392644e+00
1.339057424593967260e+00,8.141416859537777384e+00
1.339073859242072562e+00,8.134981662475738062e+00
1.339090293890177863e+00,8.128541834051226544e+00
1.339106728538282942e+00,8.119781391016289263e+00
1.339123163186388243e+00,8.109616757090892136e+00
1.339139597834493323e+00,8.099454906988572844e+00
1.339156032482598624e+00,8.087831806677156621e+00
1.339172467130703481e+00,8.076063239842641295e+00
1.339188901778808782e+00,8.063889954287656536e+00
1.339205336426913862e+00,8.049977230864167055e+00
1.339221771075019163e+00,8.036074682226651333e+00
1.339238205723124464e+00,8.024829373823923362e+00
1.339254640371229543e+00,8.016523067257018909e+00
1.339271075019334845e+00,8.008215905401211643e+00
1.339287509667439924e+00,7.998946716233793275e+00
1.339303944315545225e+00,7.989371661684199211e+00
1.339320378963650082e+00,7.979824336211021496e+00
1.339336813611755606e+00,7.970880320813970243e+00
1.339353248259860463e+00,7.961936737980227718e+00
1.339369682907965764e+00,7.953317645720823670e+00
1.339386117556070843e+00,7.945370755150745090e+00
1.339402552204176144e+00,7.937422274406319644e+00
1.339418986852281446e+00,7.932865769226045138e+00
1.339435421500386525e+00,7.930482637551670599e+00
1.339451856148491826e+00,7.928086329154840683e+00
1.339468290796596905e+00,7.922124062169277003e+00
1.339484725444702207e+00,7.915725284830570807e+00
1.339501160092807064e+00,7.909266932142607232e+00
1.339517594740912365e+00,7.902546193609090608e+00
1.339534029389017444e+00,7.895821260862262214e+00
1.339550464037122746e+00,7.888082882636531679e+00
1.339566898685228047e+00,7.879150429706474057e+00
1.339583333333333126e+00,7.870218325025608586e+00
1.339599767981438427e+00,7.859262529073064663e+00
1.339616202629543507e+00,7.847605573448624305e+00
1.339632637277648808e+00,7.836115065371523691e+00
1.339649071925753887e+00,7.831070405207366747e+00
1.339665506573859188e+00,7.826017995160474250e+00
1.339681941221964045e+00,7.818368013153873974e+00
1.339698375870069347e+00,7.804881902595385057e+00
1.339714810518174426e+00,7.791405449264162009e+00
1.339731245166279727e+00,7.783523011262030167e+00
1.339747679814385029e+00,7.779514538392183098e+00
1.339764114462490108e+00,7.775496049277877297e+00
1.339780549110595409e+00,7.767328532800317653e+00
1.339796983758700488e+00,7.758557166149123496e+00
1.339813418406805789e+00,7.749179332586620284e+00
1.339829853054910869e+00,7.736489350939119269e+00
1.339846287703016170e+00,7.723707075617413764e+00
1.339862722351121027e+00,7.711271799921785686e+00
1.339879156999226328e+00,7.699278312742218411e+00
1.339895591647331630e+00,7.687291699591105143e+00
1.339912026295436709e+00,7.674894135925548255e+00
1.339928460943542010e+00,7.662342367741585392e+00
1.339944895591647089e+00,7.649812638039793278e+00
1.339961330239752391e+00,7.642297778045729295e+00
1.339977764887857470e+00,7.634780317217491508e+00
1.339994199535962771e+00,7.626495935776514301e+00
1.340010634184067850e+00,7.616295534281091406e+00
1.340027068832173152e+00,7.606098299595981160e+00
1.340043503480278453e+00,7.598964075323676681e+00
1.340059938128383310e+00,7.594158191505702149e+00
1.340076372776488611e+00,7.589343737956069091e+00
1.340092807424593691e+00,7.586855798827714992e+00
1.340109242072698992e+00,7.584767852011201406e+00
1.340125676720804071e+00,7.581432763689270438e+00
1.340142111368909372e+00,7.569944415483479183e+00
1.340158546017014451e+00,7.558461972911032056e+00
1.340174980665119753e+00,7.548713291843093920e+00
1.340191415313225054e+00,7.541417350046635271e+00
1.340207849961330133e+00,7.534118228667995965e+00
1.340224284609435434e+00,7.524535480627961626e+00
1.340240719257540292e+00,7.513955301481574089e+00
1.340257153905645593e+00,7.503379118422617289e+00
1.340273588553750672e+00,7.496657270983964061e+00
1.340290023201855973e+00,7.490022254919900924e+00
1.340306457849961053e+00,7.481649298342397003e+00
1.340322892498066354e+00,7.468308270011817740e+00
1.340339327146171655e+00,7.454977240771079039e+00
1.340355761794276734e+00,7.443537256939157132e+00
1.340372196442382036e+00,7.433703778277440222e+00
1.340388631090487115e+00,7.423872725117942828e+00
1.340405065738592416e+00,7.412687092920092091e+00
1.340421500386697273e+00,7.401212293999535063e+00
1.340437935034802575e+00,7.390033502897975559e+00
1.340454369682907654e+00,7.381387004244915673e+00
1.340470804331012955e+00,7.372740335146926505e+00
1.340487238979118256e+00,7.365909707476628654e+00
1.340503673627223336e+00,7.361983452535918460e+00
1.340520108275328637e+00,7.358046320113921013e+00
1.340536542923433716e+00,7.355021967061981414e+00
1.340552977571539017e+00,7.352448744479120002e+00
1.340569412219644096e+00,7.349861433189830429e+00
1.340585846867749398e+00,7.340864568865592688e+00
1.340602281515854255e+00,7.331506480366710043e+00
1.340618716163959556e+00,7.321718149517270291e+00
1.340635150812064635e+00,7.310467383966644306e+00
1.340651585460169937e+00,7.299222216077365211e+00
1.340668020108275238e+00,7.288925347117700682e+00
1.340684454756380317e+00,7.279542767930077929e+00
1.340700889404485618e+00,7.270161625775347858e+00
1.340717324052590698e+00,7.261743142994436795e+00
1.340733758700695999e+00,7.253580385277941467e+00
1.340750193348801078e+00,7.245439564115471853e+00
1.340766627996906379e+00,7.237606443551443114e+00
1.340783062645011237e+00,7.229771229910360475e+00
1.340799497293116538e+00,7.221033616544772826e+00
1.340815931941221839e+00,7.210629964634917677e+00
1.340832366589326918e+00,7.200230084032899214e+00
1.340848801237432220e+00,7.191096125805811035e+00
1.340865235885537299e+00,7.182699914678655873e+00
1.340881670533642600e+00,7.174302899422926316e+00
1.340898105181747679e+00,7.162753154393295851e+00
1.340914539829852981e+00,7.150904370497237039e+00
1.340930974477958060e+00,7.140937406382927399e+00
1.340947409126063361e+00,7.138856383907434378e+00
1.340963843774168218e+00,7.136759676547817399e+00
1.340980278422273519e+00,7.130702708072407248e+00
1.340996713070378821e+00,7.120235455316032969e+00
1.341013147718483900e+00,7.109772158348771853e+00
1.341029582366589201e+00,7.097693041263282154e+00
1.341046017014694280e+00,7.085089163783869104e+00
1.341062451662799582e+00,7.076547846956008136e+00
1.341078886310904661e+00,7.078018684242443292e+00
1.341095320959009962e+00,7.079487720277457541e+00
1.341111755607115041e+00,7.083751658336564283e+00
1.341128190255220343e+00,7.094170466345045334e+00
1.341144624903325644e+00,7.104595521103169276e+00
1.341161059551430501e+00,7.109986242449146232e+00
1.341177494199535802e+00,7.111909562677374730e+00
1.341193928847640882e+00,7.113831511162735488e+00
1.341210363495746183e+00,7.113976918412726391e+00
1.341226798143851262e+00,7.113859186596633855e+00
1.341243232791956563e+00,7.114741093881457701e+00
1.341259667440061643e+00,7.121216780520621903e+00
1.341276102088166944e+00,7.127695279478580836e+00
1.341292536736272245e+00,7.131881132671733958e+00
1.341308971384377324e+00,7.133044421505209343e+00
1.341325406032482626e+00,7.134205624728046757e+00
1.341341840680587483e+00,7.132168861360761447e+00
1.341358275328692784e+00,7.128828613356703592e+00
1.341374709976797863e+00,7.125481870586729549e+00
1.341391144624903164e+00,7.130813716681734249e+00
1.341407579273008244e+00,7.136229011794392285e+00
1.341424013921113545e+00,7.142103575031121032e+00
1.341440448569218846e+00,7.149217048871649993e+00
1.341456883217323925e+00,7.156333885065806477e+00
1.341473317865429227e+00,7.158844095017728115e+00
1.341489752513534306e+00,7.157570369198250404e+00
1.341506187161639607e+00,7.156292223341427672e+00
1.341522621809744464e+00,7.158074907144454713e+00
1.341539056457849766e+00,7.160490719625938638e+00
1.341555491105954845e+00,7.163635358928762464e+00
1.341571925754060146e+00,7.172831624211427837e+00
1.341588360402165447e+00,7.182033030495224679e+00
1.341604795050270527e+00,7.188935714081013728e+00
1.341621229698375828e+00,7.192185788184051631e+00
1.341637664346480907e+00,7.195435743921731131e+00
1.341654098994586208e+00,7.196216488069731909e+00
1.341670533642691066e+00,7.195753754510092470e+00
1.341686968290796367e+00,7.195287409566601511e+00
1.341703402938901446e+00,7.193808187276819588e+00
1.341719837587006747e+00,7.192264930273199575e+00
1.341736272235112049e+00,7.191704484543642195e+00
1.341752706883217128e+00,7.194579781527805196e+00
1.341769141531322429e+00,7.197454626822462842e+00
1.341785576179427508e+00,7.203994848064699141e+00
1.341802010827532810e+00,7.214178697948559815e+00
1.341818445475637889e+00,7.224368479339998927e+00
1.341834880123743190e+00,7.230200999189440481e+00
1.341851314771848047e+00,7.234807175795045175e+00
1.341867749419953348e+00,7.239479030008709515e+00
1.341884184068058428e+00,7.245184800202088660e+00
1.341900618716163729e+00,7.250892656809623915e+00
1.341917053364269030e+00,7.255463211766458365e+00
1.341933488012374109e+00,7.257794602331801848e+00
1.341949922660479411e+00,7.260125032257039202e+00
1.341966357308584490e+00,7.257575019893021562e+00
1.341982791956689791e+00,7.251969467885457377e+00
1.341999226604794870e+00,7.246355254883641628e+00
1.342015661252900172e+00,7.249492350035189325e+00
1.342032095901005029e+00,7.253671882677187099e+00
1.342048530549110330e+00,7.258538396397661074e+00
1.342064965197215631e+00,7.266715789772296930e+00
1.342081399845320711e+00,7.274897394905135428e+00
1.342097834493426012e+00,7.281225071620501588e+00
1.342114269141531091e+00,7.285281561403020412e+00
1.342130703789636392e+00,7.289338664730560247e+00
1.342147138437741472e+00,7.291197380275587392e+00
1.342163573085846773e+00,7.292231711505301917e+00
1.342180007733951852e+00,7.293251282162815485e+00
1.342196442382057153e+00,7.292020768928899166e+00
1.342212877030162010e+00,7.290785968424311925e+00
1.342229311678267312e+00,7.291663264422397539e+00
1.342245746326372613e+00,7.297893541385923832e+00
1.342262180974477692e+00,7.304126347405623498e+00
1.342278615622582993e+00,7.308909518158162477e+00
1.342295050270688073e+00,7.312557013887804658e+00
1.342311484918793374e+00,7.316204758129146057e+00
1.342327919566898453e+00,7.317975301149897582e+00
1.342344354215003754e+00,7.319382793618074423e+00
1.342360788863108834e+00,7.321362434830234633e+00
1.342377223511214135e+00,7.327715393660741761e+00
1.342393658159319436e+00,7.334070976285333998e+00
1.342410092807424293e+00,7.339581502686114867e+00
1.342426527455529595e+00,7.343786074049210910e+00
1.342442962103634674e+00,7.347991387001718167e+00
1.342459396751739975e+00,7.351589907546376423e+00
1.342475831399845054e+00,7.354890211358360297e+00
1.342492266047950356e+00,7.358190449566500035e+00
1.342508700696055435e+00,7.362849228365228704e+00
1.342525135344160736e+00,7.367583917935996318e+00
1.342541569992266037e+00,7.371741412239278368e+00
1.342558004640371117e+00,7.373906575210140701e+00
1.342574439288476418e+00,7.376070648295981691e+00
1.342590873936581275e+00,7.374321709873967734e+00
1.342607308584686576e+00,7.368685091778059082e+00
1.342623743232791655e+00,7.363039930931009280e+00
1.342640177880896957e+00,7.366055176988434816e+00
1.342656612529002036e+00,7.371531100937578351e+00
1.342673047177107337e+00,7.377046283912540581e+00
1.342689481825212638e+00,7.383197200481599332e+00
1.342705916473317718e+00,7.389350547742754571e+00
1.342722351121423019e+00,7.394589206715211027e+00
1.342738785769528098e+00,7.397987864635015676e+00
1.342755220417633399e+00,7.401386549153613714e+00
1.342771655065738257e+00,7.403253579400230322e+00
1.342788089713843558e+00,7.404157157001217016e+00
1.342804524361948637e+00,7.405058471603313208e+00
1.342820959010053938e+00,7.405713300568572244e+00
1.342837393658159240e+00,7.406334122087955940e+00
1.342853828306264319e+00,7.408113006271345391e+00
1.342870262954369620e+00,7.415888814259339767e+00
1.342886697602474699e+00,7.423668481487188942e+00
1.342903132250580001e+00,7.428512370481504590e+00
1.342919566898685080e+00,7.429593170766429999e+00
1.342936001546790381e+00,7.430671881599955952e+00
1.342952436194895238e+00,7.431588053382460757e+00
1.342968870843000539e+00,7.432437971111838237e+00
1.342985305491105841e+00,7.433285590503354356e+00
1.343001740139210920e+00,7.440112189423563116e+00
1.343018174787316221e+00,7.446995650278940282e+00
1.343034609435421300e+00,7.453309185375038837e+00
1.343051044083526602e+00,7.458053184054620921e+00
1.343067478731631681e+00,7.462798408566444941e+00
1.343083913379736982e+00,7.464982820870128322e+00
1.343100348027842061e+00,7.465010667495216801e+00
1.343116782675947363e+00,7.465035454725641451e+00
1.343133217324052220e+00,7.464710438752624633e+00
1.343149651972157521e+00,7.464305444350951113e+00
1.343166086620262822e+00,7.464138531877543059e+00
1.343182521268367902e+00,7.466271526532321623e+00
1.343198955916473203e+00,7.468403417458904237e+00
1.343215390564578282e+00,7.473780993320630728e+00
1.343231825212683583e+00,7.484673990012023381e+00
1.343248259860788663e+00,7.495573359584629891e+00
1.343264694508893964e+00,7.502578388457878944e+00
1.343281129156999043e+00,7.507451351383306104e+00
1.343297563805104344e+00,7.512325644002853409e+00
1.343313998453209646e+00,7.512724155010970684e+00
1.343330433101314503e+00,7.512740613731359929e+00
1.343346867749419804e+00,7.513887704205152396e+00
1.343363302397524883e+00,7.519643242698051289e+00
1.343379737045630185e+00,7.525400873523067524e+00
1.343396171693735264e+00,7.529723556049066069e+00
1.343412606341840565e+00,7.532444134323001528e+00
1.343429040989945644e+00,7.535164137078809610e+00
1.343445475638050945e+00,7.539716082143582021e+00
1.343461910286156025e+00,7.544886405438728794e+00
1.343478344934261326e+00,7.549987236709548633e+00
1.343494779582366627e+00,7.552109072890113239e+00
1.343511214230471484e+00,7.554229795737653852e+00
1.343527648878576786e+00,7.555926908899710526e+00
1.343544083526681865e+00,7.556628632580438598e+00
1.343560518174787166e+00,7.557327954460397734e+00
1.343576952822892245e+00,7.562012318912838538e+00
1.343593387470997547e+00,7.569665511227321453e+00
1.343609822119102626e+00,7.577322380156806148e+00
1.343626256767207927e+00,7.581726235221947441e+00
1.343642691415313228e+00,7.585548696072565100e+00
1.343659126063418308e+00,7.588792538734151272e+00
1.343675560711523609e+00,7.587911993843609260e+00
1.343691995359628466e+00,7.587027589442541853e+00
1.343708430007733767e+00,7.585409535695663230e+00
1.343724864655838847e+00,7.582682281643105426e+00
1.343741299303944148e+00,7.579949432566572831e+00
1.343757733952049227e+00,7.580329022802128058e+00
1.343774168600154528e+00,7.582224367412747412e+00
1.343790603248259830e+00,7.584118414328690605e+00
1.343807037896364909e+00,7.593392876390722357e+00
1.343823472544470210e+00,7.603084461115924064e+00
1.343839907192575067e+00,7.611341253815845143e+00
1.343856341840680590e+00,7.614541949564465284e+00
1.343872776488785448e+00,7.617742503827166445e+00
1.343889211136890749e+00,7.620875008973288622e+00
1.343905645784995828e+00,7.623938288883249648e+00
1.343922080433101129e+00,7.627001306849228612e+00
1.343938515081206431e+00,7.628184023650248058e+00
1.343954949729311510e+00,7.628804017393235881e+00
1.343971384377416811e+00,7.629596654298278935e+00
1.343987819025521890e+00,7.634147962271485177e+00
1.344004253673627192e+00,7.638700305011571601e+00
1.344020688321732049e+00,7.643640466649221032e+00
1.344037122969837350e+00,7.649409515687699113e+00
1.344053557617942429e+00,7.655180632754301051e+00
1.344069992266047731e+00,7.656711641321953365e+00
1.344086426914153032e+00,7.655324057615894517e+00
1.344102861562258111e+00,7.653932191037906563e+00
1.344119296210363412e+00,7.655341269659371228e+00
1.344135730858468492e+00,7.657180651300889096e+00
1.344152165506573793e+00,7.659867822867057363e+00
1.344168600154678872e+00,7.667755159210653204e+00
1.344185034802784173e+00,7.675646311983322256e+00
1.344201469450889030e+00,7.681869921672423551e+00
1.344217904098994332e+00,7.685730702013228388e+00
1.344234338747099633e+00,7.689591915702806979e+00
1.344250773395204712e+00,7.691735349398604704e+00
1.344267208043310013e+00,7.693097592418303599e+00
1.344283642691415093e+00,7.694458076077935971e+00
1.344300077339520394e+00,7.696017331576859632e+00
1.344316511987625473e+00,7.697583060229643337e+00
1.344332946635730774e+00,7.700466928270275346e+00
1.344349381283835854e+00,7.707651919438250232e+00
1.344365815931941155e+00,7.714840134887475109e+00
1.344382250580046012e+00,7.718141608613188431e+00
1.344398685228151313e+00,7.717677328704842132e+00
1.344415119876256615e+00,7.717209649246593806e+00
1.344431554524361694e+00,7.717066566527384985e+00
1.344447989172466995e+00,7.717012100859021118e+00
1.344464423820572074e+00,7.717014629673029091e+00
1.344480858468677376e+00,7.718050745270192969e+00
1.344497293116782455e+00,7.719084827866219634e+00
1.344513727764887756e+00,7.720832453639633997e+00
1.344530162412992835e+00,7.724046510692274659e+00
1.344546597061098137e+00,7.727260450623540500e+00
1.344563031709203438e+00,7.733510367911019756e+00
1.344579466357308295e+00,7.741780460808754150e+00
1.344595901005413596e+00,7.750054637787314071e+00
1.344612335653518675e+00,7.757386668312247657e+00
1.344628770301623977e+00,7.764585308468180180e+00
1.344645204949729056e+00,7.770361106530476292e+00
1.344661639597834357e+00,7.767836340400424255e+00
1.344678074245939436e+00,7.765306303273157518e+00
1.344694508894044738e+00,7.763632064804370181e+00
1.344710943542149817e+00,7.763145862984751844e+00
1.344727378190255118e+00,7.762656275700795305e+00
1.344743812838360419e+00,7.764453347457259014e+00
1.344760247486465277e+00,7.767268469248945095e+00
1.344776682134570578e+00,7.770083132225849454e+00
1.344793116782675657e+00,7.775506221223960068e+00
1.344809551430780958e+00,7.781026856154637628e+00
1.344825986078886038e+00,7.787478550033913649e+00
1.344842420726991339e+00,7.796924518973965768e+00
1.344858855375096418e+00,7.806375466960844278e+00
1.344875290023201719e+00,7.815098989835872700e+00
1.344891724671307021e+00,7.823121471681186989e+00
1.344908159319412100e+00,7.831147799571938073e+00
1.344924593967517401e+00,7.834581108302939967e+00
1.344941028615622258e+00,7.836730631006276759e+00
1.344957463263727560e+00,7.838682536721956140e+00
1.344973897911832639e+00,7.837187168367036882e+00
1.344990332559937940e+00,7.835687514709129609e+00
1.345006767208043019e+00,7.835407984385533098e+00
1.345023201856148320e+00,7.837656766786156304e+00
1.345039636504253622e+00,7.839904599339562630e+00
1.345056071152358701e+00,7.842429720926353376e+00
1.345072505800464002e+00,7.845141197917387288e+00
1.345088940448569081e+00,7.847852125624676489e+00
1.345105375096674383e+00,7.851286527521644132e+00
1.345121809744779240e+00,7.854829233191232163e+00
1.345138244392884541e+00,7.858299354740667653e+00
1.345154679040989620e+00,7.861329339475073397e+00
1.345171113689094922e+00,7.864359048408905650e+00
1.345187548337200223e+00,7.867159027914203406e+00
1.345203982985305302e+00,7.869633075521692334e+00
1.345220417633410603e+00,7.872106373080649533e+00
1.345236852281515683e+00,7.875386585743687107e+00
1.345253286929620984e+00,7.879037824311270199e+00
1.345269721577726063e+00,7.882689314414490056e+00
1.345286156225831364e+00,7.887763778795283010e+00
1.345302590873936222e+00,7.892903889457747013e+00
1.345319025522041523e+00,7.896589116464532765e+00
1.345335460170146824e+00,7.895350459957071187e+00
1.345351894818251903e+00,7.894107794442801307e+00
1.345368329466357205e+00,7.895016135134027557e+00
1.345384764114462284e+00,7.898080856939691863e+00
1.345401198762567585e+00,7.901145337562630822e+00
1.345417633410672664e+00,7.906403297922739881e+00
1.345434068058777966e+00,7.912314833474964892e+00
1.345450502706883045e+00,7.918043541507124417e+00
1.345466937354988346e+00,7.919575913900322561e+00
1.345483372003093647e+00,7.921106734211990741e+00
1.345499806651198504e+00,7.922666536411117733e+00
1.345516241299303806e+00,7.924291773115665016e+00
1.345532675947408885e+00,7.925915541672913456e+00
1.345549110595514186e+00,7.929820392826810505e+00
1.345565545243619265e+00,7.935349946452747716e+00
1.345581979891724567e+00,7.940881299647714719e+00
1.345598414539829646e+00,7.944565106949769806e+00
1.345614849187934947e+00,7.947936030539518804e+00
1.345631283836040026e+00,7.951327296171470493e+00
1.345647718484145328e+00,7.954859560302663724e+00
1.345664153132250629e+00,7.958391975575652033e+00
1.345680587780355486e+00,7.962601386796253955e+00
1.345697022428460787e+00,7.967840709673950528e+00
1.345713457076565867e+00,7.973081588444743240e+00
1.345729891724671168e+00,7.977468671464846395e+00
1.345746326372776247e+00,7.981430313187529713e+00
1.345762761020881548e+00,7.985392459977786572e+00
1.345779195668986628e+00,7.987424635340415691e+00
1.345795630317091929e+00,7.989328169865063778e+00
1.345812064965197230e+00,7.990019409352743907e+00
1.345828499613302309e+00,7.986109460115911496e+00
1.345844934261407611e+00,7.982193129352333827e+00
1.345861368909512468e+00,7.985282503867339621e+00
1.345877803557617769e+00,7.996003824116365344e+00
1.345894238205722848e+00,8.006730943754263308e+00
1.345910672853828149e+00,8.012641598650766639e+00
1.345927107501933229e+00,8.016939383662025520e+00
1.345943542150038530e+00,8.021193972650785042e+00
1.345959976798143609e+00,8.023227837981963262e+00
1.345976411446248910e+00,8.025260595785459472e+00
1.345992846094354212e+00,8.028195873611991829e+00
1.346009280742459291e+00,8.033349246066363136e+00
1.346025715390564592e+00,8.038504091713557287e+00
1.346042150038669449e+00,8.042413288107240987e+00
1.346058584686774751e+00,8.045468582318155981e+00
1.346075019334879830e+00,8.048628767205251222e+00
1.346091453982985131e+00,8.050863667825218783e+00
1.346107888631090210e+00,8.052907264712894531e+00
1.346124323279195512e+00,8.054338270189971283e+00
1.346140757927300813e+00,8.050220436153759707e+00
1.346157192575405892e+00,8.046095611076298226e+00
1.346173627223511193e+00,8.045998816876046789e+00
1.346190061871616050e+00,8.052800331882593809e+00
1.346206496519721352e+00,8.059604808856411395e+00
1.346222931167826431e+00,8.066171650488110245e+00
1.346239365815931732e+00,8.072605105419928151e+00
1.346255800464036811e+00,8.079041204568161660e+00
1.346272235112142113e+00,8.082665843853098053e+00
1.346288669760247414e+00,8.086006367632199598e+00
1.346305104408352493e+00,8.089833968373323358e+00
1.346321539056457794e+00,8.095916104829058213e+00
1.346337973704562874e+00,8.102000580328086343e+00
1.346354408352668175e+00,8.102880005368387373e+00
1.346370843000773032e+00,8.097315037761143586e+00
1.346387277648878333e+00,8.091741691300160966e+00
1.346403712296983413e+00,8.090934619117918558e+00
1.346420146945088714e+00,8.092014443363344967e+00
1.346436581593194015e+00,8.093092219057645309e+00
1.346453016241299094e+00,8.096594430604401538e+00
1.346469450889404396e+00,8.100132188265531497e+00
1.346485885537509475e+00,8.103968291077395136e+00
1.346502320185614776e+00,8.108677583488615781e+00
1.346518754833719855e+00,8.113388041718099686e+00
1.346535189481825157e+00,8.122098295319556627e+00
1.346551624129930014e+00,8.134450576613284412e+00
1.346568058778035315e+00,8.146810231649025624e+00
1.346584493426140616e+00,8.153838511411288792e+00
1.346600928074245695e+00,8.159472987986244874e+00
1.346617362722350997e+00,8.164707327847795071e+00
1.346633797370456076e+00,8.163804685858607968e+00
1.346650232018561377e+00,8.162898177290689006e+00
1.346666666666666456e+00,8.162290210154964143e+00
1.346683101314771758e+00,8.162292203603136898e+00
1.346699535962876837e+00,8.162291173562095992e+00
1.346715970610982138e+00,8.162058590867726338e+00
1.346732405259087439e+00,8.161669647744592027e+00
1.346748839907192297e+00,8.161277329332992991e+00
1.346765274555297598e+00,8.166055678970232989e+00
1.346781709203402677e+00,8.171626049598765817e+00
1.346798143851507978e+00,8.177090434321579338e+00
1.346814578499613058e+00,8.181870559771299511e+00
1.346831013147718359e+00,8.186651899024061763e+00
1.346847447795823438e+00,8.190673161031581273e+00
1.346863882443928739e+00,8.193572874261104033e+00
1.346880317092033819e+00,8.196472172107768017e+00
1.346896751740139120e+00,8.201991842424979140e+00
1.346913186388244421e+00,8.208789659655916893e+00
1.346929621036349278e+00,8.215590380019804684e+00
1.346946055684454580e+00,8.220965426145893318e+00
1.346962490332559659e+00,8.226252247265360751e+00
1.346978924980664960e+00,8.231509098508052347e+00
1.346995359628770039e+00,8.236647857394240546e+00
1.347011794276875341e+00,8.241788122584301490e+00
1.347028228924980420e+00,8.246092296885228379e+00
1.347044663573085721e+00,8.249478181065116544e+00
1.347061098221191022e+00,8.252864067703141515e+00
1.347077532869296101e+00,8.253886601854819816e+00
1.347093967517401403e+00,8.254097248561821587e+00
1.347110402165506260e+00,8.254320264012212860e+00
1.347126836813611561e+00,8.255718403235096758e+00
1.347143271461716640e+00,8.257114803271385028e+00
1.347159706109821942e+00,8.259532163876407651e+00
1.347176140757927021e+00,8.264573737439912193e+00
1.347192575406032322e+00,8.269616731814176447e+00
1.347209010054137401e+00,8.273017176700102837e+00
1.347225444702242703e+00,8.275061688355846101e+00
1.347241879350348004e+00,8.277105036543485284e+00
1.347258313998453083e+00,8.277577504638848893e+00
1.347274748646558384e+00,8.277692481674376879e+00
1.347291183294663242e+00,8.278062111419732361e+00
1.347307617942768543e+00,8.281270570891603455e+00
1.347324052590873622e+00,8.284478886984466328e+00
1.347340487238978923e+00,8.287311555494602189e+00
1.347356921887084003e+00,8.289447597316565108e+00
1.347373356535189304e+00,8.291582563640160330e+00
1.347389791183294605e+00,8.298546221533689149e+00
1.347406225831399684e+00,8.308502061833593189e+00
1.347422660479504986e+00,8.318463289876774525e+00
1.347439095127610065e+00,8.324831787776554748e+00
1.347455529775715366e+00,8.330734896953790880e+00
1.347471964423820223e+00,8.336239336973715552e+00
1.347488399071925524e+00,8.339510041822842723e+00
1.347504833720030604e+00,8.342780649734203635e+00
1.347521268368135905e+00,8.342407905406370006e+00
1.347537703016241206e+00,8.336980408993083458e+00
1.347554137664346285e+00,8.331544877869493604e+00
1.347570572312451587e+00,8.330590641069189672e+00
1.347587006960556666e+00,8.331688272581640575e+00
1.347603441608661967e+00,8.332783923334718068e+00
1.347619876256767046e+00,8.340116139087374592e+00
1.347636310904872348e+00,8.347760256356080433e+00
1.347652745552977205e+00,8.355428086742350047e+00
1.347669180201082506e+00,8.363171182217200794e+00
1.347685614849187807e+00,8.370917889901527076e+00
1.347702049497292887e+00,8.372988006175130948e+00
1.347718484145398188e+00,8.369052933068767075e+00
1.347734918793503267e+00,8.365111282621851885e+00
1.347751353441608568e+00,8.366122079235564613e+00
1.347767788089713648e+00,8.368759692231927616e+00
1.347784222737818949e+00,8.371451321077636010e+00
1.347800657385924028e+00,8.376924339774141970e+00
1.347817092034029329e+00,8.382399120467225018e+00
1.347833526682134631e+00,8.387341367899992406e+00
1.347849961330239488e+00,8.390948262000938129e+00
1.347866395978344789e+00,8.394555353057141289e+00
1.347882830626449868e+00,8.400227788911829307e+00
1.347899265274555169e+00,8.407579412405857155e+00
1.347915699922660249e+00,8.414934316431176953e+00
1.347932134570765550e+00,8.419379887772285187e+00
1.347948569218870629e+00,8.423178578175471998e+00
1.347965003866975930e+00,8.426293643338338413e+00
1.347981438515081232e+00,8.421972108745526597e+00
1.347997873163186311e+00,8.417643670089715258e+00
1.348014307811291612e+00,8.418310425287248933e+00
1.348030742459396469e+00,8.428256499751613617e+00
1.348047177107501771e+00,8.438207875380367540e+00
1.348063611755606850e+00,8.447599402748011244e+00
1.348080046403712151e+00,8.456643631829322771e+00
1.348096481051817230e+00,8.465692454676256418e+00
1.348112915699922532e+00,8.465498369126983391e+00
1.348129350348027611e+00,8.464063637078671931e+00
1.348145784996132912e+00,8.463610867474249844e+00
1.348162219644238213e+00,8.468846281463440206e+00
1.348178654292343293e+00,8.474083241054302107e+00
1.348195088940448594e+00,8.476373744324483539e+00
1.348211523588553451e+00,8.474478170393400234e+00
1.348227958236658752e+00,8.472577969052396796e+00
1.348244392884763831e+00,8.472285159465327453e+00
1.348260827532869133e+00,8.472751643870026328e+00
1.348277262180974212e+00,8.473215622412554993e+00
1.348293696829079513e+00,8.474986124667937659e+00
1.348310131477184814e+00,8.476832364616095461e+00
1.348326566125289894e+00,8.479721377483599554e+00
1.348343000773395195e+00,8.486543835909756694e+00
1.348359435421500052e+00,8.493369123105114937e+00
1.348375870069605575e+00,8.499072395121823220e+00
1.348392304717710433e+00,8.503534317280696087e+00
1.348408739365815734e+00,8.507997144440141213e+00
1.348425174013920813e+00,8.517177208421852441e+00
1.348441608662026114e+00,8.528017336073693500e+00
1.348458043310131194e+00,8.538815648295431160e+00
1.348474477958236495e+00,8.540781110619423799e+00
1.348490912606341796e+00,8.542745368991043975e+00
1.348507347254446875e+00,8.544950150356607210e+00
1.348523781902552177e+00,8.547806580166417589e+00
1.348540216550657034e+00,8.550662565974912255e+00
1.348556651198762335e+00,8.555105677212086590e+00
1.348573085846867414e+00,8.560928501085662390e+00
1.348589520494972716e+00,8.566753328868738748e+00
1.348605955143077795e+00,8.570378082638958617e+00
1.348622389791183096e+00,8.573452789571552657e+00
1.348638824439288397e+00,8.576444241170532834e+00
1.348655259087393476e+00,8.578238846026671638e+00
1.348671693735498778e+00,8.580032105346624860e+00
1.348688128383603857e+00,8.580525983315851590e+00
1.348704563031709158e+00,8.578374959925280763e+00
1.348720997679814015e+00,8.576219126282129679e+00
1.348737432327919317e+00,8.574662704238887656e+00
1.348753866976024396e+00,8.573515064927050844e+00
1.348770301624129697e+00,8.572363525066027279e+00
1.348786736272234998e+00,8.581516193923809155e+00
1.348803170920340078e+00,8.592372950481879101e+00
1.348819605568445379e+00,8.601563524138509109e+00
1.348836040216550458e+00,8.598818993296593050e+00
1.348852474864655759e+00,8.596069130515710199e+00
1.348868909512760839e+00,8.595738678342071282e+00
1.348885344160866140e+00,8.599244157295819591e+00
1.348901778808970997e+00,8.602749743928640669e+00
1.348918213457076298e+00,8.608538699276287787e+00
1.348934648105181600e+00,8.615552020848999959e+00
1.348951082753286679e+00,8.622568279282498693e+00
1.348967517401391980e+00,8.627015587818702258e+00
1.348983952049497059e+00,8.631226195618467045e+00
1.349000386697602361e+00,8.635409571181785537e+00
1.349016821345707440e+00,8.639465931623567130e+00
1.349033255993812741e+00,8.643522848863705477e+00
1.349049690641917820e+00,8.647955716898726664e+00
1.349066125290023122e+00,8.652860927336904595e+00
1.349082559938128423e+00,8.657767384151544121e+00
1.349098994586233280e+00,8.659206873500487234e+00
1.349115429234338581e+00,8.659208164623739989e+00
1.349131863882443660e+00,8.659206588336253674e+00
1.349148298530548962e+00,8.660148006989443203e+00
1.349164733178654041e+00,8.661115665941126807e+00
1.349181167826759342e+00,8.664112099683821455e+00
1.349197602474864421e+00,8.673717561466173009e+00
1.349214037122969723e+00,8.683140254486058751e+00
1.349230471771075024e+00,8.691242725192706686e+00
1.349246906419180103e+00,8.698013656906661950e+00
1.349263341067285404e+00,8.704787140564819836e+00
1.349279775715390262e+00,8.704807154854751872e+00
1.349296210363495563e+00,8.702708819820914599e+00
1.349312645011600642e+00,8.700755529435280522e+00
1.349329079659705943e+00,8.704642640763889716e+00
1.349345514307811023e+00,8.708530138271239451e+00
1.349361948955916324e+00,8.712148366289575563e+00
1.349378383604021403e+00,8.715100612482638454e+00
1.349394818252126704e+00,8.718052521412500866e+00
1.349411252900232006e+00,8.721016444619543506e+00
1.349427687548337085e+00,8.723990090757997251e+00
1.349444122196442386e+00,8.726963416945960006e+00
1.349460556844547243e+00,8.732216297383146753e+00
1.349476991492652544e+00,8.737989848862833142e+00
1.349493426140757624e+00,8.743345219657001621e+00
1.349509860788862925e+00,8.744589825959781848e+00
1.349526295436968004e+00,8.746677679772998815e+00
1.349542730085073305e+00,8.749690675112699267e+00
1.349559164733178607e+00,8.754501508215579264e+00
1.349575599381283686e+00,8.759311946685370387e+00
1.349592034029388987e+00,8.768012364336453146e+00
1.349608468677494066e+00,8.779276923045596703e+00
1.349624903325599368e+00,8.790548288371685004e+00
1.349641337973704225e+00,8.792496269650186491e+00
1.349657772621809526e+00,8.792995553257449970e+00
1.349674207269914605e+00,8.794011955796580793e+00
1.349690641918019907e+00,8.798565337695110955e+00
1.349707076566124986e+00,8.803118027097010412e+00
1.349723511214230287e+00,8.807281866893067246e+00
1.349739945862335588e+00,8.810840145280460334e+00
1.349756380510440668e+00,8.814396579162391276e+00
1.349772815158545969e+00,8.816599678861338774e+00
1.349789249806651048e+00,8.818082738047133162e+00
1.349805684454756349e+00,8.819561516701563519e+00
1.349822119102861206e+00,8.822017822319397240e+00
1.349838553750966508e+00,8.824561098306981322e+00
1.349854988399071587e+00,8.828885017682832625e+00
1.349871423047176888e+00,8.841432159377324851e+00
1.349887857695282189e+00,8.853987409888770088e+00
1.349904292343387269e+00,8.863183547880151281e+00
1.349920726991492570e+00,8.868103714586245800e+00
1.349937161639597649e+00,8.873023615438723866e+00
1.349953596287702950e+00,8.879552146496662246e+00
1.349970030935808030e+00,8.886763766951348842e+00
1.349986465583913331e+00,8.893977700672092368e+00
1.350002900232018188e+00,8.900076138332327247e+00
1.350019334880123489e+00,8.906134775916594748e+00
1.350035769528228791e+00,8.909930946475162372e+00
1.350052204176333870e+00,8.905988572187945707e+00
1.350068638824439171e+00,8.902035365542580791e+00
1.350085073472544250e+00,8.901339037773160712e+00
1.350101508120649552e+00,8.904062650905952836e+00
1.350117942768754631e+00,8.906783488961114159e+00
1.350134377416859932e+00,8.909427594626368574e+00
1.350150812064965011e+00,8.912044175871503882e+00
1.350167246713070313e+00,8.914759730411981664e+00
1.350183681361175614e+00,8.926107661830233297e+00
1.350200116009280471e+00,8.937462363411530220e+00
1.350216550657385772e+00,8.947371852270817882e+00
1.350232985305490852e+00,8.953421364616206191e+00
1.350249419953596153e+00,8.959471889393622490e+00
1.350265854601701232e+00,8.960735551473890226e+00
1.350282289249806533e+00,8.957824718598693892e+00
1.350298723897911612e+00,8.954904421326190800e+00
1.350315158546016914e+00,8.959271727596366475e+00
1.350331593194122215e+00,8.965509579864422207e+00
1.350348027842227294e+00,8.972090341165726457e+00
1.350364462490332595e+00,8.984302490503271343e+00
1.350380897138437453e+00,8.996522261446328272e+00
1.350397331786542754e+00,9.004014999445196565e+00
1.350413766434647833e+00,9.001371673768192139e+00
1.350430201082753134e+00,8.998719250018734073e+00
1.350446635730858214e+00,9.002378545970781687e+00
1.350463070378963515e+00,9.010624196552274867e+00
1.350479505027068816e+00,9.018873260465488428e+00
1.350495939675173895e+00,9.024695744670230724e+00
1.350512374323279197e+00,9.030057666378118242e+00
1.350528808971384276e+00,9.035001578316835591e+00
1.350545243619489577e+00,9.036237832026245087e+00
1.350561678267594434e+00,9.037469639550584688e+00
1.350578112915699736e+00,9.040031787461410673e+00
1.350594547563804815e+00,9.044942603232360767e+00
1.350610982211910116e+00,9.049853168573559259e+00
1.350627416860015195e+00,9.055751379613694141e+00
1.350643851508120497e+00,9.062248716144267746e+00
1.350660286156225798e+00,9.068747552733631423e+00
1.350676720804330877e+00,9.074810843985614994e+00
1.350693155452436178e+00,9.080817556287266612e+00
1.350709590100541035e+00,9.086180449620009369e+00
1.350726024748646337e+00,9.087713328067843932e+00
1.350742459396751416e+00,9.089242133002471746e+00
1.350758894044856717e+00,9.095113916004786248e+00
1.350775328692961796e+00,9.107387494097528347e+00
1.350791763341067098e+00,9.119668644223052567e+00
1.350808197989172399e+00,9.130223989144266028e+00
1.350824632637277478e+00,9.139911210593339774e+00
1.350841067285382779e+00,9.149603312833789914e+00
1.350857501933487859e+00,9.149664743976638093e+00
1.350873936581593160e+00,9.148941325260617319e+00
1.350890371229698017e+00,9.148921546057739107e+00
1.350906805877803318e+00,9.152019616645743483e+00
1.350923240525908398e+00,9.155115411540611703e+00
1.350939675174013699e+00,9.159838235867939105e+00
1.350956109822118778e+00,9.166589872552570739e+00
1.350972544470224079e+00,9.173343262422561040e+00
1.350988979118329381e+00,9.180176818769725244e+00
1.351005413766434460e+00,9.187044967488953162e+00
1.351021848414539761e+00,9.193914988496265650e+00
1.351038283062644840e+00,9.199484033715581432e+00
1.351054717710750142e+00,9.205006741253185965e+00
1.351071152358854999e+00,9.210948973418805252e+00
1.351087587006960300e+00,9.218335167058279822e+00
1.351104021655065379e+00,9.225723777768234157e+00
1.351120456303170680e+00,9.231308188832274553e+00
1.351136890951275982e+00,9.234972941584695505e+00
1.351153325599381061e+00,9.238508977536685762e+00
1.351169760247486362e+00,9.238906017699513029e+00
1.351186194895591441e+00,9.238226550246977808e+00
1.351202629543696743e+00,9.237554911196566465e+00
1.351219064191801822e+00,9.240369134407892204e+00
1.351235498839907123e+00,9.243180877299497666e+00
1.351251933488011980e+00,9.247529258120218643e+00
1.351268368136117282e+00,9.256181017986419235e+00
1.351284802784222583e+00,9.264836415707483397e+00
1.351301237432327662e+00,9.267910369148895100e+00
1.351317672080432963e+00,9.265881769125778433e+00
1.351334106728538043e+00,9.263845314290207966e+00
1.351350541376643344e+00,9.267545217008452241e+00
1.351366976024748423e+00,9.272844910767785720e+00
1.351383410672853724e+00,9.278141794693617328e+00
1.351399845320958804e+00,9.283369271032841041e+00
1.351416279969064105e+00,9.288596857340209567e+00
1.351432714617169406e+00,9.295438349797770172e+00
1.351449149265274263e+00,9.306043325435817692e+00
1.351465583913379565e+00,9.316653856498712472e+00
1.351482018561484644e+00,9.322622181862755042e+00
1.351498453209589945e+00,9.324927789029112901e+00
1.351514887857695024e+00,9.327230392242428891e+00
1.351531322505800325e+00,9.334569238031235727e+00
1.351547757153905405e+00,9.343030297041655885e+00
1.351564191802010706e+00,9.351051077540232015e+00
1.351580626450116007e+00,9.353755070427952845e+00
1.351597061098221086e+00,9.356456494550574376e+00
1.351613495746326388e+00,9.358599175526016722e+00
1.351629930394431245e+00,9.359637695289247716e+00
1.351646365042536546e+00,9.360671853622658745e+00
1.351662799690641625e+00,9.361103641812645648e+00
1.351679234338746927e+00,9.361122016428756965e+00
1.351695668986852006e+00,9.361134925521810146e+00
1.351712103634957307e+00,9.368764939242014478e+00
1.351728538283062608e+00,9.377713120960894599e+00
1.351744972931167688e+00,9.386588426084561121e+00
1.351761407579272989e+00,9.394854607948499137e+00
1.351777842227378068e+00,9.403123987473675172e+00
1.351794276875483369e+00,9.412145727037053433e+00
1.351810711523588227e+00,9.422449277154198555e+00
1.351827146171693528e+00,9.432758015556132136e+00
1.351843580819798607e+00,9.434261984726198591e+00
1.351860015467903908e+00,9.430538894540168471e+00
1.351876450116009210e+00,9.426806172991049948e+00
1.351892884764114289e+00,9.428506447311152172e+00
1.351909319412219590e+00,9.430903072472416326e+00
1.351925754060324669e+00,9.434904553536687999e+00
1.351942188708429970e+00,9.448454822729065228e+00
1.351958623356535050e+00,9.462013333980340946e+00
1.351975058004640351e+00,9.471084012321782097e+00
1.351991492652745208e+00,9.473470808347716599e+00
1.352007927300850509e+00,9.475854738917282916e+00
1.352024361948955589e+00,9.477845199768712092e+00
1.352040796597060890e+00,9.479631110856455933e+00
1.352057231245166191e+00,9.481413526531440539e+00
1.352073665893271270e+00,9.486708471331541048e+00
1.352090100541376572e+00,9.492318610158708481e+00
1.352106535189481651e+00,9.497493773142204887e+00
1.352122969837586952e+00,9.500622843091610648e+00
1.352139404485692031e+00,9.503749849629286928e+00
1.352155839133797333e+00,9.509684724446785253e+00
1.352172273781902190e+00,9.519299061608602841e+00
1.352188708430007491e+00,9.528917865327040104e+00
1.352205143078112570e+00,9.536149522193060335e+00
1.352221577726217872e+00,9.542311676281695298e+00
1.352238012374323173e+00,9.548474880857465763e+00
1.352254447022428252e+00,9.553835896211932521e+00
1.352270881670533553e+00,9.559153175285937110e+00
1.352287316318638632e+00,9.563762194208530687e+00
1.352303750966743934e+00,9.565629219710327646e+00
1.352320185614849013e+00,9.567492863722458551e+00
1.352336620262954314e+00,9.565935279709016470e+00
1.352353054911059171e+00,9.560399412871385394e+00
1.352369489559164473e+00,9.554852019097126004e+00
1.352385924207269774e+00,9.557575379050815556e+00
1.352402358855374853e+00,9.563520429617378582e+00
1.352418793503480154e+00,9.569466325085061342e+00
1.352435228151585234e+00,9.575682745156232301e+00
1.352451662799690535e+00,9.581906657323122189e+00
1.352468097447795614e+00,9.588294877359633261e+00
1.352484532095900915e+00,9.595219067904494636e+00
1.352500966744005995e+00,9.602145071676934762e+00
1.352517401392111296e+00,9.609127659975845503e+00
1.352533836040216597e+00,9.616168964288814180e+00
1.352550270688321454e+00,9.623212191138319938e+00
1.352566705336426756e+00,9.626716109035264424e+00
1.352583139984531835e+00,9.629022106148426019e+00
1.352599574632637136e+00,9.631343835412232934e+00
1.352616009280742215e+00,9.637976659458194817e+00
1.352632443928847517e+00,9.644610999873627577e+00
1.352648878576952596e+00,9.651651447784189486e+00
1.352665313225057897e+00,9.659840608289492536e+00
1.352681747873163198e+00,9.668032798964377506e+00
1.352698182521268278e+00,9.674448199198470988e+00
1.352714617169373579e+00,9.679204037985794429e+00
1.352731051817478436e+00,9.683959512087994881e+00
1.352747486465583737e+00,9.688360418289985176e+00
1.352763921113688816e+00,9.692657020164396897e+00
1.352780355761794118e+00,9.696837783024978563e+00
1.352796790409899197e+00,9.697318006384143985e+00
1.352813225058004498e+00,9.697793458008108658e+00
1.352829659706109799e+00,9.699755150594153719e+00
1.352846094354214879e+00,9.705429628989097779e+00
1.352862529002320180e+00,9.711104668392716022e+00
1.352878963650425259e+00,9.718613944591695031e+00
1.352895398298530560e+00,9.727672356802131048e+00
1.352911832946635418e+00,9.736734605692515032e+00
1.352928267594740719e+00,9.736478165320090028e+00
1.352944702242845798e+00,9.733864587132737611e+00
1.352961136890951099e+00,9.731989685831081260e+00
1.352977571539056401e+00,9.743035268171743368e+00
1.352994006187161480e+00,9.754086535862345642e+00
1.353010440835266781e+00,9.760226199517585854e+00
1.353026875483371860e+00,9.755441215553553036e+00
1.353043310131477162e+00,9.750645797141592297e+00
1.353059744779582019e+00,9.753996119682993182e+00
1.353076179427687320e+00,9.763594215986360680e+00
1.353092614075792399e+00,9.773196641948644015e+00
1.353109048723897700e+00,9.782634570086207404e+00
1.353125483372003002e+00,9.792040084316933957e+00
1.353141918020108081e+00,9.801188293872293400e+00
1.353158352668213382e+00,9.807230454449957335e+00
1.353174787316318461e+00,9.813273527073359759e+00
1.353191221964423763e+00,9.819273703562284794e+00
1.353207656612528842e+00,9.825186988069106064e+00
1.353224091260634143e+00,9.831101055823362245e+00
1.353240525908739000e+00,9.836362996189011554e+00
1.353256960556844302e+00,9.841168329380394653e+00
1.353273395204949381e+00,9.845973355662314574e+00
1.353289829853054682e+00,9.850255228474678049e+00
1.353306264501159983e+00,9.854439454498685080e+00
1.353322699149265063e+00,9.858820282795750956e+00
1.353339133797370364e+00,9.864997558361469743e+00
1.353355568445475443e+00,9.871175870340829661e+00
1.353372003093580744e+00,9.875785578529299613e+00
1.353388437741685824e+00,9.877531423397694965e+00
1.353404872389791125e+00,9.879273892950562796e+00
1.353421307037895982e+00,9.878849331799703037e+00
1.353437741686001283e+00,9.877030807154257630e+00
1.353454176334106362e+00,9.875205200622847457e+00
1.353470610982211664e+00,9.880646845659848410e+00
1.353487045630316965e+00,9.887232339380320312e+00
1.353503480278422044e+00,9.893970208810218381e+00
1.353519914926527346e+00,9.901826643363493829e+00
1.353536349574632425e+00,9.909685717934209492e+00
1.353552784222737726e+00,9.914167083027496830e+00
1.353569218870842805e+00,9.912984911648106134e+00
1.353585653518948106e+00,9.911796363016337708e+00
1.353602088167052964e+00,9.912160940620641014e+00
1.353618522815158265e+00,9.913442803999375386e+00
1.353634957463263566e+00,9.914720861916448413e+00
1.353651392111368645e+00,9.920661200031027249e+00
1.353667826759473947e+00,9.927219704698341474e+00
1.353684261407579026e+00,9.933958833368379260e+00
1.353700696055684327e+00,9.941822714824107621e+00
1.353717130703789406e+00,9.949689234887992839e+00
1.353733565351894708e+00,9.959745465415698717e+00
1.353749999999999787e+00,9.973198318023394293e+00
1.353766434648105088e+00,9.986658829355459233e+00
1.353782869296210389e+00,9.990040430377536751e+00
1.353799303944315247e+00,9.987899601007441674e+00
1.353815738592420548e+00,9.985751429707386606e+00
1.353832173240525627e+00,9.987833492472875108e+00
1.353848607888630928e+00,9.990380131537763830e+00
1.353865042536736008e+00,9.993489154309555644e+00
1.353881477184841309e+00,9.999682787972815845e+00
1.353897911832946388e+00,1.000587747056916399e+01
1.353914346481051689e+00,1.001131024051920804e+01
1.353930781129156991e+00,1.001563968899261603e+01
1.353947215777262070e+00,1.001996839111510162e+01
1.353963650425367371e+00,1.002185580010307042e+01
1.353980085073472228e+00,1.002249763163823282e+01
1.353996519721577529e+00,1.002313505328296372e+01
1.354012954369682609e+00,1.002713619304443426e+01
1.354029389017787910e+00,1.003144254756757370e+01
1.354045823665892989e+00,1.003606156475784594e+01
1.354062258313998290e+00,1.004220663066065278e+01
1.354078692962103592e+00,1.004835269946537402e+01
1.354095127610208671e+00,1.005387309625934833e+01
1.354111562258313972e+00,1.005854265156674465e+01
1.354127996906419051e+00,1.006321179929010867e+01
1.354144431554524353e+00,1.006897205360856873e+01
1.354160866202629210e+00,1.007525231790428855e+01
1.354177300850734511e+00,1.008153370788754266e+01
1.354193735498839590e+00,1.008231405271427761e+01
1.354210170146944892e+00,1.008268364379325455e+01
1.354226604795050193e+00,1.008394650491536204e+01
1.354243039443155272e+00,1.008917382761973514e+01
1.354259474091260573e+00,1.009440128225852540e+01
1.354275908739365653e+00,1.010410170898818016e+01
1.354292343387470954e+00,1.011955023102786022e+01
1.354308778035576033e+00,1.013500794815494821e+01
1.354325212683681334e+00,1.014044793021927582e+01
1.354341647331786191e+00,1.014141505834813728e+01
1.354358081979891493e+00,1.014257031764901917e+01
1.354374516627996794e+00,1.014364073574913760e+01
1.354390951276101873e+00,1.014470230071794532e+01
1.354407385924207174e+00,1.014610741745842937e+01
1.354423820572312254e+00,1.014892366404096791e+01
1.354440255220417555e+00,1.015173763960761200e+01
1.354456689868522634e+00,1.015623950948049448e+01
1.354473124516627935e+00,1.016280539909274161e+01
1.354489559164733015e+00,1.016937274642975453e+01
1.354505993812838316e+00,1.017862397193212232e+01
1.354522428460943173e+00,1.018901223549626778e+01
1.354538863109048474e+00,1.019940556032165802e+01
1.354555297757153776e+00,1.019865017706906052e+01
1.354571732405258855e+00,1.019737386926443712e+01
1.354588167053364156e+00,1.019624656350375069e+01
1.354604601701469235e+00,1.019570327700628631e+01
1.354621036349574537e+00,1.019515426364368516e+01
1.354637470997679616e+00,1.019833211827558728e+01
1.354653905645784917e+00,1.020587151161197959e+01
1.354670340293889996e+00,1.021341329368112660e+01
1.354686774941995298e+00,1.021937021675292812e+01
1.354703209590100155e+00,1.022469087861176007e+01
1.354719644238205456e+00,1.023001178314168413e+01
1.354736078886310757e+00,1.023593656598697876e+01
1.354752513534415836e+00,1.024188339522382307e+01
1.354768948182521138e+00,1.024899181063717535e+01
1.354785382830626217e+00,1.026025830661317606e+01
1.354801817478731518e+00,1.027153062363619185e+01
1.354818252126836597e+00,1.027822478516109506e+01
1.354834686774941899e+00,1.027976112957622234e+01
1.354851121423046978e+00,1.028129393099666267e+01
1.354867556071152279e+00,1.028056540421370713e+01
1.354883990719257580e+00,1.027896415829484056e+01
1.354900425367362438e+00,1.027735611975463392e+01
1.354916860015467739e+00,1.028380267991098762e+01
1.354933294663572818e+00,1.029045982823960337e+01
1.354949729311678119e+00,1.029785402736427713e+01
1.354966163959783199e+00,1.030776092835934499e+01
1.354982598607888500e+00,1.031767239024250316e+01
1.354999033255993579e+00,1.032795408658002678e+01
1.355015467904098880e+00,1.033863936358134694e+01
1.355031902552204182e+00,1.034932989326502906e+01
1.355048337200309261e+00,1.035710762208866065e+01
1.355064771848414562e+00,1.036380975614828159e+01
1.355081206496519419e+00,1.037051344191195135e+01
1.355097641144624721e+00,1.036709411339049858e+01
1.355114075792729800e+00,1.036347996544484751e+01
1.355130510440835101e+00,1.036056859830612353e+01
1.355146945088940180e+00,1.035998576126473303e+01
1.355163379737045481e+00,1.035939724744848434e+01
1.355179814385150783e+00,1.036489599385151017e+01
1.355196249033255862e+00,1.037686691707419406e+01
1.355212683681361163e+00,1.038884421485415821e+01
1.355229118329466020e+00,1.039624016775356097e+01
1.355245552977571322e+00,1.040199524166859213e+01
1.355261987625676401e+00,1.040775096596695626e+01
1.355278422273781702e+00,1.041729724007868718e+01
1.355294856921886781e+00,1.042689496856353415e+01
1.355311291569992083e+00,1.043431372728157847e+01
1.355327726218097384e+00,1.043477669234806626e+01
1.355344160866202463e+00,1.043523507538640693e+01
1.355360595514307764e+00,1.043756584758294181e+01
1.355377030162412844e+00,1.044184820528702140e+01
1.355393464810518145e+00,1.044612979341400916e+01
1.355409899458623002e+00,1.045656424700844411e+01
1.355426334106728303e+00,1.046915449373787332e+01
1.355442768754833383e+00,1.048175159840793391e+01
1.355459203402938684e+00,1.048335242982165916e+01
1.355475638051043985e+00,1.048486121732533860e+01
1.355492072699149064e+00,1.048644144618095453e+01
1.355508507347254366e+00,1.048825206955449119e+01
1.355524941995359445e+00,1.049005949297993645e+01
1.355541376643464746e+00,1.049031295376778417e+01
1.355557811291569825e+00,1.048896965826419958e+01
1.355574245939675126e+00,1.048761996684201847e+01
1.355590680587779984e+00,1.049061152375237072e+01
1.355607115235885285e+00,1.049509572542514491e+01
1.355623549883990586e+00,1.049957936525878566e+01
1.355639984532095665e+00,1.050408020924923669e+01
1.355656419180200967e+00,1.050858060097577784e+01
1.355672853828306046e+00,1.051206043854607408e+01
1.355689288476411347e+00,1.051239939808302637e+01
1.355705723124516426e+00,1.051273371317139471e+01
1.355722157772621728e+00,1.051604480219280369e+01
1.355738592420726807e+00,1.052238868065445132e+01
1.355755027068832108e+00,1.052873376714404685e+01
1.355771461716936965e+00,1.053419418820931952e+01
1.355787896365042267e+00,1.053935316498589003e+01
1.355804331013147568e+00,1.054451223123321491e+01
1.355820765661252647e+00,1.055195282018135394e+01
1.355837200309357948e+00,1.055940440980936046e+01
1.355853634957463028e+00,1.056669798169188645e+01
1.355870069605568329e+00,1.057350305940353152e+01
1.355886504253673408e+00,1.058030976401067846e+01
1.355902938901778709e+00,1.058946568888836204e+01
1.355919373549883788e+00,1.060100878277147984e+01
1.355935808197989090e+00,1.061255773866228758e+01
1.355952242846093947e+00,1.062034041121689931e+01
1.355968677494199248e+00,1.062684212379379822e+01
1.355985112142304549e+00,1.063334516725938883e+01
1.356001546790409629e+00,1.062768739889497560e+01
1.356017981438514930e+00,1.062197056489687519e+01
1.356034416086620009e+00,1.061959417097477143e+01
1.356050850734725310e+00,1.062749687274162902e+01
1.356067285382830390e+00,1.063540219705665102e+01
1.356083720030935691e+00,1.064670359430057722e+01
1.356100154679040770e+00,1.066146740797609205e+01
1.356116589327146071e+00,1.067623975785168966e+01
1.356133023975251373e+00,1.068216090045149791e+01
1.356149458623356230e+00,1.068504893459535232e+01
1.356165893271461531e+00,1.068793487681405097e+01
1.356182327919566610e+00,1.068347749570468075e+01
1.356198762567671912e+00,1.067896982046998033e+01
1.356215197215776991e+00,1.067681455618959241e+01
1.356231631863882292e+00,1.068197842055510627e+01
1.356248066511987371e+00,1.068714237465303540e+01
1.356264501160092673e+00,1.069427687996044263e+01
1.356280935808197974e+00,1.070343918956731422e+01
1.356297370456303053e+00,1.071260522685296834e+01
1.356313805104408354e+00,1.071491745465056411e+01
1.356330239752513211e+00,1.071484564311815291e+01
1.356346674400618513e+00,1.071476885889324748e+01
1.356363109048723592e+00,1.072141901139827525e+01
1.356379543696828893e+00,1.072812874105106573e+01
1.356395978344933972e+00,1.073538253280598198e+01
1.356412412993039274e+00,1.074435313924854718e+01
1.356428847641144575e+00,1.075332728909437385e+01
1.356445282289249654e+00,1.075749446554290323e+01
1.356461716937354955e+00,1.075663836117886518e+01
1.356478151585460035e+00,1.075577651709422788e+01
1.356494586233565336e+00,1.075893616004755415e+01
1.356511020881670193e+00,1.076352282502521795e+01
1.356527455529775494e+00,1.076810904228456600e+01
1.356543890177880574e+00,1.078096109702029359e+01
1.356560324825985875e+00,1.079392935187625291e+01
1.356576759474091176e+00,1.080469738004052083e+01
1.356593194122196255e+00,1.080830479791481302e+01
1.356609628770301557e+00,1.081191083982561807e+01
1.356626063418406636e+00,1.081267522655638125e+01
1.356642498066511937e+00,1.081040740907690001e+01
1.356658932714617016e+00,1.080813245656344357e+01
1.356675367362722318e+00,1.081064730156836085e+01
1.356691802010827175e+00,1.081491179384733492e+01
1.356708236658932476e+00,1.081917554163459805e+01
1.356724671307037777e+00,1.083380920876915177e+01
1.356741105955142856e+00,1.084865279524312065e+01
1.356757540603248158e+00,1.086142879020995444e+01
1.356773975251353237e+00,1.086722863884130597e+01
1.356790409899458538e+00,1.087302915135121673e+01
1.356806844547563617e+00,1.087690357068978919e+01
1.356823279195668919e+00,1.087855003026050404e+01
1.356839713843773998e+00,1.088019308696390119e+01
1.356856148491879299e+00,1.087661198288074615e+01
1.356872583139984600e+00,1.087104572500328281e+01
1.356889017788089458e+00,1.086546850508232609e+01
1.356905452436194759e+00,1.087016785745447400e+01
1.356921887084299838e+00,1.087514680229387665e+01
1.356938321732405139e+00,1.088002187023223044e+01
1.356954756380510219e+00,1.088453162733904911e+01
1.356971191028615520e+00,1.088904082995354905e+01
1.356987625676720599e+00,1.089360530533318538e+01
1.357004060324825900e+00,1.089823245887019354e+01
1.357020494972930980e+00,1.090285917254474946e+01
1.357036929621036281e+00,1.090774971076985622e+01
1.357053364269141582e+00,1.091274445030608220e+01
1.357069798917246439e+00,1.091773910404985770e+01
1.357086233565351741e+00,1.093574676289935788e+01
1.357102668213456820e+00,1.095424373603521140e+01
1.357119102861562121e+00,1.097018036627038029e+01
1.357135537509667200e+00,1.097656808408417284e+01
1.357151972157772502e+00,1.098295701962501703e+01
1.357168406805877581e+00,1.098921329066435071e+01
1.357184841453982882e+00,1.099531313865147553e+01
1.357201276102087961e+00,1.100141393047043081e+01
1.357217710750193262e+00,1.100046291482219374e+01
1.357234145398298564e+00,1.099658098831987019e+01
1.357250580046403421e+00,1.099269000466870772e+01
1.357267014694508722e+00,1.099673797151993959e+01
1.357283449342613801e+00,1.100116673281508639e+01
1.357299883990719103e+00,1.100566034958159101e+01
1.357316318638824182e+00,1.101041319814298269e+01
1.357332753286929483e+00,1.101516572291379248e+01
1.357349187935034562e+00,1.101816565693647654e+01
1.357365622583139864e+00,1.101900728421625608e+01
1.357382057231245165e+00,1.101923329503081739e+01
1.357398491879350244e+00,1.102353160691866130e+01
1.357414926527455545e+00,1.102970424083877710e+01
1.357431361175560403e+00,1.103587839692795036e+01
1.357447795823665704e+00,1.104881275535077023e+01
1.357464230471770783e+00,1.106216741093873246e+01
1.357480665119876084e+00,1.107373872303752549e+01
1.357497099767981164e+00,1.107764013826940719e+01
1.357513534416086465e+00,1.108154125958825631e+01
1.357529969064191766e+00,1.108194147711728839e+01
1.357546403712296845e+00,1.107780540548028370e+01
1.357562838360402147e+00,1.107366214964876328e+01
1.357579273008507004e+00,1.107232210709442377e+01
1.357595707656612305e+00,1.107228519969088509e+01
1.357612142304717384e+00,1.107224473381017660e+01
1.357628576952822685e+00,1.107683503955590076e+01
1.357645011600927765e+00,1.108177988168301198e+01
1.357661446249033066e+00,1.108683488156528085e+01
1.357677880897138367e+00,1.109240566004382877e+01
1.357694315545243446e+00,1.109797748255332728e+01
1.357710750193348748e+00,1.110313507500734076e+01
1.357727184841453827e+00,1.110772391259706282e+01
1.357743619489559128e+00,1.111231301641541691e+01
1.357760054137663985e+00,1.111746663760035503e+01
1.357776488785769287e+00,1.112290137970055959e+01
1.357792923433874366e+00,1.112833705511583027e+01
1.357809358081979667e+00,1.113459958392207838e+01
1.357825792730084968e+00,1.114094120193828807e+01
1.357842227378190048e+00,1.114778404333581463e+01
1.357858662026295349e+00,1.115724698391480629e+01
1.357875096674400428e+00,1.116671390635012884e+01
1.357891531322505729e+00,1.117305075040292728e+01
1.357907965970610809e+00,1.117480765783916041e+01
1.357924400618716110e+00,1.117656252855286425e+01
1.357940835266820967e+00,1.118144840155927255e+01
1.357957269914926268e+00,1.118800634811561068e+01
1.357973704563031569e+00,1.119456608822055621e+01
1.357990139211136649e+00,1.119636324275492179e+01
1.358006573859241950e+00,1.119761696224607306e+01
1.358023008507347029e+00,1.119876502058581558e+01
1.358039443155452330e+00,1.119929520557837144e+01
1.358055877803557410e+00,1.119982233985813203e+01
1.358072312451662711e+00,1.120328103655398344e+01
1.358088747099767790e+00,1.121134388066975873e+01
1.358105181747873091e+00,1.121940965357349818e+01
1.358121616395978393e+00,1.122312360477415538e+01
1.358138051044083250e+00,1.122433122789670179e+01
1.358154485692188551e+00,1.122553637233741419e+01
1.358170920340293630e+00,1.123790190658125532e+01
1.358187354988398932e+00,1.125179187573971795e+01
1.358203789636504011e+00,1.126364214552784837e+01
1.358220224284609312e+00,1.126124687623133269e+01
1.358236658932714391e+00,1.125884605877305411e+01
1.358253093580819693e+00,1.125614615097072679e+01
1.358269528228924994e+00,1.125294219441449606e+01
1.358285962877030073e+00,1.124973199126895196e+01
1.358302397525134930e+00,1.125024525035353662e+01
1.358318832173240231e+00,1.125308153918755849e+01
1.358335266821345533e+00,1.125591669546065887e+01
1.358351701469450612e+00,1.126869476187191488e+01
1.358368136117555913e+00,1.128308395199535497e+01
1.358384570765660992e+00,1.129636359621854780e+01
1.358401005413766294e+00,1.130023065073920918e+01
1.358417440061871373e+00,1.130409739110259970e+01
1.358433874709976674e+00,1.130621302125494587e+01
1.358450309358081753e+00,1.130508759928895657e+01
1.358466744006187055e+00,1.130395775475472675e+01
1.358483178654292356e+00,1.130639585059432406e+01
1.358499613302397213e+00,1.131125765510153869e+01
1.358516047950502514e+00,1.131611993146363382e+01
1.358532482598607594e+00,1.132284399284000820e+01
1.358548917246712895e+00,1.132992357834322661e+01
1.358565351894817974e+00,1.133712017376888603e+01
1.358581786542923275e+00,1.134555579566224814e+01
1.358598221191028355e+00,1.135399458511625070e+01
1.358614655839133656e+00,1.136005963874004365e+01
1.358631090487238957e+00,1.136128819815426105e+01
1.358647525135344036e+00,1.136251431806881840e+01
1.358663959783449338e+00,1.136148502302928520e+01
1.358680394431554195e+00,1.135877831363515256e+01
1.358696829079659496e+00,1.135606584363694260e+01
1.358713263727764575e+00,1.135845828895946497e+01
1.358729698375869877e+00,1.136198483790951030e+01
1.358746133023974956e+00,1.136575321440625430e+01
1.358762567672080257e+00,1.137315916721717812e+01
1.358779002320185558e+00,1.138056752126802529e+01
1.358795436968290637e+00,1.138724227689981738e+01
1.358811871616395939e+00,1.139225425185493634e+01
1.358828306264501018e+00,1.139726681070654202e+01
1.358844740912606319e+00,1.140610392105449655e+01
1.358861175560711176e+00,1.141806512852912370e+01
1.358877610208816478e+00,1.143003197519609593e+01
1.358894044856921557e+00,1.142991775821474221e+01
1.358910479505026858e+00,1.142667523682055020e+01
1.358926914153132159e+00,1.142376505125263364e+01
1.358943348801237239e+00,1.142930123405906961e+01
1.358959783449342540e+00,1.143483839975161054e+01
1.358976218097447619e+00,1.143961454507604536e+01
1.358992652745552920e+00,1.144245340736442884e+01
1.359009087393658000e+00,1.144529114933623148e+01
1.359025522041763301e+00,1.144807139921108075e+01
1.359041956689868158e+00,1.145079966981299435e+01
1.359058391337973459e+00,1.145352673441087887e+01
1.359074825986078761e+00,1.145608568343561373e+01
1.359091260634183840e+00,1.145859330245120233e+01
1.359107695282289141e+00,1.146118063328035142e+01
1.359124129930394220e+00,1.146987837105646157e+01
1.359140564578499522e+00,1.147857943098334843e+01
1.359156999226604601e+00,1.148645323071236213e+01
1.359173433874709902e+00,1.149192109099955417e+01
1.359189868522814981e+00,1.149738987590290762e+01
1.359206303170920282e+00,1.150261205917835206e+01
1.359222737819025584e+00,1.150758716757178668e+01
1.359239172467130441e+00,1.151256282287540600e+01
1.359255607115235742e+00,1.152152591341705090e+01
1.359272041763340821e+00,1.153187150150703744e+01
1.359288476411446123e+00,1.154222156108574104e+01
1.359304911059551202e+00,1.154180520789391196e+01
1.359321345707656503e+00,1.154123445123641645e+01
1.359337780355761582e+00,1.154004484358599214e+01
1.359354215003866884e+00,1.153678219888150913e+01
1.359370649651972185e+00,1.153351339025242694e+01
1.359387084300077264e+00,1.153157730856656116e+01
1.359403518948182565e+00,1.153113342296399502e+01
1.359419953596287423e+00,1.153068577327607969e+01
1.359436388244392724e+00,1.153674693878156887e+01
1.359452822892497803e+00,1.154540593223816458e+01
1.359469257540603104e+00,1.155406819786615991e+01
1.359485692188708184e+00,1.155928482395699852e+01
1.359502126836813485e+00,1.156379494577290323e+01
1.359518561484918786e+00,1.156776926511422765e+01
1.359534996133023865e+00,1.156960506423194346e+01
1.359551430781128945e+00,1.157143915955479230e+01
1.359567865429234246e+00,1.157321130469687454e+01
1.359584300077339547e+00,1.157490594396111305e+01
1.359600734725444404e+00,1.157659878447078583e+01
1.359617169373549705e+00,1.158272758681308545e+01
1.359633604021654785e+00,1.159089336387161495e+01
1.359650038669760086e+00,1.159906160603454062e+01
1.359666473317865165e+00,1.160649864636483208e+01
1.359682907965970466e+00,1.161388069998394634e+01
1.359699342614075546e+00,1.161981236774697912e+01
1.359715777262180847e+00,1.161866611451105769e+01
1.359732211910286148e+00,1.161751603369239838e+01
1.359748646558391005e+00,1.161813035391286775e+01
1.359765081206496529e+00,1.162126183270330770e+01
1.359781515854601386e+00,1.162439250808018087e+01
1.359797950502706687e+00,1.163245089575452340e+01
1.359814385150811766e+00,1.164311267879385881e+01
1.359830819798917068e+00,1.165377841079159182e+01
1.359847254447022147e+00,1.165707626843871481e+01
1.359863689095127448e+00,1.165952360916212704e+01
1.359880123743232749e+00,1.166298286007579676e+01
1.359896558391337829e+00,1.167274075053750160e+01
1.359912993039443130e+00,1.168250204654331093e+01
1.359929427687547987e+00,1.168938677397050085e+01
1.359945862335653288e+00,1.169158056018922842e+01
1.359962296983758367e+00,1.169377290070407227e+01
1.359978731631863669e+00,1.169475180643785173e+01
1.359995166279968748e+00,1.169499224121821612e+01
1.360011600928074049e+00,1.169522986921673358e+01
1.360028035576179350e+00,1.169687389531850563e+01
1.360044470224284430e+00,1.169873833822958353e+01
1.360060904872389731e+00,1.170073445766360010e+01
1.360077339520494810e+00,1.170386066268807568e+01
1.360093774168600111e+00,1.170698606488202564e+01
1.360110208816704969e+00,1.170837791490321855e+01
1.360126643464810270e+00,1.170650407229097212e+01
1.360143078112915349e+00,1.170462591058690194e+01
1.360159512761020650e+00,1.170677403135563033e+01
1.360175947409125952e+00,1.171174208148478790e+01
1.360192382057231031e+00,1.171671055130938299e+01
1.360208816705336332e+00,1.172581854866140816e+01
1.360225251353441411e+00,1.173578013251564478e+01
1.360241686001546713e+00,1.174471132550062258e+01
1.360258120649651792e+00,1.174006446972169471e+01
1.360274555297757093e+00,1.173541122817506732e+01
1.360290989945861950e+00,1.173519293944342579e+01
1.360307424593967252e+00,1.174477294278518258e+01
1.360323859242072553e+00,1.175435621624673210e+01
1.360340293890177632e+00,1.176452564367458464e+01
1.360356728538282933e+00,1.177517014317131760e+01
1.360373163186388012e+00,1.178581852405660158e+01
1.360389597834493314e+00,1.178883336230437706e+01
1.360406032482598393e+00,1.178986342782911834e+01
1.360422467130703694e+00,1.179067277910116296e+01
1.360438901778808773e+00,1.178539784834512538e+01
1.360455336426914075e+00,1.178011607543153438e+01
1.360471771075019376e+00,1.177864722497769456e+01
1.360488205723124233e+00,1.178722779156362321e+01
1.360504640371229534e+00,1.179581102005157334e+01
1.360521075019334614e+00,1.180274529880023593e+01
1.360537509667439915e+00,1.180813220966385479e+01
1.360553944315544994e+00,1.181351980216380682e+01
1.360570378963650295e+00,1.181733711346126192e+01
1.360586813611755375e+00,1.182064862289349882e+01
1.360603248259860676e+00,1.182395946354409411e+01
1.360619682907965977e+00,1.182825186295428033e+01
1.360636117556071056e+00,1.183254710049768121e+01
1.360652552204176358e+00,1.183641706247781933e+01
1.360668986852281215e+00,1.183892097257480636e+01
1.360685421500386516e+00,1.184142367707777410e+01
1.360701856148491595e+00,1.183937171811266076e+01
1.360718290796596897e+00,1.183233642426803733e+01
1.360734725444701976e+00,1.182529296630345961e+01
1.360751160092807277e+00,1.183031315357817803e+01
1.360767594740912578e+00,1.184007775891439351e+01
1.360784029389017658e+00,1.184984570556031791e+01
1.360800464037122737e+00,1.186482874109984742e+01
1.360816898685228038e+00,1.188004628903557602e+01
1.360833333333333339e+00,1.189236949330739357e+01
1.360849767981438196e+00,1.189295035716749105e+01
1.360866202629543498e+00,1.189352870898755477e+01
1.360882637277648577e+00,1.189632235412567951e+01
1.360899071925753878e+00,1.190196163843816457e+01
1.360915506573858957e+00,1.190760175539278443e+01
1.360931941221964259e+00,1.190423472134729899e+01
1.360948375870069338e+00,1.189657832935046322e+01
1.360964810518174639e+00,1.188891332265020395e+01
1.360981245166279940e+00,1.188777068031876638e+01
1.360997679814385020e+00,1.188721160628260698e+01
1.361014114462490321e+00,1.188780421555867939e+01
1.361030549110595178e+00,1.189458869526118967e+01
1.361046983758700479e+00,1.190137472380027006e+01
1.361063418406805559e+00,1.190877840442268187e+01
1.361079853054910860e+00,1.191712106849020181e+01
1.361096287703015939e+00,1.192546621555184494e+01
1.361112722351121240e+00,1.193334664405031731e+01
1.361129156999226542e+00,1.194096200900952276e+01
1.361145591647331621e+00,1.194857941715432936e+01
1.361162026295436922e+00,1.194318630491476618e+01
1.361178460943542001e+00,1.193593592766608680e+01
1.361194895591647303e+00,1.193034386004340597e+01
1.361211330239752160e+00,1.193759277575154876e+01
1.361227764887857461e+00,1.194484351505093755e+01
1.361244199535962540e+00,1.195090977724876424e+01
1.361260634184067841e+00,1.195481142580033307e+01
1.361277068832173143e+00,1.195871280503780021e+01
1.361293503480278222e+00,1.196494320267164468e+01
1.361309938128383523e+00,1.197277325604367881e+01
1.361326372776488602e+00,1.198043046321493321e+01
1.361342807424593904e+00,1.198650863720272142e+01
1.361359242072698983e+00,1.199230618500658352e+01
1.361375676720804284e+00,1.199777998036686100e+01
1.361392111368909141e+00,1.199900571297001406e+01
1.361408546017014443e+00,1.200022959235611175e+01
1.361424980665119744e+00,1.200053261014698514e+01
1.361441415313224823e+00,1.199878522276051740e+01
1.361457849961330124e+00,1.199703411031401856e+01
1.361474284609435204e+00,1.199793533383792088e+01
1.361490719257540505e+00,1.200102139068434326e+01
1.361507153905645584e+00,1.200410672047516236e+01
1.361523588553750885e+00,1.200546722676168976e+01
1.361540023201855965e+00,1.200635962577360694e+01
1.361556457849961266e+00,1.200722996628749506e+01
1.361572892498066567e+00,1.200733833084372826e+01
1.361589327146171424e+00,1.200744416762757538e+01
1.361605761794276725e+00,1.200966991247630311e+01
1.361622196442381805e+00,1.201780934783992016e+01
1.361638631090487106e+00,1.202595086917071221e+01
1.361655065738592185e+00,1.203070678255769010e+01
1.361671500386697486e+00,1.203210738364490773e+01
1.361687935034802566e+00,1.203350625771496318e+01
1.361704369682907867e+00,1.203865118313785310e+01
1.361720804331013168e+00,1.204510869081253688e+01
1.361737238979118247e+00,1.205156738090521529e+01
1.361753673627223549e+00,1.205210826865907059e+01
1.361770108275328406e+00,1.205251918924487597e+01
1.361786542923433707e+00,1.205378370899832952e+01
1.361802977571538786e+00,1.205813619788874647e+01
1.361819412219644088e+00,1.206248869853765449e+01
1.361835846867749167e+00,1.206927044351708567e+01
1.361852281515854468e+00,1.207896465782042128e+01
1.361868716163959769e+00,1.208866173770161190e+01
1.361885150812064849e+00,1.208874769017933382e+01
1.361901585460170150e+00,1.208456767981163971e+01
1.361918020108275229e+00,1.208038239153140658e+01
1.361934454756380530e+00,1.208093027379007545e+01
1.361950889404485388e+00,1.208182917543425283e+01
1.361967324052590689e+00,1.208394477743255102e+01
1.361983758700695768e+00,1.209208048068623853e+01
1.362000193348801069e+00,1.210021824871109253e+01
1.362016627996906371e+00,1.210747805995504933e+01
1.362033062645011450e+00,1.211345145361437226e+01
1.362049497293116529e+00,1.211942575788608067e+01
1.362065931941221830e+00,1.212491380548364894e+01
1.362082366589327131e+00,1.213013254783176365e+01
1.362098801237431989e+00,1.213535178429177108e+01
1.362115235885537290e+00,1.213709234017336414e+01
1.362131670533642369e+00,1.213836101677805601e+01
1.362148105181747670e+00,1.213957467266448198e+01
1.362164539829852750e+00,1.214038961963888497e+01
1.362180974477958051e+00,1.214120250910695198e+01
1.362197409126063130e+00,1.214124451607942312e+01
1.362213843774168431e+00,1.213988994956277523e+01
1.362230278422273733e+00,1.213853198640520148e+01
1.362246713070378812e+00,1.213842177582263737e+01
1.362263147718484113e+00,1.213916915413970621e+01
1.362279582366588970e+00,1.213991444399286301e+01
1.362296017014694272e+00,1.214192034833876654e+01
1.362312451662799351e+00,1.214418403804945967e+01
1.362328886310904652e+00,1.214702348868233628e+01
1.362345320959009731e+00,1.215793612868985285e+01
1.362361755607115033e+00,1.216885219406903573e+01
1.362378190255220334e+00,1.217973648329562053e+01
1.362394624903325413e+00,1.219054340952138382e+01
1.362411059551430714e+00,1.220135370138302378e+01
1.362427494199535793e+00,1.220893609347345432e+01
1.362443928847641095e+00,1.221377128688175162e+01
1.362460363495745952e+00,1.221860675821445952e+01
1.362476798143851253e+00,1.222254780889992887e+01
1.362493232791956332e+00,1.222623191361286743e+01
1.362509667440061634e+00,1.222986909737494088e+01
1.362526102088166935e+00,1.223014249588312552e+01
1.362542536736272014e+00,1.223041352680245986e+01
1.362558971384377315e+00,1.223058246865115883e+01
1.362575406032482395e+00,1.223044999035559499e+01
1.362591840680587696e+00,1.223031490203941729e+01
1.362608275328692775e+00,1.222813213893251749e+01
1.362624709976798076e+00,1.222378719491010912e+01
1.362641144624902934e+00,1.221943696084890441e+01
1.362657579273008235e+00,1.222237897353160641e+01
1.362674013921113536e+00,1.222811762686331605e+01
1.362690448569218615e+00,1.223385705526499656e+01
1.362706883217323917e+00,1.223371560714015338e+01
1.362723317865428996e+00,1.223332094855397045e+01
1.362739752513534297e+00,1.223611169873185744e+01
1.362756187161639376e+00,1.225204184927384610e+01
1.362772621809744678e+00,1.226797760211527688e+01
1.362789056457849757e+00,1.227755613003072099e+01
1.362805491105955058e+00,1.227874760651701891e+01
1.362821925754060359e+00,1.227993728435954068e+01
1.362838360402165216e+00,1.228039048224182928e+01
1.362854795050270518e+00,1.228047509377206481e+01
1.362871229698375597e+00,1.228055724798644910e+01
1.362887664346480898e+00,1.228416808642953129e+01
1.362904098994585977e+00,1.228815718985922878e+01
1.362920533642691279e+00,1.229236278745553790e+01
1.362936968290796358e+00,1.229791138246480564e+01
1.362953402938901659e+00,1.230346064325735078e+01
1.362969837587006960e+00,1.230753309330336265e+01
1.362986272235112040e+00,1.230913812920510253e+01
1.363002706883217341e+00,1.231074161973493375e+01
1.363019141531322198e+00,1.231119750258609358e+01
1.363035576179427499e+00,1.231091884707725548e+01
1.363052010827532579e+00,1.231063752756887197e+01
1.363068445475637880e+00,1.231100225952885729e+01
1.363084880123742959e+00,1.231148307562306421e+01
1.363101314771848260e+00,1.231257008228900851e+01
1.363117749419953562e+00,1.232054529222828521e+01
1.363134184068058641e+00,1.232852242793927644e+01
1.363150618716163942e+00,1.233776245888013179e+01
1.363167053364269021e+00,1.234972945864290139e+01
1.363183488012374323e+00,1.236170028875802096e+01
1.363199922660479180e+00,1.236813090877151566e+01
1.363216357308584481e+00,1.237005599505345366e+01
1.363232791956689560e+00,1.237197972876404783e+01
1.363249226604794861e+00,1.236744311550762632e+01
1.363265661252900163e+00,1.236115023318392758e+01
1.363282095901005242e+00,1.235503064490666247e+01
1.363298530549110321e+00,1.235696072746050689e+01
1.363314965197215622e+00,1.235888946925693688e+01
1.363331399845320924e+00,1.236298565180074860e+01
1.363347834493426003e+00,1.237336104637415168e+01
1.363364269141531304e+00,1.238373952067368222e+01
1.363380703789636161e+00,1.238739119241215292e+01
1.363397138437741463e+00,1.238408128094108029e+01
1.363413573085846542e+00,1.238076684838351404e+01
1.363430007733951843e+00,1.238013412440151662e+01
1.363446442382056922e+00,1.238051074329093915e+01
1.363462877030162224e+00,1.238088512132671148e+01
1.363479311678267525e+00,1.239282931832953771e+01
1.363495746326372604e+00,1.240524627179683215e+01
1.363512180974477905e+00,1.241478132680011015e+01
1.363528615622582985e+00,1.241244912607197115e+01
1.363545050270688286e+00,1.241011303663103860e+01
1.363561484918793143e+00,1.241094722463835609e+01
1.363577919566898444e+00,1.241598608870726217e+01
1.363594354215003523e+00,1.242102534173293726e+01
1.363610788863108825e+00,1.242634954828243465e+01
1.363627223511214126e+00,1.243181800505737300e+01
1.363643658159319205e+00,1.243728707727023242e+01
1.363660092807424506e+00,1.244277250849292571e+01
1.363676527455529586e+00,1.244826033561482603e+01
1.363692962103634887e+00,1.245259790522204391e+01
1.363709396751739966e+00,1.244943206298741245e+01
1.363725831399845267e+00,1.244626182587580132e+01
1.363742266047950125e+00,1.244664628304139242e+01
1.363758700696055426e+00,1.245316638173754598e+01
1.363775135344160727e+00,1.245968764154460651e+01
1.363791569992265806e+00,1.245928051810554926e+01
1.363808004640371108e+00,1.245427075363429026e+01
1.363824439288476187e+00,1.244925542113867500e+01
1.363840873936581488e+00,1.245591137558369077e+01
1.363857308584686567e+00,1.246487542714490360e+01
1.363873743232791869e+00,1.247330073103877091e+01
1.363890177880896948e+00,1.247441279729662789e+01
1.363906612529002249e+00,1.247552307694222584e+01
1.363923047177107550e+00,1.247819479590398828e+01
1.363939481825212408e+00,1.248446822543044199e+01
1.363955916473317709e+00,1.249074268587501280e+01
1.363972351121422788e+00,1.249630676440924404e+01
1.363988785769528089e+00,1.250127566718700400e+01
1.364005220417633168e+00,1.250641909001317842e+01
1.364021655065738470e+00,1.250850425303496571e+01
1.364038089713843549e+00,1.250967340005294837e+01
1.364054524361948850e+00,1.251081861940243023e+01
1.364070959010054152e+00,1.250529305304695349e+01
1.364087393658159231e+00,1.249976134657862836e+01
1.364103828306264532e+00,1.249711243134538918e+01
1.364120262954369389e+00,1.250377740503428470e+01
1.364136697602474690e+00,1.251044373033911761e+01
1.364153132250579770e+00,1.251595053488955145e+01
1.364169566898685071e+00,1.252014860721171985e+01
1.364186001546790150e+00,1.252434666459119939e+01
1.364202436194895451e+00,1.252776882261034785e+01
1.364218870843000753e+00,1.253086288588156982e+01
1.364235305491105832e+00,1.253395630030628105e+01
1.364251740139211133e+00,1.254267493748191775e+01
1.364268174787315990e+00,1.255177907880124266e+01
1.364284609435421514e+00,1.256071837782611134e+01
1.364301044083526371e+00,1.256883835234176061e+01
1.364317478731631672e+00,1.257696043475186087e+01
1.364333913379736751e+00,1.258418785442498944e+01
1.364350348027842053e+00,1.259008378178500465e+01
1.364366782675947354e+00,1.259598063175056382e+01
1.364383217324052433e+00,1.259518360814399074e+01
1.364399651972157734e+00,1.259053439106510908e+01
1.364416086620262814e+00,1.258587967207400204e+01
1.364432521268368115e+00,1.258373906392679764e+01
1.364448955916472972e+00,1.258197871523297806e+01
1.364465390564578273e+00,1.258044548153150188e+01
1.364481825212683352e+00,1.258097592189981029e+01
1.364498259860788654e+00,1.258150419818834642e+01
1.364514694508893955e+00,1.258221299543163951e+01
1.364531129156999034e+00,1.258328589188382374e+01
1.364547563805104113e+00,1.258435695684870481e+01
1.364563998453209415e+00,1.258577010050665379e+01
1.364580433101314716e+00,1.258744602728390483e+01
1.364596867749419795e+00,1.258912048643520087e+01
1.364613302397525096e+00,1.260027911912570531e+01
1.364629737045629954e+00,1.261384609494568565e+01
1.364646171693735255e+00,1.262723390857495609e+01
1.364662606341840334e+00,1.263468783680777108e+01
1.364679040989945635e+00,1.264214351324390329e+01
1.364695475638050715e+00,1.264730158437158281e+01
1.364711910286156016e+00,1.264300652646917911e+01
1.364728344934261317e+00,1.263807122619888013e+01
1.364744779582366396e+00,1.263253119240851063e+01
1.364761214230471698e+00,1.262637239709263959e+01
1.364777648878576777e+00,1.262021320785936673e+01
1.364794083526682078e+00,1.261893468601165580e+01
1.364810518174786935e+00,1.261949543214847225e+01
1.364826952822892236e+00,1.262005613057170272e+01
1.364843387470997316e+00,1.262458241438178952e+01
1.364859822119102617e+00,1.262928163640295764e+01
1.364876256767207918e+00,1.263238349738663224e+01
1.364892691415312997e+00,1.262867636587194831e+01
1.364909126063418299e+00,1.262496903170883122e+01
1.364925560711523378e+00,1.262294454721129888e+01
1.364941995359628679e+00,1.262322790150323648e+01
1.364958430007733758e+00,1.262351120479180899e+01
1.364974864655839060e+00,1.262419805417111007e+01
1.364991299303943917e+00,1.262509899064680674e+01
1.365007733952049218e+00,1.262599988192702583e+01
1.365024168600154519e+00,1.263369059276476136e+01
1.365040603248259599e+00,1.264226434309598268e+01
1.365057037896364900e+00,1.264893433038841408e+01
1.365073472544469979e+00,1.264114565530544176e+01
1.365089907192575280e+00,1.263335641936979847e+01
1.365106341840680360e+00,1.262885247652528165e+01
1.365122776488785661e+00,1.263051352706664332e+01
1.365139211136890740e+00,1.263217453294816828e+01
1.365155645784996041e+00,1.263496183469369782e+01
1.365172080433101343e+00,1.263856843085899584e+01
1.365188515081206200e+00,1.264217495132230695e+01
1.365204949729311501e+00,1.264061498387968108e+01
1.365221384377416580e+00,1.263784379726214802e+01
1.365237819025521881e+00,1.263471532746584103e+01
1.365254253673626961e+00,1.262326119103449606e+01
1.365270688321732262e+00,1.261180599729565444e+01
1.365287122969837341e+00,1.260549800850460400e+01
1.365303557617942642e+00,1.261296124404078078e+01
1.365319992266047944e+00,1.262042420365173179e+01
1.365336426914153023e+00,1.262223011012063800e+01
1.365352861562258324e+00,1.261844688136026882e+01
1.365369296210363181e+00,1.261466344605584844e+01
1.365385730858468483e+00,1.261739277464825193e+01
1.365402165506573562e+00,1.262248458288629394e+01
1.365418600154678863e+00,1.262757625966002095e+01
1.365435034802783942e+00,1.262146047015240136e+01
1.365451469450889244e+00,1.261493145026211060e+01
1.365467904098994545e+00,1.260953930751461272e+01
1.365484338747099624e+00,1.260883953300255200e+01
1.365500773395204925e+00,1.260813968861404533e+01
1.365517208043310005e+00,1.261182174079594276e+01
1.365533642691415306e+00,1.262141677483386104e+01
1.365550077339520163e+00,1.263101134213956023e+01
1.365566511987625464e+00,1.263571360677816280e+01
1.365582946635730544e+00,1.263785111369042902e+01
1.365599381283835845e+00,1.263998857205373305e+01
1.365615815931941146e+00,1.263221660964044801e+01
1.365632250580046225e+00,1.262317343334281894e+01
1.365648685228151527e+00,1.261545024846198260e+01
1.365665119876256606e+00,1.261773309519712072e+01
1.365681554524361907e+00,1.262001589176620797e+01
1.365697989172466986e+00,1.262105933262774471e+01
1.365714423820572287e+00,1.261976823089476341e+01
1.365730858468677145e+00,1.261847704232205558e+01
1.365747293116782446e+00,1.262143629502465458e+01
1.365763727764887747e+00,1.262751353441889357e+01
1.365780162412992826e+00,1.263359058929113488e+01
1.365796597061097906e+00,1.263494466815338590e+01
1.365813031709203207e+00,1.263516755862048413e+01
1.365829466357308508e+00,1.263516895632160697e+01
1.365845901005413587e+00,1.262934982230146552e+01
1.365862335653518889e+00,1.262353032851112289e+01
1.365878770301623968e+00,1.261838393412533144e+01
1.365895204949729269e+00,1.261509177264444226e+01
1.365911639597834126e+00,1.261179943514193802e+01
1.365928074245939428e+00,1.260941406727852865e+01
1.365944508894044507e+00,1.260794999046532183e+01
1.365960943542149808e+00,1.260648582122477102e+01
1.365977378190255109e+00,1.261297435299546343e+01
1.365993812838360189e+00,1.262246795193347992e+01
1.366010247486465490e+00,1.263196109196636563e+01
1.366026682134570569e+00,1.262913916902481937e+01
1.366043116782675870e+00,1.262573929028340203e+01
1.366059551430780949e+00,1.262180381952553176e+01
1.366075986078886251e+00,1.261550363524339069e+01
1.366092420726991108e+00,1.260920304809206094e+01
1.366108855375096409e+00,1.260612361859366182e+01
1.366125290023201710e+00,1.260760467685598840e+01
1.366141724671306790e+00,1.260908569005486690e+01
1.366158159319412091e+00,1.261511337252516540e+01
1.366174593967517170e+00,1.262366322397095608e+01
1.366191028615622471e+00,1.263221270563785659e+01
1.366207463263727551e+00,1.262282939611675125e+01
1.366223897911832852e+00,1.261082024468146123e+01
1.366240332559937931e+00,1.259978167661528481e+01
1.366256767208043232e+00,1.259735913420658804e+01
1.366273201856148534e+00,1.259493646115717524e+01
1.366289636504253391e+00,1.259569505771990450e+01
1.366306071152358692e+00,1.260290541332149417e+01
1.366322505800463771e+00,1.261011550764951572e+01
1.366338940448569073e+00,1.261081158270017966e+01
1.366355375096674152e+00,1.260637179071955316e+01
1.366371809744779453e+00,1.260193175022322087e+01
1.366388244392884532e+00,1.260478361022082971e+01
1.366404679040989834e+00,1.260959869001982980e+01
1.366421113689095135e+00,1.261441158738733570e+01
1.366437548337200214e+00,1.260582561913986055e+01
1.366453982985305515e+00,1.259723852221232221e+01
1.366470417633410372e+00,1.259186661367773219e+01
1.366486852281515674e+00,1.259639885882361376e+01
1.366503286929620753e+00,1.260093120092660079e+01
1.366519721577726054e+00,1.260320733359800194e+01
1.366536156225831133e+00,1.260297564134113912e+01
1.366552590873936435e+00,1.260274384726136532e+01
1.366569025522041736e+00,1.260022213948233727e+01
1.366585460170146815e+00,1.259672816086004055e+01
1.366601894818252116e+00,1.259323378262286752e+01
1.366618329466356974e+00,1.260154203128610995e+01
1.366634764114462275e+00,1.261073433145560863e+01
1.366651198762567354e+00,1.261724922824207340e+01
1.366667633410672655e+00,1.260955438167873410e+01
1.366684068058777735e+00,1.260185855839061198e+01
1.366700502706883036e+00,1.259632441970253147e+01
1.366716937354988337e+00,1.259422025291888403e+01
1.366733372003093416e+00,1.259211582974472243e+01
1.366749806651198718e+00,1.259019305421601231e+01
1.366766241299303797e+00,1.258838408491557104e+01
1.366782675947409098e+00,1.258657488659998869e+01
1.366799110595513955e+00,1.258601054106887140e+01
1.366815545243619257e+00,1.258567868749221219e+01
1.366831979891724336e+00,1.258583203009868257e+01
1.366848414539829637e+00,1.259238829100083024e+01
1.366864849187934938e+00,1.259894464669223346e+01
1.366881283836040017e+00,1.260341588279968761e+01
1.366897718484145319e+00,1.260297965475829685e+01
1.366914153132250398e+00,1.260254331024827756e+01
1.366930587780355699e+00,1.260828757136781597e+01
1.366947022428460778e+00,1.261960529015502175e+01
1.366963457076566080e+00,1.263092290044792065e+01
1.366979891724670937e+00,1.262902702637511787e+01
1.366996326372776238e+00,1.262280533445153097e+01
1.367012761020881539e+00,1.261658289452837600e+01
1.367029195668986619e+00,1.261078647925066143e+01
1.367045630317091698e+00,1.260499771643697464e+01
1.367062064965196999e+00,1.260000101050998289e+01
1.367078499613302300e+00,1.259801844339123456e+01
1.367094934261407380e+00,1.259603563178779950e+01
1.367111368909512681e+00,1.259874501388367385e+01
1.367127803557617760e+00,1.260753580818215447e+01
1.367144238205723061e+00,1.261632663541853283e+01
1.367160672853827919e+00,1.261540900237961793e+01
1.367177107501933220e+00,1.260955020715730512e+01
1.367193542150038299e+00,1.260369071658679374e+01
1.367209976798143600e+00,1.260571516539517312e+01
1.367226411446248902e+00,1.260871598089114443e+01
1.367242846094353981e+00,1.261186611947801062e+01
1.367259280742459282e+00,1.261614464360144083e+01
1.367275715390564361e+00,1.262042325878812932e+01
1.367292150038669662e+00,1.262146829528309588e+01
1.367308584686774742e+00,1.261633897307726926e+01
1.367325019334880043e+00,1.261120905504946066e+01
1.367341453982984900e+00,1.260700839883022617e+01
1.367357888631090201e+00,1.260350716695797857e+01
1.367374323279195503e+00,1.260000553667585699e+01
1.367390757927300582e+00,1.260216805519263517e+01
1.367407192575405883e+00,1.260577094488232852e+01
1.367423627223510962e+00,1.260907750983178310e+01
1.367440061871616264e+00,1.260029187070394130e+01
1.367456496519721343e+00,1.259150507429937171e+01
1.367472931167826644e+00,1.258597378379902132e+01
1.367489365815931723e+00,1.259018835128943614e+01
1.367505800464037025e+00,1.259440300836883431e+01
1.367522235112142326e+00,1.259924112626225678e+01
1.367538669760247183e+00,1.260476303003560972e+01
1.367555104408352484e+00,1.261028503275841395e+01
1.367571539056457564e+00,1.261380830259255781e+01
1.367587973704562865e+00,1.261648828057659344e+01
1.367604408352667944e+00,1.261916830951123991e+01
1.367620843000773245e+00,1.261763765405709314e+01
1.367637277648878324e+00,1.261578769945912271e+01
1.367653712296983626e+00,1.261457758225591341e+01
1.367670146945088927e+00,1.261683755253904593e+01
1.367686581593194006e+00,1.261909755811907097e+01
1.367703016241299308e+00,1.261594016193654078e+01
1.367719450889404165e+00,1.260400864174022395e+01
1.367735885537509466e+00,1.259207535069772987e+01
1.367752320185614545e+00,1.258665122996819719e+01
1.367768754833719846e+00,1.258542883815347402e+01
1.367785189481824926e+00,1.258420626932816866e+01
1.367801624129930227e+00,1.258715533699389333e+01
1.367818058778035528e+00,1.259093678440761899e+01
1.367834493426140607e+00,1.259439712614689100e+01
1.367850928074245909e+00,1.259277808278592126e+01
1.367867362722350988e+00,1.259115882876679571e+01
1.367883797370456289e+00,1.259135447121631657e+01
1.367900232018561146e+00,1.259609903931253960e+01
1.367916666666666448e+00,1.260084370207156468e+01
1.367933101314771527e+00,1.260192243918701926e+01
1.367949535962876828e+00,1.259949041144611570e+01
1.367965970610982129e+00,1.259705809806786547e+01
1.367982405259087209e+00,1.259635241643784198e+01
1.367998839907192510e+00,1.259626501671340471e+01
1.368015274555297589e+00,1.259617752565100091e+01
1.368031709203402890e+00,1.260127571366945709e+01
1.368048143851507970e+00,1.260658017808139775e+01
1.368064578499613271e+00,1.260985112869733804e+01
1.368081013147718128e+00,1.260428827092177784e+01
1.368097447795823429e+00,1.259872476256215634e+01
1.368113882443928730e+00,1.259585363456374907e+01
1.368130317092033810e+00,1.259681960628977571e+01
1.368146751740139111e+00,1.259778555170013981e+01
1.368163186388244190e+00,1.260104157302684591e+01
1.368179621036349491e+00,1.260559977700372869e+01
1.368196055684454571e+00,1.261015807288562485e+01
1.368212490332559872e+00,1.261096898397842558e+01
1.368228924980664951e+00,1.261118285503560976e+01
1.368245359628770252e+00,1.261202334539462555e+01
1.368261794276875554e+00,1.261939635915089397e+01
1.368278228924980411e+00,1.262676944545341051e+01
1.368294663573085490e+00,1.263198724365629388e+01
1.368311098221190791e+00,1.263246155229781387e+01
1.368327532869296093e+00,1.263293580572443275e+01
1.368343967517401172e+00,1.262577826242022461e+01
1.368360402165506473e+00,1.261204558709284740e+01
1.368376836813611552e+00,1.259831073986721073e+01
1.368393271461716854e+00,1.259399454275238739e+01
1.368409706109821933e+00,1.259262210035083740e+01
1.368426140757927234e+00,1.259124946909258824e+01
1.368442575406032091e+00,1.258939407751489448e+01
1.368459010054137392e+00,1.258753186988228023e+01
1.368475444702242694e+00,1.258554062052178324e+01
1.368491879350347773e+00,1.258306743830575058e+01
1.368508313998453074e+00,1.258059396758283377e+01
1.368524748646558153e+00,1.258206454612489544e+01
1.368541183294663455e+00,1.258864861383159450e+01
1.368557617942768534e+00,1.259523276819734861e+01
1.368574052590873835e+00,1.259627898501166854e+01
1.368590487238978914e+00,1.259446879721632051e+01
1.368606921887084216e+00,1.259265838289198847e+01
1.368623356535189517e+00,1.260141797115442053e+01
1.368639791183294374e+00,1.261156429589321348e+01
1.368656225831399675e+00,1.262025124163856837e+01
1.368672660479504755e+00,1.261689930582515728e+01
1.368689095127610056e+00,1.261354699131164914e+01
1.368705529775715135e+00,1.261071709013751452e+01
1.368721964423820436e+00,1.260893779472588427e+01
1.368738399071925516e+00,1.260715827562803426e+01
1.368754833720030817e+00,1.260416583139414115e+01
1.368771268368136118e+00,1.260020506441058430e+01
1.368787703016240975e+00,1.259624385094705268e+01
1.368804137664346499e+00,1.259836577049622619e+01
1.368820572312451356e+00,1.260220381272144330e+01
1.368837006960556657e+00,1.260604956344813843e+01
1.368853441608661736e+00,1.261191136431794213e+01
1.368869876256767038e+00,1.261777325775187109e+01
1.368886310904872117e+00,1.262066644824618855e+01
1.368902745552977418e+00,1.261347486421526831e+01
1.368919180201082719e+00,1.260628239599549083e+01
1.368935614849187798e+00,1.260125851434024469e+01
1.368952049497293100e+00,1.259887453918336142e+01
1.368968484145397957e+00,1.259649028491817546e+01
1.368984918793503258e+00,1.259458572516375696e+01
1.369001353441608337e+00,1.259291252641966530e+01
1.369017788089713639e+00,1.259123911381224481e+01
1.369034222737818718e+00,1.259801452844185476e+01
1.369050657385924019e+00,1.260575068361192663e+01
1.369067092034029320e+00,1.261299840703201269e+01
1.369083526682134400e+00,1.261670455267584146e+01
1.369099961330239701e+00,1.262041077424067481e+01
1.369116395978344780e+00,1.261913204133410460e+01
1.369132830626450081e+00,1.260836507132764872e+01
1.369149265274554939e+00,1.259759658369234359e+01
1.369165699922660240e+00,1.259519755076009240e+01
1.369182134570765319e+00,1.259917590065368032e+01
1.369198569218870620e+00,1.260315433145908415e+01
1.369215003866975922e+00,1.260088678205416635e+01
1.369231438515081001e+00,1.259696427908707150e+01
1.369247873163186302e+00,1.259309656579043235e+01
1.369264307811291381e+00,1.259325906338438728e+01
1.369280742459396683e+00,1.259342148636907055e+01
1.369297177107501762e+00,1.259364758518659144e+01
1.369313611755607063e+00,1.259407954432572296e+01
1.369330046403711920e+00,1.259451144572178549e+01
1.369346481051817221e+00,1.259568457372711059e+01
1.369362915699922523e+00,1.259773108679003073e+01
1.369379350348027602e+00,1.259977762428941084e+01
1.369395784996132903e+00,1.260566987122998128e+01
1.369412219644237982e+00,1.261335704845424743e+01
1.369428654292343284e+00,1.262104428383021570e+01
1.369445088940448363e+00,1.261315285152222820e+01
1.369461523588553664e+00,1.260361280395118300e+01
1.369477958236658743e+00,1.259542918565770186e+01
1.369494392884764045e+00,1.259659311334527310e+01
1.369510827532869346e+00,1.259775702443878131e+01
1.369527262180974203e+00,1.260185556774798599e+01
1.369543696829079282e+00,1.261142306847356487e+01
1.369560131477184584e+00,1.262099055029409200e+01
1.369576566125289885e+00,1.262430051533899977e+01
1.369593000773394964e+00,1.262291825162931147e+01
1.369609435421500265e+00,1.262153579938036252e+01
1.369625870069605345e+00,1.261707094744703639e+01
1.369642304717710646e+00,1.261180436664002258e+01
1.369658739365815725e+00,1.260664819471485920e+01
1.369675174013921026e+00,1.260841506685171254e+01
1.369691608662025883e+00,1.261018195106765383e+01
1.369708043310131185e+00,1.261247416722665093e+01
1.369724477958236486e+00,1.261645011474501743e+01
1.369740912606341565e+00,1.262042614153656217e+01
1.369757347254446866e+00,1.261919081100588969e+01
1.369773781902551946e+00,1.261183004411037167e+01
1.369790216550657247e+00,1.260428314673385586e+01
1.369806651198762326e+00,1.259877625180085836e+01
1.369823085846867627e+00,1.259422883133105842e+01
1.369839520494972707e+00,1.258968103092217206e+01
1.369855955143078008e+00,1.258632483364641530e+01
1.369872389791183309e+00,1.258309598694142828e+01
1.369888824439288166e+00,1.258211639529291048e+01
1.369905259087393468e+00,1.259689942244049021e+01
1.369921693735498547e+00,1.261168148391755572e+01
1.369938128383603848e+00,1.261946081388043339e+01
1.369954563031708927e+00,1.261403337866374841e+01
1.369970997679814229e+00,1.260860548062237996e+01
1.369987432327919308e+00,1.260285711307391132e+01
1.370003866976024609e+00,1.259686475799420080e+01
1.370020301624129910e+00,1.259087188197776008e+01
1.370036736272234990e+00,1.259031369539596135e+01
1.370053170920340291e+00,1.259120660532833647e+01
1.370069605568445148e+00,1.259210546576544587e+01
1.370086040216550449e+00,1.259356897755079885e+01
1.370102474864655528e+00,1.259503242241271259e+01
1.370118909512760830e+00,1.259622449944070866e+01
1.370135344160865909e+00,1.259651706606442367e+01
1.370151778808971210e+00,1.259680954001172104e+01
1.370168213457076511e+00,1.259496119684240156e+01
1.370184648105181591e+00,1.259052544040037880e+01
1.370201082753286892e+00,1.258608931542791431e+01
1.370217517401391971e+00,1.258531889514906332e+01
1.370233952049497272e+00,1.258632330093133334e+01
1.370250386697602130e+00,1.258732763160131896e+01
1.370266821345707431e+00,1.258735105637812524e+01
1.370283255993812510e+00,1.258725896080101947e+01
1.370299690641917811e+00,1.258717750000906577e+01
1.370316125290023113e+00,1.258717815814498309e+01
1.370332559938128192e+00,1.258717871459039728e+01
1.370348994586233493e+00,1.258665954330533054e+01
1.370365429234338572e+00,1.258511433885755260e+01
1.370381863882443874e+00,1.258356896765523558e+01
1.370398298530548953e+00,1.258689170014877767e+01
1.370414733178654254e+00,1.259408859408813264e+01
1.370431167826759111e+00,1.260128529965568234e+01
1.370447602474864413e+00,1.260114339073240330e+01
1.370464037122969714e+00,1.259889939346162713e+01
1.370480471771074793e+00,1.259665519040498438e+01
1.370496906419180094e+00,1.259762246349352743e+01
1.370513341067285173e+00,1.259859675584442051e+01
1.370529775715390475e+00,1.259848525188199986e+01
1.370546210363495554e+00,1.259448159533091172e+01
1.370562645011600855e+00,1.259047760824283735e+01
1.370579079659705934e+00,1.258887974801706555e+01
1.370595514307811236e+00,1.259036469200160369e+01
1.370611948955916537e+00,1.259184956850312176e+01
1.370628383604021394e+00,1.259338237419046003e+01
1.370644818252126695e+00,1.259493999500836736e+01
1.370661252900231775e+00,1.259649754919733589e+01
1.370677687548337076e+00,1.259537896038493088e+01
1.370694122196442155e+00,1.259389046277878776e+01
1.370710556844547456e+00,1.259222732363059194e+01
1.370726991492652536e+00,1.258896930912106171e+01
1.370743426140757837e+00,1.258571102226915350e+01
1.370759860788863138e+00,1.258432088356457434e+01
1.370776295436968217e+00,1.258692922894151067e+01
1.370792730085073075e+00,1.258953751419091915e+01
1.370809164733178376e+00,1.258649946223095206e+01
1.370825599381283677e+00,1.257861678442912812e+01
1.370842034029388756e+00,1.257073336756615589e+01
1.370858468677494058e+00,1.256802331029476605e+01
1.370874903325599137e+00,1.256696535787617641e+01
1.370891337973704438e+00,1.256590726292848537e+01
1.370907772621809517e+00,1.257017796664036169e+01
1.370924207269914818e+00,1.257457099452335569e+01
1.370940641918019676e+00,1.257865584199856990e+01
1.370957076566125199e+00,1.258148538631905566e+01
1.370973511214230500e+00,1.258431486965857538e+01
1.370989945862335357e+00,1.258669072878108786e+01
1.371006380510440659e+00,1.258843107312220155e+01
1.371022815158545738e+00,1.259017135231981399e+01
1.371039249806651039e+00,1.259045354005441020e+01
1.371055684454756118e+00,1.258990035236935334e+01
1.371072119102861420e+00,1.258934704322083320e+01
1.371088553750966499e+00,1.258805370399956658e+01
1.371104988399071800e+00,1.258663473423101564e+01
1.371121423047177101e+00,1.258486987171157345e+01
1.371137857695281959e+00,1.257878936666988601e+01
1.371154292343387260e+00,1.257270833784600939e+01
1.371170726991492339e+00,1.256850415459783754e+01
1.371187161639597640e+00,1.256882492175892629e+01
1.371203596287702720e+00,1.256914559663207953e+01
1.371220030935808021e+00,1.257610470903981614e+01
1.371236465583913100e+00,1.258938687282742741e+01
1.371252900232018401e+00,1.260266826408048502e+01
1.371269334880123703e+00,1.260042617543357935e+01
1.371285769528228782e+00,1.259247142088943860e+01
1.371302204176334083e+00,1.258451592131141261e+01
1.371318638824438940e+00,1.257844923541154891e+01
1.371335073472544241e+00,1.257248187729881117e+01
1.371351508120649321e+00,1.256796603242089105e+01
1.371367942768754622e+00,1.257061563334428556e+01
1.371384377416859701e+00,1.257326517251427411e+01
1.371400812064965002e+00,1.257829369074424797e+01
1.371417246713070304e+00,1.258708950375271129e+01
1.371433681361175383e+00,1.259588501316062725e+01
1.371450116009280684e+00,1.259818924090732040e+01
1.371466550657385763e+00,1.259626510201420224e+01
1.371482985305491065e+00,1.259434077759497761e+01
1.371499419953595922e+00,1.258810032766762355e+01
1.371515854601701223e+00,1.258049009949276886e+01
1.371532289249806302e+00,1.257305013418922179e+01
1.371548723897911604e+00,1.256947253383519403e+01
1.371565158546016905e+00,1.256589493281332892e+01
1.371581593194121984e+00,1.256281216245049492e+01
1.371598027842227285e+00,1.256113454587258893e+01
1.371614462490332365e+00,1.255945690261610714e+01
1.371630897138437666e+00,1.256100659774177863e+01
1.371647331786542745e+00,1.256607232615424330e+01
1.371663766434648046e+00,1.257113757422082223e+01
1.371680201082752903e+00,1.257266003323611692e+01
1.371696635730858205e+00,1.257263938459630559e+01
1.371713070378963506e+00,1.257261864984517352e+01
1.371729505027068585e+00,1.256883071884135994e+01
1.371745939675173886e+00,1.256469073042215712e+01
1.371762374323278966e+00,1.256163087721479776e+01
1.371778808971384267e+00,1.256565114485211154e+01
1.371795243619489346e+00,1.256967103878873893e+01
1.371811678267594647e+00,1.257086145283853007e+01
1.371828112915699727e+00,1.256680069803051047e+01
1.371844547563805028e+00,1.256273994277771777e+01
1.371860982211910329e+00,1.256184601242706123e+01
1.371877416860015186e+00,1.256336271035712393e+01
1.371893851508120488e+00,1.256487923637175541e+01
1.371910286156225567e+00,1.256858267385883998e+01
1.371926720804330868e+00,1.257288345837208254e+01
1.371943155452435947e+00,1.257713883516206188e+01
1.371959590100541249e+00,1.256551596307268248e+01
1.371976024748646328e+00,1.255389270940722390e+01
1.371992459396751629e+00,1.254540151124217751e+01
1.372008894044856930e+00,1.254800500799532692e+01
1.372025328692962010e+00,1.255060825430982518e+01
1.372041763341066867e+00,1.255271841389230403e+01
1.372058197989172168e+00,1.255419460645346241e+01
1.372074632637277469e+00,1.255567062942952461e+01
1.372091067285382548e+00,1.255365853272851595e+01
1.372107501933487850e+00,1.254980656569355979e+01
1.372123936581592929e+00,1.254595459948872715e+01
1.372140371229698230e+00,1.254505726231179530e+01
1.372156805877803309e+00,1.254459446419044255e+01
1.372173240525908611e+00,1.254380077981097230e+01
1.372189675174013690e+00,1.253961021724303571e+01
1.372206109822118991e+00,1.253541965474940412e+01
1.372222544470224292e+00,1.253563857285641525e+01
1.372238979118329150e+00,1.254587315384392987e+01
1.372255413766434451e+00,1.255610652064255461e+01
1.372271848414539530e+00,1.256056564631617434e+01
1.372288283062644831e+00,1.255974901308236547e+01
1.372304717710749911e+00,1.255893232651188640e+01
1.372321152358855212e+00,1.255528652046517202e+01
1.372337587006960291e+00,1.255064284406048536e+01
1.372354021655065592e+00,1.254599916452255215e+01
1.372370456303170894e+00,1.254073798903577419e+01
1.372386890951275973e+00,1.253544828992047400e+01
1.372403325599381274e+00,1.253106952718397338e+01
1.372419760247486131e+00,1.253106318848553968e+01
1.372436194895591433e+00,1.253105676270606139e+01
1.372452629543696512e+00,1.253200261613720379e+01
1.372469064191801813e+00,1.253444512399688371e+01
1.372485498839906892e+00,1.253688739274525688e+01
1.372501933488012194e+00,1.253542072954273223e+01
1.372518368136117495e+00,1.253140435415989629e+01
1.372534802784222574e+00,1.252738798040918944e+01
1.372551237432327875e+00,1.253183116227552851e+01
1.372567672080432954e+00,1.253811239249192688e+01
1.372584106728538256e+00,1.254382314003347965e+01
1.372600541376643113e+00,1.253496687787845332e+01
1.372616976024748414e+00,1.252611046005809747e+01
1.372633410672853493e+00,1.252088855950559321e+01
1.372649845320958795e+00,1.252635755616451085e+01
1.372666279969064096e+00,1.253182602249554733e+01
1.372682714617169175e+00,1.253696393671074638e+01
1.372699149265274476e+00,1.254172880080139407e+01
1.372715583913379556e+00,1.254649321199407908e+01
1.372732018561484857e+00,1.254150347157918510e+01
1.372748453209589936e+00,1.253204063736976970e+01
1.372764887857695237e+00,1.252257760835829181e+01
1.372781322505800095e+00,1.251660891569290435e+01
1.372797757153905396e+00,1.251102236604222107e+01
1.372814191802010697e+00,1.250658635061217261e+01
1.372830626450115776e+00,1.251082336890634039e+01
1.372847061098221078e+00,1.251505998823295585e+01
1.372863495746326157e+00,1.251988065977692521e+01
1.372879930394431458e+00,1.252587306261276190e+01
1.372896365042536537e+00,1.253186487202988530e+01
1.372912799690641839e+00,1.252930809756267294e+01
1.372929234338746918e+00,1.251970656493035960e+01
1.372945668986852219e+00,1.251010482902733578e+01
1.372962103634957520e+00,1.250740916287258386e+01
1.372978538283062377e+00,1.250685068378823139e+01
1.372994972931167679e+00,1.250629214157262581e+01
1.373011407579272758e+00,1.250726799406601231e+01
1.373027842227378059e+00,1.250827661463905827e+01
1.373044276875483138e+00,1.251001367479721971e+01
1.373060711523588440e+00,1.251477321851669799e+01
1.373077146171693519e+00,1.251953230837142783e+01
1.373093580819798820e+00,1.252065253083138785e+01
1.373110015467904121e+00,1.251652315616091293e+01
1.373126450116009201e+00,1.251239378434865657e+01
1.373142884764114502e+00,1.250783230947122782e+01
1.373159319412219359e+00,1.250301097064083145e+01
1.373175754060324660e+00,1.249818962947167300e+01
1.373192188708429740e+00,1.249992507759494131e+01
1.373208623356535041e+00,1.250338271908521470e+01
1.373225058004640120e+00,1.250945767950061516e+01
1.373241492652745421e+00,1.251896672315144698e+01
1.373257927300850723e+00,1.252847782216269756e+01
1.373274361948955802e+00,1.253284778373643604e+01
1.373290796597060659e+00,1.252324251962457602e+01
1.373307231245166182e+00,1.251363104049469399e+01
1.373323665893271484e+00,1.251173565604996796e+01
1.373340100541376341e+00,1.251808126701872936e+01
1.373356535189481642e+00,1.252442787518188894e+01
1.373372969837586721e+00,1.253129499287039827e+01
1.373389404485692022e+00,1.253838774775946874e+01
1.373405839133797102e+00,1.254548175702794666e+01
1.373422273781902403e+00,1.254146959213440837e+01
1.373438708430007482e+00,1.253639291018541613e+01
1.373455143078112783e+00,1.253264660859264801e+01
1.373471577726218085e+00,1.253805093315892627e+01
1.373488012374322942e+00,1.254345591505767921e+01
1.373504447022428243e+00,1.254815264439848477e+01
1.373520881670533322e+00,1.255148276516916894e+01
1.373537316318638624e+00,1.255481276244012712e+01
1.373553750966743703e+00,1.255964043218396675e+01
1.373570185614849004e+00,1.256566592927647363e+01
1.373586620262954083e+00,1.257169230339264843e+01
1.373603054911059385e+00,1.257042030792120357e+01
1.373619489559164686e+00,1.256696410474141601e+01
1.373635924207269765e+00,1.256350486251471565e+01
1.373652358855375066e+00,1.256279006602990833e+01
1.373668793503479924e+00,1.256211830808348573e+01
1.373685228151585225e+00,1.256249012649212027e+01
1.373701662799690304e+00,1.256709873311611503e+01
1.373718097447795605e+00,1.257170770261557813e+01
1.373734532095900684e+00,1.257463988268255761e+01
1.373750966744005986e+00,1.257517528801965057e+01
1.373767401392111287e+00,1.257570944350407771e+01
1.373783836040216366e+00,1.257629753776912729e+01
1.373800270688321667e+00,1.257691745369607439e+01
1.373816705336426747e+00,1.257753615733381558e+01
1.373833139984532048e+00,1.258103078907035233e+01
1.373849574632636905e+00,1.258507699697040572e+01
1.373866009280742206e+00,1.258883510564612607e+01
1.373882443928847286e+00,1.258741187460002209e+01
1.373898878576952587e+00,1.258598655236258779e+01
1.373915313225057888e+00,1.258619975874807828e+01
1.373931747873162967e+00,1.259093449274471332e+01
1.373948182521268269e+00,1.259566963520642169e+01
1.373964617169373348e+00,1.259881203283271134e+01
1.373981051817478649e+00,1.260022524940721311e+01
1.373997486465583728e+00,1.260163758676413970e+01
1.374013921113689030e+00,1.260676424452453048e+01
1.374030355761793887e+00,1.261353854895234505e+01
1.374046790409899188e+00,1.262031398164494611e+01
1.374063225058004489e+00,1.262139673133085438e+01
1.374079659706109569e+00,1.262188812047242692e+01
1.374096094354214870e+00,1.262224886760195197e+01
1.374112529002319949e+00,1.262165224037742917e+01
1.374128963650425250e+00,1.262105389381394893e+01
1.374145398298530329e+00,1.262400961467368177e+01
1.374161832946635631e+00,1.263411475718404731e+01
1.374178267594740710e+00,1.264422208791887492e+01
1.374194702242846011e+00,1.265102920626546101e+01
1.374211136890951312e+00,1.265508148573861646e+01
1.374227571539056170e+00,1.265913391654955333e+01
1.374244006187161471e+00,1.265586630975176874e+01
1.374260440835266550e+00,1.265025791535592603e+01
1.374276875483371851e+00,1.264465197511996308e+01
1.374293310131476931e+00,1.264285356582553987e+01
1.374309744779582232e+00,1.264115877447494896e+01
1.374326179427687311e+00,1.264072813371585546e+01
1.374342614075792612e+00,1.264593781417108076e+01
1.374359048723897914e+00,1.265114823490509188e+01
1.374375483372002993e+00,1.265786023344559652e+01
1.374391918020108294e+00,1.266686416341816113e+01
1.374408352668213151e+00,1.267587028895700740e+01
1.374424787316318453e+00,1.267794437866615986e+01
1.374441221964423532e+00,1.267555172161468846e+01
1.374457656612528833e+00,1.267315634885568443e+01
1.374474091260633912e+00,1.267312408616188613e+01
1.374490525908739214e+00,1.267360716875564641e+01
1.374506960556844515e+00,1.267429838158904509e+01
1.374523395204949594e+00,1.268113649640426210e+01
1.374539829853054895e+00,1.268797599395615272e+01
1.374556264501159975e+00,1.269494417312172274e+01
1.374572699149265276e+00,1.270230588799441307e+01
1.374589133797370133e+00,1.270966918308419658e+01
1.374605568445475434e+00,1.271463595798700474e+01
1.374622003093580513e+00,1.271675601799061894e+01
1.374638437741685815e+00,1.271887549948200835e+01
1.374654872389790894e+00,1.271897656114086672e+01
1.374671307037896195e+00,1.271807850756014169e+01
1.374687741686001274e+00,1.271717848230525760e+01
1.374704176334106576e+00,1.271855853030571382e+01
1.374720610982211877e+00,1.272024555160326642e+01
1.374737045630316956e+00,1.272159506185835198e+01
1.374753480278422257e+00,1.271965685145076108e+01
1.374769914926527115e+00,1.271771616800483962e+01
1.374786349574632416e+00,1.271675210813824286e+01
1.374802784222737495e+00,1.271802146512877840e+01
1.374819218870842796e+00,1.271928986867477818e+01
1.374835653518947876e+00,1.272146497279992339e+01
1.374852088167053177e+00,1.272449019835218742e+01
1.374868522815158478e+00,1.272751524691401315e+01
1.374884957463263557e+00,1.273198159435521326e+01
1.374901392111368859e+00,1.273698770907233069e+01
1.374917826759473938e+00,1.274199447451230682e+01
1.374934261407579239e+00,1.274077671681759405e+01
1.374950696055684096e+00,1.273915374272264245e+01
1.374967130703789397e+00,1.273971597117068733e+01
1.374983565351894477e+00,1.275261908117386334e+01
1.374999999999999778e+00,1.276552565317649446e+01
